{
  "WIFSOpmetNamCarAllDataVarFiveMinuteTAC" : {
    "transaction" : "WIFSOpmetNamCarAllDataVarFiveMinuteTAC",
    "sampleCount" : 16489,
    "errorCount" : 10,
    "errorPct" : 0.060646493,
    "meanResTime" : 373.8156346655353,
    "medianResTime" : 305.0,
    "minResTime" : 163.0,
    "maxResTime" : 30952.0,
    "pct1ResTime" : 501.0,
    "pct2ResTime" : 663.5,
    "pct3ResTime" : 1077.2000000000007,
    "throughput" : 4.583498958990624,
    "receivedKBytesPerSec" : 1.633527835621284,
    "sentKBytesPerSec" : 1.36967839985462
  },
  "WIFSGriddedHighResCubeFullTimeFullVertUSA" : {
    "transaction" : "WIFSGriddedHighResCubeFullTimeFullVertUSA",
    "sampleCount" : 5832,
    "errorCount" : 46,
    "errorPct" : 0.7887517,
    "meanResTime" : 5641.084533607676,
    "medianResTime" : 2805.5,
    "minResTime" : 828.0,
    "maxResTime" : 60008.0,
    "pct1ResTime" : 13549.8,
    "pct2ResTime" : 19513.0,
    "pct3ResTime" : 34908.72000000001,
    "throughput" : 1.6193981236973591,
    "receivedKBytesPerSec" : 0.46389062985062773,
    "sentKBytesPerSec" : 0.570901096342526
  },
  "WIFSOpmetEurNatAllDataVarOneMinuteIWXXM" : {
    "transaction" : "WIFSOpmetEurNatAllDataVarOneMinuteIWXXM",
    "sampleCount" : 16485,
    "errorCount" : 1,
    "errorPct" : 0.0060661207,
    "meanResTime" : 141.0344555656663,
    "medianResTime" : 104.0,
    "minResTime" : 56.0,
    "maxResTime" : 30592.0,
    "pct1ResTime" : 196.0,
    "pct2ResTime" : 334.0,
    "pct3ResTime" : 723.4199999999983,
    "throughput" : 4.583913563823871,
    "receivedKBytesPerSec" : 1.6428430195387056,
    "sentKBytesPerSec" : 1.3339904707221812
  },
  "WIFSGriddedHighResCubeFullTimeFullVertRoughlyGlobal" : {
    "transaction" : "WIFSGriddedHighResCubeFullTimeFullVertRoughlyGlobal",
    "sampleCount" : 5801,
    "errorCount" : 375,
    "errorPct" : 6.4644027,
    "meanResTime" : 13536.918807102224,
    "medianResTime" : 10142.0,
    "minResTime" : 2631.0,
    "maxResTime" : 60009.0,
    "pct1ResTime" : 29031.000000000022,
    "pct2ResTime" : 31252.899999999994,
    "pct3ResTime" : 40103.259999999966,
    "throughput" : 1.6122980458425167,
    "receivedKBytesPerSec" : 0.46284101477708267,
    "sentKBytesPerSec" : 0.5652490219311167
  },
  "WIFSGriddedLowResCubeFullTimeFullVertUSA" : {
    "transaction" : "WIFSGriddedLowResCubeFullTimeFullVertUSA",
    "sampleCount" : 5773,
    "errorCount" : 34,
    "errorPct" : 0.58894855,
    "meanResTime" : 4170.590853975385,
    "medianResTime" : 1471.0,
    "minResTime" : 77.0,
    "maxResTime" : 60009.0,
    "pct1ResTime" : 11129.6,
    "pct2ResTime" : 17243.5,
    "pct3ResTime" : 30555.06000000002,
    "throughput" : 1.6103544704561463,
    "receivedKBytesPerSec" : 0.4618463622844271,
    "sentKBytesPerSec" : 0.5456962902815261
  },
  "WIFSOpmetNamCarAllDataVarOneMinuteTAC" : {
    "transaction" : "WIFSOpmetNamCarAllDataVarOneMinuteTAC",
    "sampleCount" : 16490,
    "errorCount" : 3,
    "errorPct" : 0.018192844,
    "meanResTime" : 144.57077016373543,
    "medianResTime" : 104.0,
    "minResTime" : 56.0,
    "maxResTime" : 31244.0,
    "pct1ResTime" : 192.0,
    "pct2ResTime" : 327.4499999999989,
    "pct3ResTime" : 683.0,
    "throughput" : 4.583268595938318,
    "receivedKBytesPerSec" : 1.6336129499503733,
    "sentKBytesPerSec" : 1.36960956089563
  },
  "WIFSOpmetGlobalAllDataVarOneMinuteTAC" : {
    "transaction" : "WIFSOpmetGlobalAllDataVarOneMinuteTAC",
    "sampleCount" : 16494,
    "errorCount" : 1,
    "errorPct" : 0.006062811,
    "meanResTime" : 138.53461864920567,
    "medianResTime" : 103.0,
    "minResTime" : 56.0,
    "maxResTime" : 31091.0,
    "pct1ResTime" : 190.0,
    "pct2ResTime" : 310.0,
    "pct3ResTime" : 674.0,
    "throughput" : 4.581660303249579,
    "receivedKBytesPerSec" : 1.6286134606931102,
    "sentKBytesPerSec" : 1.364654680167111
  },
  "WIFSOpmetGlobalAllDataVarFiveMinuteTAC" : {
    "transaction" : "WIFSOpmetGlobalAllDataVarFiveMinuteTAC",
    "sampleCount" : 16493,
    "errorCount" : 9,
    "errorPct" : 0.054568604,
    "meanResTime" : 368.3024313345066,
    "medianResTime" : 305.0,
    "minResTime" : 162.0,
    "maxResTime" : 31395.0,
    "pct1ResTime" : 503.0,
    "pct2ResTime" : 652.0,
    "pct3ResTime" : 1066.119999999999,
    "throughput" : 4.582234056503755,
    "receivedKBytesPerSec" : 1.6286285707454098,
    "sentKBytesPerSec" : 1.364825573470357
  },
  "WIFSGriddedHighResCubeFullTimeFullVertNorthAmerica" : {
    "transaction" : "WIFSGriddedHighResCubeFullTimeFullVertNorthAmerica",
    "sampleCount" : 5828,
    "errorCount" : 83,
    "errorPct" : 1.4241593,
    "meanResTime" : 6405.21928620452,
    "medianResTime" : 3652.5,
    "minResTime" : 1247.0,
    "maxResTime" : 60010.0,
    "pct1ResTime" : 14409.1,
    "pct2ResTime" : 20751.050000000003,
    "pct3ResTime" : 35287.18000000002,
    "throughput" : 1.6177712785639475,
    "receivedKBytesPerSec" : 0.46459711808120335,
    "sentKBytesPerSec" : 0.571907424648583
  },
  "WIFSOpmetGlobalAllDataVarOneMinuteIWXXM" : {
    "transaction" : "WIFSOpmetGlobalAllDataVarOneMinuteIWXXM",
    "sampleCount" : 16493,
    "errorCount" : 0,
    "errorPct" : 0.0,
    "meanResTime" : 140.8684290304982,
    "medianResTime" : 105.0,
    "minResTime" : 54.0,
    "maxResTime" : 12452.0,
    "pct1ResTime" : 202.0,
    "pct2ResTime" : 351.0,
    "pct3ResTime" : 723.0599999999995,
    "throughput" : 4.582212414286678,
    "receivedKBytesPerSec" : 1.6377829527626215,
    "sentKBytesPerSec" : 1.3290205928155698
  },
  "WIFSOpmetEurNatAllDataVarOneMinuteTAC" : {
    "transaction" : "WIFSOpmetEurNatAllDataVarOneMinuteTAC",
    "sampleCount" : 16486,
    "errorCount" : 1,
    "errorPct" : 0.006065753,
    "meanResTime" : 137.2465121921634,
    "medianResTime" : 105.0,
    "minResTime" : 55.0,
    "maxResTime" : 30201.0,
    "pct1ResTime" : 194.0,
    "pct2ResTime" : 322.64999999999964,
    "pct3ResTime" : 671.1299999999992,
    "throughput" : 4.583723859970378,
    "receivedKBytesPerSec" : 1.6338229898455197,
    "sentKBytesPerSec" : 1.3697456065927105
  },
  "WIFSGriddedLowResItemGlobal" : {
    "transaction" : "WIFSGriddedLowResItemGlobal",
    "sampleCount" : 5832,
    "errorCount" : 0,
    "errorPct" : 0.0,
    "meanResTime" : 161.89711934156395,
    "medianResTime" : 115.0,
    "minResTime" : 53.0,
    "maxResTime" : 25432.0,
    "pct1ResTime" : 225.69999999999982,
    "pct2ResTime" : 446.04999999999836,
    "pct3ResTime" : 1073.0600000000013,
    "throughput" : 1.6212199680259396,
    "receivedKBytesPerSec" : 25.96946498246875,
    "sentKBytesPerSec" : 0.35780831325572493
  },
  "WIFSOpmetNamCarAllDataVarFiveMinuteIWXXM" : {
    "transaction" : "WIFSOpmetNamCarAllDataVarFiveMinuteIWXXM",
    "sampleCount" : 16489,
    "errorCount" : 4,
    "errorPct" : 0.024258597,
    "meanResTime" : 356.12432530777875,
    "medianResTime" : 304.0,
    "minResTime" : 166.0,
    "maxResTime" : 33902.0,
    "pct1ResTime" : 488.0,
    "pct2ResTime" : 634.0,
    "pct3ResTime" : 1029.1000000000004,
    "throughput" : 4.583529537343994,
    "receivedKBytesPerSec" : 1.642698606525296,
    "sentKBytesPerSec" : 1.3338787130161232
  },
  "WIFSOpmetEurNatAllDataVarFiveMinuteTAC" : {
    "transaction" : "WIFSOpmetEurNatAllDataVarFiveMinuteTAC",
    "sampleCount" : 16485,
    "errorCount" : 4,
    "errorPct" : 0.024264483,
    "meanResTime" : 365.3929026387623,
    "medianResTime" : 305.0,
    "minResTime" : 167.0,
    "maxResTime" : 30915.0,
    "pct1ResTime" : 496.0,
    "pct2ResTime" : 654.0,
    "pct3ResTime" : 1048.4199999999983,
    "throughput" : 4.583628064649592,
    "receivedKBytesPerSec" : 1.6337171587463186,
    "sentKBytesPerSec" : 1.3697169802566165
  },
  "WIFSGriddedLowResCubeFullTimeFullVertRoughlyGlobal" : {
    "transaction" : "WIFSGriddedLowResCubeFullTimeFullVertRoughlyGlobal",
    "sampleCount" : 5756,
    "errorCount" : 18,
    "errorPct" : 0.31271717,
    "meanResTime" : 3909.300208478118,
    "medianResTime" : 1681.0,
    "minResTime" : 824.0,
    "maxResTime" : 60013.0,