{
  "WIFSOpmetNamCarAllDataVarFiveMinuteTAC" : {
    "transaction" : "WIFSOpmetNamCarAllDataVarFiveMinuteTAC",
    "sampleCount" : 2962,
    "errorCount" : 2,
    "errorPct" : 0.067521945,
    "meanResTime" : 2080.644834571237,
    "medianResTime" : 1676.0,
    "minResTime" : 328.0,
    "maxResTime" : 60000.0,
    "pct1ResTime" : 2530.0,
    "pct2ResTime" : 4177.099999999996,
    "pct3ResTime" : 10903.719999999961,
    "throughput" : 0.8231886861302712,
    "receivedKBytesPerSec" : 0.29337805261751493,
    "sentKBytesPerSec" : 0.24599193159752245
  },
  "WIFSGriddedHighResCubeFullTimeFullVertUSA" : {
    "transaction" : "WIFSGriddedHighResCubeFullTimeFullVertUSA",
    "sampleCount" : 2712,
    "errorCount" : 384,
    "errorPct" : 14.159292,
    "meanResTime" : 9663.566740412987,
    "medianResTime" : 5566.5,
    "minResTime" : 1711.0,
    "maxResTime" : 60002.0,
    "pct1ResTime" : 30254.0,
    "pct2ResTime" : 30667.0,
    "pct3ResTime" : 60000.0,
    "throughput" : 0.74154787180956,
    "receivedKBytesPerSec" : 0.22118895030098037,
    "sentKBytesPerSec" : 0.26142459152661246
  },
  "WIFSOpmetEurNatAllDataVarOneMinuteIWXXM" : {
    "transaction" : "WIFSOpmetEurNatAllDataVarOneMinuteIWXXM",
    "sampleCount" : 2956,
    "errorCount" : 0,
    "errorPct" : 0.0,
    "meanResTime" : 694.1789580514189,
    "medianResTime" : 578.0,
    "minResTime" : 106.0,
    "maxResTime" : 11994.0,
    "pct1ResTime" : 742.3000000000002,
    "pct2ResTime" : 1092.15,
    "pct3ResTime" : 3993.589999999998,
    "throughput" : 0.8226313796023597,
    "receivedKBytesPerSec" : 0.29482980108795503,
    "sentKBytesPerSec" : 0.2393985850795929
  },
  "WIFSGriddedHighResCubeFullTimeFullVertRoughlyGlobal" : {
    "transaction" : "WIFSGriddedHighResCubeFullTimeFullVertRoughlyGlobal",
    "sampleCount" : 2670,
    "errorCount" : 985,
    "errorPct" : 36.891384,
    "meanResTime" : 22839.53558052437,
    "medianResTime" : 24120.0,
    "minResTime" : 2.0,
    "maxResTime" : 60003.0,
    "pct1ResTime" : 31093.9,
    "pct2ResTime" : 31549.45,
    "pct3ResTime" : 32038.29,
    "throughput" : 0.7330394037506909,
    "receivedKBytesPerSec" : 0.2224379715166146,
    "sentKBytesPerSec" : 0.25699330658837694
  },
  "WIFSGriddedLowResCubeFullTimeFullVertUSA" : {
    "transaction" : "WIFSGriddedLowResCubeFullTimeFullVertUSA",
    "sampleCount" : 2668,
    "errorCount" : 369,
    "errorPct" : 13.830585,
    "meanResTime" : 11332.064467766106,
    "medianResTime" : 7602.0,
    "minResTime" : 2.0,
    "maxResTime" : 60003.0,
    "pct1ResTime" : 30159.0,
    "pct2ResTime" : 30563.55,
    "pct3ResTime" : 30996.0,
    "throughput" : 0.7338672299950351,
    "receivedKBytesPerSec" : 0.22204515420357665,
    "sentKBytesPerSec" : 0.2486835242268332
  },
  "WIFSOpmetNamCarAllDataVarOneMinuteTAC" : {
    "transaction" : "WIFSOpmetNamCarAllDataVarOneMinuteTAC",
    "sampleCount" : 2962,
    "errorCount" : 0,
    "errorPct" : 0.0,
    "meanResTime" : 690.7781904118834,
    "medianResTime" : 579.0,
    "minResTime" : 108.0,
    "maxResTime" : 16642.0,
    "pct1ResTime" : 759.3000000000025,
    "pct2ResTime" : 1144.85,
    "pct3ResTime" : 3533.7999999999847,
    "throughput" : 0.8236561155076205,
    "receivedKBytesPerSec" : 0.2935883614846499,
    "sentKBytesPerSec" : 0.24613161264192565
  },
  "WIFSOpmetGlobalAllDataVarOneMinuteTAC" : {
    "transaction" : "WIFSOpmetGlobalAllDataVarOneMinuteTAC",
    "sampleCount" : 2968,
    "errorCount" : 0,
    "errorPct" : 0.0,
    "meanResTime" : 704.3042452830184,
    "medianResTime" : 577.0,
    "minResTime" : 113.0,
    "maxResTime" : 16656.0,
    "pct1ResTime" : 720.0,
    "pct2ResTime" : 1126.5499999999997,
    "pct3ResTime" : 3959.0999999999995,
    "throughput" : 0.8243418596796843,
    "receivedKBytesPerSec" : 0.2930277704330128,
    "sentKBytesPerSec" : 0.24553151093974973
  },
  "WIFSOpmetGlobalAllDataVarFiveMinuteTAC" : {
    "transaction" : "WIFSOpmetGlobalAllDataVarFiveMinuteTAC",
    "sampleCount" : 2966,
    "errorCount" : 1,
    "errorPct" : 0.03371544,
    "meanResTime" : 2071.4935940660785,
    "medianResTime" : 1664.0,
    "minResTime" : 328.0,
    "maxResTime" : 60002.0,
    "pct1ResTime" : 2512.7000000000035,
    "pct2ResTime" : 4077.0500000000034,
    "pct3ResTime" : 11494.55999999999,
    "throughput" : 0.824187427890547,
    "receivedKBytesPerSec" : 0.2929533364307516,
    "sentKBytesPerSec" : 0.24548551319005552
  },
  "WIFSGriddedHighResCubeFullTimeFullVertNorthAmerica" : {
    "transaction" : "WIFSGriddedHighResCubeFullTimeFullVertNorthAmerica",
    "sampleCount" : 2687,
    "errorCount" : 365,
    "errorPct" : 13.583922,
    "meanResTime" : 11487.28395980648,
    "medianResTime" : 7826.0,
    "minResTime" : 705.0,
    "maxResTime" : 60004.0,
    "pct1ResTime" : 30222.2,
    "pct2ResTime" : 30620.0,
    "pct3ResTime" : 30987.84,
    "throughput" : 0.7351557096455056,
    "receivedKBytesPerSec" : 0.22214437099043285,
    "sentKBytesPerSec" : 0.2598890301676494
  },
  "WIFSOpmetGlobalAllDataVarOneMinuteIWXXM" : {
    "transaction" : "WIFSOpmetGlobalAllDataVarOneMinuteIWXXM",
    "sampleCount" : 2966,
    "errorCount" : 0,
    "errorPct" : 0.0,
    "meanResTime" : 714.6962238705337,
    "medianResTime" : 577.0,
    "minResTime" : 100.0,
    "maxResTime" : 20236.0,
    "pct1ResTime" : 745.3000000000002,
    "pct2ResTime" : 1110.8500000000008,
    "pct3ResTime" : 4683.32,
    "throughput" : 0.8248546562155413,
    "receivedKBytesPerSec" : 0.2948210978270392,
    "sentKBytesPerSec" : 0.2392400711875154
  },
  "WIFSOpmetEurNatAllDataVarOneMinuteTAC" : {
    "transaction" : "WIFSOpmetEurNatAllDataVarOneMinuteTAC",
    "sampleCount" : 2957,
    "errorCount" : 0,
    "errorPct" : 0.0,
    "meanResTime" : 710.2340209671966,
    "medianResTime" : 578.0,
    "minResTime" : 104.0,
    "maxResTime" : 21605.0,
    "pct1ResTime" : 772.4000000000005,
    "pct2ResTime" : 1143.1999999999998,
    "pct3ResTime" : 3781.8400000000074,
    "throughput" : 0.8220940629072938,
    "receivedKBytesPerSec" : 0.29303157515738504,
    "sentKBytesPerSec" : 0.24566482739221868
  },
  "WIFSGriddedLowResItemGlobal" : {
    "transaction" : "WIFSGriddedLowResItemGlobal",
    "sampleCount" : 2712,
    "errorCount" : 3,
    "errorPct" : 0.11061947,
    "meanResTime" : 1096.6474926253645,
    "medianResTime" : 454.0,
    "minResTime" : 119.0,
    "maxResTime" : 8402.0,
    "pct1ResTime" : 3059.4000000000005,
    "pct2ResTime" : 4096.049999999997,
    "pct3ResTime" : 5940.61,
    "throughput" : 0.7537654922155369,
    "receivedKBytesPerSec" : 12.173620981498141,
    "sentKBytesPerSec" : 0.16635839964913215
  },
  "WIFSOpmetNamCarAllDataVarFiveMinuteIWXXM" : {
    "transaction" : "WIFSOpmetNamCarAllDataVarFiveMinuteIWXXM",
    "sampleCount" : 2961,
    "errorCount" : 1,
    "errorPct" : 0.033772375,
    "meanResTime" : 2089.115501519758,
    "medianResTime" : 1677.0,
    "minResTime" : 331.0,
    "maxResTime" : 60002.0,
    "pct1ResTime" : 2574.6000000000004,
    "pct2ResTime" : 4243.100000000002,
    "pct3ResTime" : 11870.760000000011,
    "throughput" : 0.8229091687255607,
    "receivedKBytesPerSec" : 0.2949090051025371,
    "sentKBytesPerSec" : 0.23947942605489952
  },
  "WIFSOpmetEurNatAllDataVarFiveMinuteTAC" : {
    "transaction" : "WIFSOpmetEurNatAllDataVarFiveMinuteTAC",
    "sampleCount" : 2956,
    "errorCount" : 1,
    "errorPct" : 0.0338295,
    "meanResTime" : 2092.9878213802494,
    "medianResTime" : 1667.0,
    "minResTime" : 323.0,
    "maxResTime" : 60001.0,
    "pct1ResTime" : 2498.800000000001,
    "pct2ResTime" : 3948.7000000000016,
    "pct3ResTime" : 12263.629999999994,
    "throughput" : 0.8219638986559666,
    "receivedKBytesPerSec" : 0.2929653556363338,
    "sentKBytesPerSec" : 0.24562593065305255
  },
  "WIFSGriddedLowResCubeFullTimeFullVertRoughlyGlobal" : {
    "transaction" : "WIFSGriddedLowResCubeFullTimeFullVertRoughlyGlobal",
    "sampleCount" : 2644,
    "errorCount" : 354,
    "errorPct" : 13.388804,
    "meanResTime" : 12043.833585476536,