{
  "WIFSOpmetNamCarAllDataVarFiveMinuteTAC" : {
    "transaction" : "WIFSOpmetNamCarAllDataVarFiveMinuteTAC",
    "sampleCount" : 1552,
    "errorCount" : 2,
    "errorPct" : 0.12886597,
    "meanResTime" : 3063.2847938144355,
    "medianResTime" : 2881.5,
    "minResTime" : 158.0,
    "maxResTime" : 90008.0,
    "pct1ResTime" : 4904.0,
    "pct2ResTime" : 5092.099999999999,
    "pct3ResTime" : 5859.810000000003,
    "throughput" : 0.4315096582260004,
    "receivedKBytesPerSec" : 7.337732615019427,
    "sentKBytesPerSec" : 0.1285258259364552
  },
  "WIFSOpmetEurNatAllDataVarOneMinuteIWXXM" : {
    "transaction" : "WIFSOpmetEurNatAllDataVarOneMinuteIWXXM",
    "sampleCount" : 1547,
    "errorCount" : 2,
    "errorPct" : 0.12928249,
    "meanResTime" : 2727.1105365222984,
    "medianResTime" : 2658.0,
    "minResTime" : 58.0,
    "maxResTime" : 90013.0,
    "pct1ResTime" : 4675.6,
    "pct2ResTime" : 4835.2,
    "pct3ResTime" : 5455.16,
    "throughput" : 0.4301980690864173,
    "receivedKBytesPerSec" : 0.15414158061430727,
    "sentKBytesPerSec" : 0.12477424464713469
  },
  "WIFSOpmetNamCarAllDataVarOneMinuteTAC" : {
    "transaction" : "WIFSOpmetNamCarAllDataVarOneMinuteTAC",
    "sampleCount" : 1552,
    "errorCount" : 1,
    "errorPct" : 0.064432986,
    "meanResTime" : 2538.0393041237076,
    "medianResTime" : 2612.5,
    "minResTime" : 51.0,
    "maxResTime" : 90007.0,
    "pct1ResTime" : 4656.1,
    "pct2ResTime" : 4822.449999999999,
    "pct3ResTime" : 5472.750000000001,
    "throughput" : 0.4315742142193137,
    "receivedKBytesPerSec" : 1.764855485031577,
    "sentKBytesPerSec" : 0.1285450540399323
  },
  "WIFSOpmetGlobalAllDataVarOneMinuteTAC" : {
    "transaction" : "WIFSOpmetGlobalAllDataVarOneMinuteTAC",
    "sampleCount" : 1553,
    "errorCount" : 2,
    "errorPct" : 0.128783,
    "meanResTime" : 2530.4198325821026,
    "medianResTime" : 2566.0,
    "minResTime" : 47.0,
    "maxResTime" : 90001.0,
    "pct1ResTime" : 4615.200000000001,
    "pct2ResTime" : 4781.799999999999,
    "pct3ResTime" : 5132.76,
    "throughput" : 0.4317939355890234,
    "receivedKBytesPerSec" : 4.774938684670314,
    "sentKBytesPerSec" : 0.1281888246279913
  },
  "WIFSOpmetGlobalAllDataVarFiveMinuteTAC" : {
    "transaction" : "WIFSOpmetGlobalAllDataVarFiveMinuteTAC",
    "sampleCount" : 1552,
    "errorCount" : 0,
    "errorPct" : 0.0,
    "meanResTime" : 2696.284149484541,
    "medianResTime" : 2857.0,
    "minResTime" : 179.0,
    "maxResTime" : 80357.0,
    "pct1ResTime" : 4877.7,
    "pct2ResTime" : 5054.799999999999,
    "pct3ResTime" : 5620.6100000000015,
    "throughput" : 0.4318113652083573,
    "receivedKBytesPerSec" : 21.63906270084654,
    "sentKBytesPerSec" : 0.12819399904623108
  },
  "WIFSOpmetGlobalAllDataVarOneMinuteIWXXM" : {
    "transaction" : "WIFSOpmetGlobalAllDataVarOneMinuteIWXXM",
    "sampleCount" : 1553,
    "errorCount" : 1,
    "errorPct" : 0.0643915,
    "meanResTime" : 2574.7256922086344,
    "medianResTime" : 2662.0,
    "minResTime" : 55.0,
    "maxResTime" : 90002.0,
    "pct1ResTime" : 4662.6,
    "pct2ResTime" : 4825.2,
    "pct3ResTime" : 5947.040000000001,
    "throughput" : 0.4314369461709485,
    "receivedKBytesPerSec" : 7.701575100795949,
    "sentKBytesPerSec" : 0.1247122422525398
  },
  "WIFSOpmetEurNatAllDataVarOneMinuteTAC" : {
    "transaction" : "WIFSOpmetEurNatAllDataVarOneMinuteTAC",
    "sampleCount" : 1550,
    "errorCount" : 1,
    "errorPct" : 0.06451613,
    "meanResTime" : 2812.364516129036,
    "medianResTime" : 2586.5,
    "minResTime" : 52.0,
    "maxResTime" : 90009.0,
    "pct1ResTime" : 4638.9,
    "pct2ResTime" : 4815.049999999998,
    "pct3ResTime" : 25466.14000000002,
    "throughput" : 0.4254155898620446,
    "receivedKBytesPerSec" : 3.1201325401997146,
    "sentKBytesPerSec" : 0.12671069815226912
  },
  "WIFSGriddedLowResItemGlobal" : {
    "transaction" : "WIFSGriddedLowResItemGlobal",
    "sampleCount" : 75300,
    "errorCount" : 60,
    "errorPct" : 0.07968128,
    "meanResTime" : 2820.472815405013,
    "medianResTime" : 2644.0,
    "minResTime" : 45.0,
    "maxResTime" : 90028.0,
    "pct1ResTime" : 4470.0,
    "pct2ResTime" : 4743.0,
    "pct3ResTime" : 16588.960000000006,
    "throughput" : 20.67986497943136,
    "receivedKBytesPerSec" : 330.26240267092265,
    "sentKBytesPerSec" : 5.149771064213865
  },
  "WIFSOpmetNamCarAllDataVarFiveMinuteIWXXM" : {
    "transaction" : "WIFSOpmetNamCarAllDataVarFiveMinuteIWXXM",
    "sampleCount" : 1552,
    "errorCount" : 1,
    "errorPct" : 0.064432986,
    "meanResTime" : 2697.7500000000023,
    "medianResTime" : 2815.0,
    "minResTime" : 191.0,
    "maxResTime" : 90004.0,
    "pct1ResTime" : 4897.0,
    "pct2ResTime" : 5033.049999999999,
    "pct3ResTime" : 5880.820000000005,
    "throughput" : 0.43145003908626,
    "receivedKBytesPerSec" : 25.431650608971438,
    "sentKBytesPerSec" : 0.1251373648521672
  },
  "WIFSOpmetEurNatAllDataVarFiveMinuteTAC" : {
    "transaction" : "WIFSOpmetEurNatAllDataVarFiveMinuteTAC",
    "sampleCount" : 1543,
    "errorCount" : 2,
    "errorPct" : 0.12961763,
    "meanResTime" : 2880.9034348671407,
    "medianResTime" : 2826.0,
    "minResTime" : 175.0,
    "maxResTime" : 90012.0,
    "pct1ResTime" : 4896.400000000001,
    "pct2ResTime" : 5085.0,
    "pct3ResTime" : 6753.159999999968,
    "throughput" : 0.42414778045363194,
    "receivedKBytesPerSec" : 11.75086485309588,
    "sentKBytesPerSec" : 0.12633307913902125
  },
  "WIFSOpmetGlobalAllDataVarFiveMinuteIWXXM" : {
    "transaction" : "WIFSOpmetGlobalAllDataVarFiveMinuteIWXXM",
    "sampleCount" : 1552,
    "errorCount" : 1,
    "errorPct" : 0.064432986,
    "meanResTime" : 2798.7487113402053,
    "medianResTime" : 2819.0,
    "minResTime" : 185.0,
    "maxResTime" : 90009.0,
    "pct1ResTime" : 4910.0,
    "pct2ResTime" : 5049.7,
    "pct3ResTime" : 5767.040000000001,
    "throughput" : 0.4318691614531173,
    "receivedKBytesPerSec" : 25.455934134370164,
    "sentKBytesPerSec" : 0.12483717948254172
  },
  "Total" : {
    "transaction" : "Total",
    "sampleCount" : 244680,
    "errorCount" : 213,
    "errorPct" : 0.08705248,
    "meanResTime" : 2737.2716241621833,
    "medianResTime" : 2312.0,
    "minResTime" : 26.0,
    "maxResTime" : 90045.0,
    "pct1ResTime" : 4445.9000000000015,
    "pct2ResTime" : 4687.0,
    "pct3ResTime" : 58283.19000000013,
    "throughput" : 67.03591029440129,
    "receivedKBytesPerSec" : 1931.27560413621,
    "sentKBytesPerSec" : 17.102283605472653
  },
  "WIFSOpmetNamCarAllDataVarOneMinuteIWXXM" : {
    "transaction" : "WIFSOpmetNamCarAllDataVarOneMinuteIWXXM",
    "sampleCount" : 1552,
    "errorCount" : 2,
    "errorPct" : 0.12886597,
    "meanResTime" : 2494.8730670103128,
    "medianResTime" : 2651.0,
    "minResTime" : 57.0,
    "maxResTime" : 90007.0,
    "pct1ResTime" : 4646.0,
    "pct2ResTime" : 4833.35,
    "pct3ResTime" : 5264.82,
    "throughput" : 0.43165151482703484,
    "receivedKBytesPerSec" : 7.700934544998419,
    "sentKBytesPerSec" : 0.12519580068713804
  },
  "WIFSGriddedHighResItemGlobal" : {
    "transaction" : "WIFSGriddedHighResItemGlobal",
    "sampleCount" : 75417,
    "errorCount" : 60,
    "errorPct" : 0.07955766,
    "meanResTime" : 2599.440338385215,
    "medianResTime" : 2540.0,
    "minResTime" : 27.0,
    "maxResTime" : 90045.0,
    "pct1ResTime" : 4364.9000000000015,
    "pct2ResTime" : 4664.0,
    "pct3ResTime" : 13426.700000000048,
    "throughput" : 20.730830709348623,
    "receivedKBytesPerSec" : 1183.3408941295186,
    "sentKBytesPerSec" : 5.243442532930951
  },
  "WIFSGriddedHighResItemSector" : {
    "transaction" : "WIFSGriddedHighResItemSector",
    "sampleCount" : 75365,
    "errorCount" : 76,
    "errorPct" : 0.100842565,
    "meanResTime" : 2797.7095866781906,
    "medianResTime" : 2616.0,
    "minResTime" : 26.0,
    "maxResTime" : 90033.0,
    "pct1ResTime" : 4426.0,
    "pct2ResTime" : 4691.0,
    "pct3ResTime" : 16527.94000000001,
    "throughput" : 20.718102945866,