{
  "WIFSOpmetNamCarAllDataVarFiveMinuteTAC" : {
    "transaction" : "WIFSOpmetNamCarAllDataVarFiveMinuteTAC",
    "sampleCount" : 28610,
    "errorCount" : 3,
    "errorPct" : 0.010485844,
    "meanResTime" : 216.03194687172368,
    "medianResTime" : 153.0,
    "minResTime" : 92.0,
    "maxResTime" : 60002.0,
    "pct1ResTime" : 269.0,
    "pct2ResTime" : 672.0,
    "pct3ResTime" : 803.0,
    "throughput" : 7.950736005829243,
    "receivedKBytesPerSec" : 2.833943146384277,
    "sentKBytesPerSec" : 2.3681391423612492
  },
  "WIFSGriddedHighResCubeFullTimeFullVertUSA" : {
    "transaction" : "WIFSGriddedHighResCubeFullTimeFullVertUSA",
    "sampleCount" : 1743,
    "errorCount" : 1005,
    "errorPct" : 57.659206,
    "meanResTime" : 20270.86288009182,
    "medianResTime" : 14070.0,
    "minResTime" : 3.0,
    "maxResTime" : 60003.0,
    "pct1ResTime" : 52859.4,
    "pct2ResTime" : 57936.99999999999,
    "pct3ResTime" : 60002.0,
    "throughput" : 0.4770032700585622,
    "receivedKBytesPerSec" : 0.18307104311009414,
    "sentKBytesPerSec" : 0.16769646212996328
  },
  "WIFSOpmetEurNatAllDataVarOneMinuteIWXXM" : {
    "transaction" : "WIFSOpmetEurNatAllDataVarOneMinuteIWXXM",
    "sampleCount" : 28608,
    "errorCount" : 0,
    "errorPct" : 0.0,
    "meanResTime" : 73.01747762863522,
    "medianResTime" : 54.0,
    "minResTime" : 34.0,
    "maxResTime" : 3421.0,
    "pct1ResTime" : 91.0,
    "pct2ResTime" : 194.95000000000073,
    "pct3ResTime" : 260.0,
    "throughput" : 7.951238628878272,
    "receivedKBytesPerSec" : 2.849711500779615,
    "sentKBytesPerSec" : 2.3061697976336393
  },
  "WIFSGriddedHighResCubeFullTimeFullVertRoughlyGlobal" : {
    "transaction" : "WIFSGriddedHighResCubeFullTimeFullVertRoughlyGlobal",
    "sampleCount" : 1709,
    "errorCount" : 1002,
    "errorPct" : 58.63078,
    "meanResTime" : 23812.22995904038,
    "medianResTime" : 19720.0,
    "minResTime" : 3.0,
    "maxResTime" : 60005.0,
    "pct1ResTime" : 55061.0,
    "pct2ResTime" : 60001.0,
    "pct3ResTime" : 60003.0,
    "throughput" : 0.4690497173488289,
    "receivedKBytesPerSec" : 0.17872346208505638,
    "sentKBytesPerSec" : 0.16398417852625075
  },
  "WIFSGriddedLowResCubeFullTimeFullVertUSA" : {
    "transaction" : "WIFSGriddedLowResCubeFullTimeFullVertUSA",
    "sampleCount" : 1698,
    "errorCount" : 991,
    "errorPct" : 58.36278,
    "meanResTime" : 21006.955830388673,
    "medianResTime" : 14192.0,
    "minResTime" : 3.0,
    "maxResTime" : 60004.0,
    "pct1ResTime" : 54639.1,
    "pct2ResTime" : 58750.3,
    "pct3ResTime" : 60002.0,
    "throughput" : 0.4658479667574402,
    "receivedKBytesPerSec" : 0.17872439302245893,
    "sentKBytesPerSec" : 0.1574056606426507
  },
  "WIFSOpmetNamCarAllDataVarOneMinuteTAC" : {
    "transaction" : "WIFSOpmetNamCarAllDataVarOneMinuteTAC",
    "sampleCount" : 28612,
    "errorCount" : 1,
    "errorPct" : 0.003495037,
    "meanResTime" : 75.44156298056733,
    "medianResTime" : 54.0,
    "minResTime" : 33.0,
    "maxResTime" : 60001.0,
    "pct1ResTime" : 93.0,
    "pct2ResTime" : 222.0,
    "pct3ResTime" : 267.0,
    "throughput" : 7.950929437863286,
    "receivedKBytesPerSec" : 2.8340517177746567,
    "sentKBytesPerSec" : 2.3681967563948265
  },
  "WIFSOpmetGlobalAllDataVarOneMinuteTAC" : {
    "transaction" : "WIFSOpmetGlobalAllDataVarOneMinuteTAC",
    "sampleCount" : 28617,
    "errorCount" : 0,
    "errorPct" : 0.0,
    "meanResTime" : 72.63147779292119,
    "medianResTime" : 54.0,
    "minResTime" : 33.0,
    "maxResTime" : 6401.0,
    "pct1ResTime" : 91.0,
    "pct2ResTime" : 177.0,
    "pct3ResTime" : 256.0,
    "throughput" : 7.949385274761722,
    "receivedKBytesPerSec" : 2.825758046887956,
    "sentKBytesPerSec" : 2.3599737534448866
  },
  "WIFSOpmetGlobalAllDataVarFiveMinuteTAC" : {
    "transaction" : "WIFSOpmetGlobalAllDataVarFiveMinuteTAC",
    "sampleCount" : 28614,
    "errorCount" : 3,
    "errorPct" : 0.010484378,
    "meanResTime" : 215.36552037464128,
    "medianResTime" : 153.0,
    "minResTime" : 93.0,
    "maxResTime" : 60002.0,
    "pct1ResTime" : 267.0,
    "pct2ResTime" : 669.0,
    "pct3ResTime" : 800.0,
    "throughput" : 7.949693614240659,
    "receivedKBytesPerSec" : 2.8258090481593516,
    "sentKBytesPerSec" : 2.3600652917276954
  },
  "WIFSGriddedHighResCubeFullTimeFullVertNorthAmerica" : {
    "transaction" : "WIFSGriddedHighResCubeFullTimeFullVertNorthAmerica",
    "sampleCount" : 1732,
    "errorCount" : 1010,
    "errorPct" : 58.314087,
    "meanResTime" : 21143.99076212468,
    "medianResTime" : 15019.5,
    "minResTime" : 3.0,
    "maxResTime" : 60004.0,
    "pct1ResTime" : 55872.7,
    "pct2ResTime" : 59360.6,
    "pct3ResTime" : 60002.0,
    "throughput" : 0.4742636659540846,
    "receivedKBytesPerSec" : 0.18167626440760717,
    "sentKBytesPerSec" : 0.16719646817326617
  },
  "WIFSOpmetGlobalAllDataVarOneMinuteIWXXM" : {
    "transaction" : "WIFSOpmetGlobalAllDataVarOneMinuteIWXXM",
    "sampleCount" : 28617,
    "errorCount" : 0,
    "errorPct" : 0.0,
    "meanResTime" : 73.23321801726186,
    "medianResTime" : 54.0,
    "minResTime" : 33.0,
    "maxResTime" : 10950.0,
    "pct1ResTime" : 92.0,
    "pct2ResTime" : 216.0,
    "pct3ResTime" : 258.9900000000016,
    "throughput" : 7.9500941776540595,
    "receivedKBytesPerSec" : 2.841537567403697,
    "sentKBytesPerSec" : 2.2980740982281267
  },
  "WIFSOpmetEurNatAllDataVarOneMinuteTAC" : {
    "transaction" : "WIFSOpmetEurNatAllDataVarOneMinuteTAC",
    "sampleCount" : 28608,
    "errorCount" : 0,
    "errorPct" : 0.0,
    "meanResTime" : 72.5799077181211,
    "medianResTime" : 54.0,
    "minResTime" : 33.0,
    "maxResTime" : 9574.0,
    "pct1ResTime" : 92.0,
    "pct2ResTime" : 217.0,
    "pct3ResTime" : 259.0,
    "throughput" : 7.951152441835935,
    "receivedKBytesPerSec" : 2.834151016865348,
    "sentKBytesPerSec" : 2.368263178476524
  },
  "WIFSGriddedLowResItemGlobal" : {
    "transaction" : "WIFSGriddedLowResItemGlobal",
    "sampleCount" : 1743,
    "errorCount" : 0,
    "errorPct" : 0.0,
    "meanResTime" : 120.47332185886422,
    "medianResTime" : 124.0,
    "minResTime" : 49.0,
    "maxResTime" : 2020.0,
    "pct1ResTime" : 162.0,
    "pct2ResTime" : 180.0,
    "pct3ResTime" : 492.75999999999885,
    "throughput" : 0.4843947358547983,
    "receivedKBytesPerSec" : 7.810982358360395,
    "sentKBytesPerSec" : 0.10643439020247034
  },
  "WIFSOpmetNamCarAllDataVarFiveMinuteIWXXM" : {
    "transaction" : "WIFSOpmetNamCarAllDataVarFiveMinuteIWXXM",
    "sampleCount" : 28609,
    "errorCount" : 4,
    "errorPct" : 0.013981614,
    "meanResTime" : 219.393128036633,
    "medianResTime" : 153.0,
    "minResTime" : 93.0,
    "maxResTime" : 60002.0,
    "pct1ResTime" : 266.0,
    "pct2ResTime" : 658.0,
    "pct3ResTime" : 795.0,
    "throughput" : 7.950325541223226,
    "receivedKBytesPerSec" : 2.849302836758494,
    "sentKBytesPerSec" : 2.3059049665461893
  },
  "WIFSOpmetEurNatAllDataVarFiveMinuteTAC" : {
    "transaction" : "WIFSOpmetEurNatAllDataVarFiveMinuteTAC",
    "sampleCount" : 28606,
    "errorCount" : 3,
    "errorPct" : 0.010487311,
    "meanResTime" : 215.76469971334677,
    "medianResTime" : 153.0,
    "minResTime" : 93.0,
    "maxResTime" : 60002.0,
    "pct1ResTime" : 266.0,
    "pct2ResTime" : 667.0,
    "pct3ResTime" : 809.0,
    "throughput" : 7.950523651737826,
    "receivedKBytesPerSec" : 2.8338674470407463,
    "sentKBytesPerSec" : 2.368075892363317
  },
  "WIFSGriddedLowResCubeFullTimeFullVertRoughlyGlobal" : {
    "transaction" : "WIFSGriddedLowResCubeFullTimeFullVertRoughlyGlobal",
    "sampleCount" : 1669,
    "errorCount" : 993,
    "errorPct" : 59.496704,
    "meanResTime" : 21203.917315757964,
    "medianResTime" : 16112.0,
    "minResTime" : 3.0,
    "maxResTime" : 60004.0,
    "pct1ResTime" : 53818.0,
    "pct2ResTime" : 57651.5,
    "pct3ResTime" : 60002.0,
    "throughput" : 0.45918242418056293,
    "receivedKBytesPerSec" : 0.17787886307160852,
    "sentKBytesPerSec" : 0.15425659562315788
  },