{
  "WIFSOpmetNamCarAllDataVarFiveMinuteTAC" : {
    "transaction" : "WIFSOpmetNamCarAllDataVarFiveMinuteTAC",
    "sampleCount" : 2558,
    "errorCount" : 0,
    "errorPct" : 0.0,
    "meanResTime" : 2448.539093041444,
    "medianResTime" : 1709.5,
    "minResTime" : 349.0,
    "maxResTime" : 29909.0,
    "pct1ResTime" : 3405.6999999999994,
    "pct2ResTime" : 5889.0,
    "pct3ResTime" : 16923.829999999918,
    "throughput" : 0.7108398915121604,
    "receivedKBytesPerSec" : 0.2533755472675181,
    "sentKBytesPerSec" : 0.2124189519557823
  },
  "WIFSGriddedHighResCubeFullTimeFullVertUSA" : {
    "transaction" : "WIFSGriddedHighResCubeFullTimeFullVertUSA",
    "sampleCount" : 4070,
    "errorCount" : 164,
    "errorPct" : 4.029484,
    "meanResTime" : 7438.117690417692,
    "medianResTime" : 3857.5,
    "minResTime" : 1.0,
    "maxResTime" : 60003.0,
    "pct1ResTime" : 16480.7,
    "pct2ResTime" : 27003.399999999998,
    "pct3ResTime" : 60002.0,
    "throughput" : 1.1154477453841156,
    "receivedKBytesPerSec" : 0.32048701567094456,
    "sentKBytesPerSec" : 0.3932389024254548
  },
  "WIFSOpmetEurNatAllDataVarOneMinuteIWXXM" : {
    "transaction" : "WIFSOpmetEurNatAllDataVarOneMinuteIWXXM",
    "sampleCount" : 2555,
    "errorCount" : 1,
    "errorPct" : 0.039138943,
    "meanResTime" : 842.0305283757319,
    "medianResTime" : 588.0,
    "minResTime" : 25.0,
    "maxResTime" : 24585.0,
    "pct1ResTime" : 877.0,
    "pct2ResTime" : 1400.3999999999987,
    "pct3ResTime" : 9070.92000000002,
    "throughput" : 0.7103552276584245,
    "receivedKBytesPerSec" : 0.2545657678251898,
    "sentKBytesPerSec" : 0.2067244705490337
  },
  "WIFSGriddedHighResCubeFullTimeFullVertRoughlyGlobal" : {
    "transaction" : "WIFSGriddedHighResCubeFullTimeFullVertRoughlyGlobal",
    "sampleCount" : 4011,
    "errorCount" : 847,
    "errorPct" : 21.116928,
    "meanResTime" : 18304.345300423884,
    "medianResTime" : 17665.0,
    "minResTime" : 1.0,
    "maxResTime" : 60006.0,
    "pct1ResTime" : 30739.6,
    "pct2ResTime" : 31559.599999999995,
    "pct3ResTime" : 60001.0,
    "throughput" : 1.102321002691631,
    "receivedKBytesPerSec" : 0.3204729910570739,
    "sentKBytesPerSec" : 0.38645824215458546
  },
  "WIFSGriddedLowResCubeFullTimeFullVertUSA" : {
    "transaction" : "WIFSGriddedLowResCubeFullTimeFullVertUSA",
    "sampleCount" : 4005,
    "errorCount" : 182,
    "errorPct" : 4.5443196,
    "meanResTime" : 6272.540324594265,
    "medianResTime" : 3705.0,
    "minResTime" : 1.0,
    "maxResTime" : 60005.0,
    "pct1ResTime" : 12693.400000000005,
    "pct2ResTime" : 22684.299999999996,
    "pct3ResTime" : 35176.66,
    "throughput" : 1.105973832741962,
    "receivedKBytesPerSec" : 0.3224470657416528,
    "sentKBytesPerSec" : 0.374778242149864
  },
  "WIFSOpmetNamCarAllDataVarOneMinuteTAC" : {
    "transaction" : "WIFSOpmetNamCarAllDataVarOneMinuteTAC",
    "sampleCount" : 2558,
    "errorCount" : 0,
    "errorPct" : 0.0,
    "meanResTime" : 854.5719311962463,
    "medianResTime" : 587.0,
    "minResTime" : 105.0,
    "maxResTime" : 24403.0,
    "pct1ResTime" : 933.0999999999999,
    "pct2ResTime" : 1606.199999999999,
    "pct3ResTime" : 8585.82999999999,
    "throughput" : 0.7111118030103548,
    "receivedKBytesPerSec" : 0.25347246884646435,
    "sentKBytesPerSec" : 0.21250020675895365
  },
  "WIFSOpmetGlobalAllDataVarOneMinuteTAC" : {
    "transaction" : "WIFSOpmetGlobalAllDataVarOneMinuteTAC",
    "sampleCount" : 2566,
    "errorCount" : 1,
    "errorPct" : 0.03897116,
    "meanResTime" : 865.7626656274352,
    "medianResTime" : 590.0,
    "minResTime" : 7.0,
    "maxResTime" : 24056.0,
    "pct1ResTime" : 897.3000000000002,
    "pct2ResTime" : 1585.9500000000003,
    "pct3ResTime" : 8987.269999999984,
    "throughput" : 0.7127946076504583,
    "receivedKBytesPerSec" : 0.2533526073705907,
    "sentKBytesPerSec" : 0.21230698763026348
  },
  "WIFSOpmetGlobalAllDataVarFiveMinuteTAC" : {
    "transaction" : "WIFSOpmetGlobalAllDataVarFiveMinuteTAC",
    "sampleCount" : 2565,
    "errorCount" : 0,
    "errorPct" : 0.0,
    "meanResTime" : 2374.998440545805,
    "medianResTime" : 1708.0,
    "minResTime" : 301.0,
    "maxResTime" : 26874.0,
    "pct1ResTime" : 3302.2000000000003,
    "pct2ResTime" : 5290.499999999997,
    "pct3ResTime" : 16775.12000000009,
    "throughput" : 0.7124982187544532,
    "receivedKBytesPerSec" : 0.253270851197872,
    "sentKBytesPerSec" : 0.21221870773448065
  },
  "WIFSGriddedHighResCubeFullTimeFullVertNorthAmerica" : {
    "transaction" : "WIFSGriddedHighResCubeFullTimeFullVertNorthAmerica",
    "sampleCount" : 4045,
    "errorCount" : 146,
    "errorPct" : 3.6093943,
    "meanResTime" : 7827.570086526581,
    "medianResTime" : 5345.0,
    "minResTime" : 1.0,
    "maxResTime" : 60004.0,
    "pct1ResTime" : 15074.800000000005,
    "pct2ResTime" : 22879.09999999999,
    "pct3ResTime" : 60001.0,
    "throughput" : 1.108489467294765,
    "receivedKBytesPerSec" : 0.3183109738573241,
    "sentKBytesPerSec" : 0.3918683468366259
  },
  "WIFSOpmetGlobalAllDataVarOneMinuteIWXXM" : {
    "transaction" : "WIFSOpmetGlobalAllDataVarOneMinuteIWXXM",
    "sampleCount" : 2566,
    "errorCount" : 1,
    "errorPct" : 0.03897116,
    "meanResTime" : 819.6582229150428,
    "medianResTime" : 586.0,
    "minResTime" : 8.0,
    "maxResTime" : 24581.0,
    "pct1ResTime" : 892.3000000000002,
    "pct2ResTime" : 1452.4500000000012,
    "pct3ResTime" : 6649.449999999995,
    "throughput" : 0.7128338144359682,
    "receivedKBytesPerSec" : 0.25475825382592576,
    "sentKBytesPerSec" : 0.20674965125730715
  },
  "WIFSOpmetEurNatAllDataVarOneMinuteTAC" : {
    "transaction" : "WIFSOpmetEurNatAllDataVarOneMinuteTAC",
    "sampleCount" : 2556,
    "errorCount" : 0,
    "errorPct" : 0.0,
    "meanResTime" : 849.7398278560247,
    "medianResTime" : 589.0,
    "minResTime" : 104.0,
    "maxResTime" : 22200.0,
    "pct1ResTime" : 931.5000000000009,
    "pct2ResTime" : 1773.650000000001,
    "pct3ResTime" : 8396.57999999995,
    "throughput" : 0.7105641089509395,
    "receivedKBytesPerSec" : 0.2532772458663016,
    "sentKBytesPerSec" : 0.21233654037010494
  },
  "WIFSGriddedLowResItemGlobal" : {
    "transaction" : "WIFSGriddedLowResItemGlobal",
    "sampleCount" : 4070,
    "errorCount" : 3,
    "errorPct" : 0.07371008,
    "meanResTime" : 1671.309090909092,
    "medianResTime" : 891.5,
    "minResTime" : 119.0,
    "maxResTime" : 8727.0,
    "pct1ResTime" : 4276.9,
    "pct2ResTime" : 5532.799999999999,
    "pct3ResTime" : 7402.969999999997,
    "throughput" : 1.1340101916031422,
    "receivedKBytesPerSec" : 18.333404662464098,
    "sentKBytesPerSec" : 0.2502795930686622
  },
  "WIFSOpmetNamCarAllDataVarFiveMinuteIWXXM" : {
    "transaction" : "WIFSOpmetNamCarAllDataVarFiveMinuteIWXXM",
    "sampleCount" : 2556,
    "errorCount" : 0,
    "errorPct" : 0.0,
    "meanResTime" : 2308.1201095461624,
    "medianResTime" : 1713.0,
    "minResTime" : 324.0,
    "maxResTime" : 24256.0,
    "pct1ResTime" : 3091.1000000000085,
    "pct2ResTime" : 5495.15,
    "pct3ResTime" : 13238.539999999972,
    "throughput" : 0.7105459361275914,
    "receivedKBytesPerSec" : 0.25465855328010356,
    "sentKBytesPerSec" : 0.20677996969338108
  },
  "WIFSOpmetEurNatAllDataVarFiveMinuteTAC" : {
    "transaction" : "WIFSOpmetEurNatAllDataVarFiveMinuteTAC",
    "sampleCount" : 2554,
    "errorCount" : 0,
    "errorPct" : 0.0,
    "meanResTime" : 2479.71574001566,
    "medianResTime" : 1715.0,
    "minResTime" : 315.0,
    "maxResTime" : 27511.0,
    "pct1ResTime" : 3491.5,
    "pct2ResTime" : 6208.75,
    "pct3ResTime" : 18758.899999999994,
    "throughput" : 0.7099946903294497,
    "receivedKBytesPerSec" : 0.25307427926782144,
    "sentKBytesPerSec" : 0.2121663820711051
  },
  "WIFSGriddedLowResCubeFullTimeFullVertRoughlyGlobal" : {
    "transaction" : "WIFSGriddedLowResCubeFullTimeFullVertRoughlyGlobal",
    "sampleCount" : 3992,
    "errorCount" : 124,
    "errorPct" : 3.1062124,