{
  "WIFSGriddedHighResCubeFullTimeFullVertUSA" : {
    "transaction" : "WIFSGriddedHighResCubeFullTimeFullVertUSA",
    "sampleCount" : 3214,
    "errorCount" : 11,
    "errorPct" : 0.34225264,
    "meanResTime" : 10261.255133789668,
    "medianResTime" : 7761.0,
    "minResTime" : 807.0,
    "maxResTime" : 60018.0,
    "pct1ResTime" : 21357.5,
    "pct2ResTime" : 26711.5,
    "pct3ResTime" : 38420.59999999997,
    "throughput" : 0.8866343866277658,
    "receivedKBytesPerSec" : 0.2536922272971665,
    "sentKBytesPerSec" : 0.3125732554420151
  },
  "WIFSOpmetNamCarAllDataVarFiveMinuteTAC" : {
    "transaction" : "WIFSOpmetNamCarAllDataVarFiveMinuteTAC",
    "sampleCount" : 8142,
    "errorCount" : 0,
    "errorPct" : 0.0,
    "meanResTime" : 715.6887742569364,
    "medianResTime" : 603.0,
    "minResTime" : 340.0,
    "maxResTime" : 7237.0,
    "pct1ResTime" : 1044.6999999999998,
    "pct2ResTime" : 1370.699999999999,
    "pct3ResTime" : 2681.1099999999933,
    "throughput" : 2.2639079355228344,
    "receivedKBytesPerSec" : 0.8069593715486665,
    "sentKBytesPerSec" : 0.6765193635449094
  },
  "WIFSOpmetEurNatAllDataVarOneMinuteIWXXM" : {
    "transaction" : "WIFSOpmetEurNatAllDataVarOneMinuteIWXXM",
    "sampleCount" : 8138,
    "errorCount" : 0,
    "errorPct" : 0.0,
    "meanResTime" : 318.62865568935837,
    "medianResTime" : 209.0,
    "minResTime" : 112.0,
    "maxResTime" : 3728.0,
    "pct1ResTime" : 584.0,
    "pct2ResTime" : 908.0,
    "pct3ResTime" : 1717.829999999999,
    "throughput" : 2.263853235101353,
    "receivedKBytesPerSec" : 0.8113614621896452,
    "sentKBytesPerSec" : 0.6588166641212923
  },
  "WIFSGriddedHighResCubeFullTimeFullVertRoughlyGlobal" : {
    "transaction" : "WIFSGriddedHighResCubeFullTimeFullVertRoughlyGlobal",
    "sampleCount" : 3188,
    "errorCount" : 24,
    "errorPct" : 0.7528231,
    "meanResTime" : 17617.40213299874,
    "medianResTime" : 15406.0,
    "minResTime" : 4568.0,
    "maxResTime" : 60013.0,
    "pct1ResTime" : 29565.5,
    "pct2ResTime" : 34632.69999999999,
    "pct3ResTime" : 48778.63000000017,
    "throughput" : 0.8796045421586621,
    "receivedKBytesPerSec" : 0.251673213203256,
    "sentKBytesPerSec" : 0.3083769830419528
  },
  "WIFSGriddedLowResCubeFullTimeFullVertUSA" : {
    "transaction" : "WIFSGriddedLowResCubeFullTimeFullVertUSA",
    "sampleCount" : 3168,
    "errorCount" : 7,
    "errorPct" : 0.22095959,
    "meanResTime" : 8852.041035353515,
    "medianResTime" : 6293.5,
    "minResTime" : 660.0,
    "maxResTime" : 60009.0,
    "pct1ResTime" : 20158.0,
    "pct2ResTime" : 25223.149999999998,
    "pct3ResTime" : 35721.779999999984,
    "throughput" : 0.8797497600682472,
    "receivedKBytesPerSec" : 0.25172337481296986,
    "sentKBytesPerSec" : 0.2981183268981268
  },
  "WIFSOpmetNamCarAllDataVarOneMinuteTAC" : {
    "transaction" : "WIFSOpmetNamCarAllDataVarOneMinuteTAC",
    "sampleCount" : 8143,
    "errorCount" : 0,
    "errorPct" : 0.0,
    "meanResTime" : 297.2551885054657,
    "medianResTime" : 202.0,
    "minResTime" : 112.0,
    "maxResTime" : 7479.0,
    "pct1ResTime" : 530.6000000000004,
    "pct2ResTime" : 822.7999999999993,
    "pct3ResTime" : 1393.119999999999,
    "throughput" : 2.263974474890263,
    "receivedKBytesPerSec" : 0.8069830891942831,
    "sentKBytesPerSec" : 0.6765392473793168
  },
  "WIFSOpmetGlobalAllDataVarOneMinuteTAC" : {
    "transaction" : "WIFSOpmetGlobalAllDataVarOneMinuteTAC",
    "sampleCount" : 8149,
    "errorCount" : 0,
    "errorPct" : 0.0,
    "meanResTime" : 306.8705362621167,
    "medianResTime" : 205.0,
    "minResTime" : 111.0,
    "maxResTime" : 5105.0,
    "pct1ResTime" : 562.0,
    "pct2ResTime" : 850.5,
    "pct3ResTime" : 1595.5,
    "throughput" : 2.2635815587963157,
    "receivedKBytesPerSec" : 0.8046325072283779,
    "sentKBytesPerSec" : 0.6742113041336683
  },
  "WIFSOpmetGlobalAllDataVarFiveMinuteTAC" : {
    "transaction" : "WIFSOpmetGlobalAllDataVarFiveMinuteTAC",
    "sampleCount" : 8147,
    "errorCount" : 1,
    "errorPct" : 0.012274457,
    "meanResTime" : 722.9860071191819,
    "medianResTime" : 607.0,
    "minResTime" : 332.0,
    "maxResTime" : 30811.0,
    "pct1ResTime" : 1043.0,
    "pct2ResTime" : 1400.3999999999978,
    "pct3ResTime" : 2685.9999999999764,
    "throughput" : 2.2636352977068013,
    "receivedKBytesPerSec" : 0.8046280034254606,
    "sentKBytesPerSec" : 0.6742273103521235
  },
  "WIFSGriddedHighResCubeFullTimeFullVertNorthAmerica" : {
    "transaction" : "WIFSGriddedHighResCubeFullTimeFullVertNorthAmerica",
    "sampleCount" : 3207,
    "errorCount" : 17,
    "errorPct" : 0.53009045,
    "meanResTime" : 11569.629560336773,
    "medianResTime" : 9100.0,
    "minResTime" : 1222.0,
    "maxResTime" : 60013.0,
    "pct1ResTime" : 22829.800000000003,
    "pct2ResTime" : 28575.59999999999,
    "pct3ResTime" : 47117.00000000004,
    "throughput" : 0.8854417310592915,
    "receivedKBytesPerSec" : 0.25334934917824,
    "sentKBytesPerSec" : 0.31301748695650733
  },
  "WIFSOpmetGlobalAllDataVarOneMinuteIWXXM" : {
    "transaction" : "WIFSOpmetGlobalAllDataVarOneMinuteIWXXM",
    "sampleCount" : 8148,
    "errorCount" : 0,
    "errorPct" : 0.0,
    "meanResTime" : 317.6831124202272,
    "medianResTime" : 209.0,
    "minResTime" : 112.0,
    "maxResTime" : 6368.0,
    "pct1ResTime" : 597.1000000000004,
    "pct2ResTime" : 889.0,
    "pct3ResTime" : 1533.0400000000009,
    "throughput" : 2.263702442592723,
    "receivedKBytesPerSec" : 0.8090967714735708,
    "sentKBytesPerSec" : 0.6565621342285534
  },
  "WIFSOpmetEurNatAllDataVarOneMinuteTAC" : {
    "transaction" : "WIFSOpmetEurNatAllDataVarOneMinuteTAC",
    "sampleCount" : 8138,
    "errorCount" : 0,
    "errorPct" : 0.0,
    "meanResTime" : 302.6343081838282,
    "medianResTime" : 203.0,
    "minResTime" : 115.0,
    "maxResTime" : 7351.0,
    "pct1ResTime" : 526.0,
    "pct2ResTime" : 825.0499999999993,
    "pct3ResTime" : 1617.399999999987,
    "throughput" : 2.263853235101353,
    "receivedKBytesPerSec" : 0.8069398738398378,
    "sentKBytesPerSec" : 0.6765030175205216
  },
  "WIFSGriddedLowResItemGlobal" : {
    "transaction" : "WIFSGriddedLowResItemGlobal",
    "sampleCount" : 3214,
    "errorCount" : 0,
    "errorPct" : 0.0,
    "meanResTime" : 351.8649657747351,
    "medianResTime" : 199.0,
    "minResTime" : 71.0,
    "maxResTime" : 5704.0,
    "pct1ResTime" : 785.0,
    "pct2ResTime" : 1100.5,
    "pct3ResTime" : 2276.099999999996,
    "throughput" : 0.8931402438600777,
    "receivedKBytesPerSec" : 14.30806824701983,
    "sentKBytesPerSec" : 0.19711884288318118
  },
  "WIFSOpmetNamCarAllDataVarFiveMinuteIWXXM" : {
    "transaction" : "WIFSOpmetNamCarAllDataVarFiveMinuteIWXXM",
    "sampleCount" : 8140,
    "errorCount" : 0,
    "errorPct" : 0.0,
    "meanResTime" : 689.0782555282541,
    "medianResTime" : 588.0,
    "minResTime" : 349.0,
    "maxResTime" : 8397.0,
    "pct1ResTime" : 991.9000000000005,
    "pct2ResTime" : 1299.0,
    "pct3ResTime" : 2263.3700000000063,
    "throughput" : 2.26369486728046,
    "receivedKBytesPerSec" : 0.8113047034100866,
    "sentKBytesPerSec" : 0.6587705766109151
  },
  "WIFSOpmetEurNatAllDataVarFiveMinuteTAC" : {
    "transaction" : "WIFSOpmetEurNatAllDataVarFiveMinuteTAC",
    "sampleCount" : 8137,
    "errorCount" : 0,
    "errorPct" : 0.0,
    "meanResTime" : 714.0592355905126,
    "medianResTime" : 600.0,
    "minResTime" : 339.0,
    "maxResTime" : 8366.0,
    "pct1ResTime" : 1029.1999999999998,
    "pct2ResTime" : 1362.0999999999995,
    "pct3ResTime" : 2746.0599999999986,
    "throughput" : 2.263627947139544,
    "receivedKBytesPerSec" : 0.8068595710018883,
    "sentKBytesPerSec" : 0.6764356951413091
  },
  "WIFSGriddedLowResCubeFullTimeFullVertRoughlyGlobal" : {
    "transaction" : "WIFSGriddedLowResCubeFullTimeFullVertRoughlyGlobal",
    "sampleCount" : 3142,
    "errorCount" : 13,
    "errorPct" : 0.41374922,
    "meanResTime" : 9672.133354551243,
    "medianResTime" : 6859.5,
    "minResTime" : 917.0,