{
  "WIFSOpmetNamCarAllDataVarFiveMinuteTAC" : {
    "transaction" : "WIFSOpmetNamCarAllDataVarFiveMinuteTAC",
    "sampleCount" : 18296,
    "errorCount" : 0,
    "errorPct" : 0.0,
    "meanResTime" : 344.8899759510269,
    "medianResTime" : 332.0,
    "minResTime" : 161.0,
    "maxResTime" : 3114.0,
    "pct1ResTime" : 480.2999999999993,
    "pct2ResTime" : 587.0,
    "pct3ResTime" : 811.0,
    "throughput" : 5.085026049085398,
    "receivedKBytesPerSec" : 169.4743837921743,
    "sentKBytesPerSec" : 1.5145829540732876
  },
  "WIFSGriddedHighResCubeFullTimeFullVertUSA" : {
    "transaction" : "WIFSGriddedHighResCubeFullTimeFullVertUSA",
    "sampleCount" : 1015,
    "errorCount" : 5,
    "errorPct" : 0.49261084,
    "meanResTime" : 35560.669950738884,
    "medianResTime" : 34701.0,
    "minResTime" : 1438.0,
    "maxResTime" : 90002.0,
    "pct1ResTime" : 63094.799999999996,
    "pct2ResTime" : 68513.2,
    "pct3ResTime" : 83094.64000000006,
    "throughput" : 0.27846013465948033,
    "receivedKBytesPerSec" : 356.5909210876557,
    "sentKBytesPerSec" : 0.09789614109122355
  },
  "WIFSOpmetEurNatAllDataVarOneMinuteIWXXM" : {
    "transaction" : "WIFSOpmetEurNatAllDataVarOneMinuteIWXXM",
    "sampleCount" : 18291,
    "errorCount" : 0,
    "errorPct" : 0.0,
    "meanResTime" : 120.43835766223839,
    "medianResTime" : 96.0,
    "minResTime" : 45.0,
    "maxResTime" : 2594.0,
    "pct1ResTime" : 198.0,
    "pct2ResTime" : 325.0,
    "pct3ResTime" : 551.0,
    "throughput" : 5.085151474460396,
    "receivedKBytesPerSec" : 1.822510342897427,
    "sentKBytesPerSec" : 1.474892566322986
  },
  "WIFSGriddedHighResCubeFullTimeFullVertRoughlyGlobal" : {
    "transaction" : "WIFSGriddedHighResCubeFullTimeFullVertRoughlyGlobal",
    "sampleCount" : 980,
    "errorCount" : 19,
    "errorPct" : 1.9387755,
    "meanResTime" : 42839.65102040819,
    "medianResTime" : 41283.0,
    "minResTime" : 5220.0,
    "maxResTime" : 90004.0,
    "pct1ResTime" : 71129.6,
    "pct2ResTime" : 79779.45,
    "pct3ResTime" : 90002.19,
    "throughput" : 0.2716177218922775,
    "receivedKBytesPerSec" : 7192.5057820969,
    "sentKBytesPerSec" : 0.09496010198968295
  },
  "WIFSGriddedLowResCubeFullTimeFullVertUSA" : {
    "transaction" : "WIFSGriddedLowResCubeFullTimeFullVertUSA",
    "sampleCount" : 968,
    "errorCount" : 6,
    "errorPct" : 0.6198347,
    "meanResTime" : 37744.74380165289,
    "medianResTime" : 35048.5,
    "minResTime" : 1494.0,
    "maxResTime" : 90003.0,
    "pct1ResTime" : 66872.1,
    "pct2ResTime" : 73879.14999999998,
    "pct3ResTime" : 87266.12,
    "throughput" : 0.27154124341203917,
    "receivedKBytesPerSec" : 33.05687139473247,
    "sentKBytesPerSec" : 0.09175124044977105
  },
  "WIFSOpmetNamCarAllDataVarOneMinuteTAC" : {
    "transaction" : "WIFSOpmetNamCarAllDataVarOneMinuteTAC",
    "sampleCount" : 18299,
    "errorCount" : 0,
    "errorPct" : 0.0,
    "meanResTime" : 139.10454123176223,
    "medianResTime" : 119.0,
    "minResTime" : 59.0,
    "maxResTime" : 2137.0,
    "pct1ResTime" : 210.0,
    "pct2ResTime" : 329.0,
    "pct3ResTime" : 538.0,
    "throughput" : 5.085588461141897,
    "receivedKBytesPerSec" : 56.696365109761615,
    "sentKBytesPerSec" : 1.5147504693830844
  },
  "WIFSOpmetGlobalAllDataVarOneMinuteTAC" : {
    "transaction" : "WIFSOpmetGlobalAllDataVarOneMinuteTAC",
    "sampleCount" : 18302,
    "errorCount" : 0,
    "errorPct" : 0.0,
    "meanResTime" : 141.3179980330018,
    "medianResTime" : 120.0,
    "minResTime" : 60.0,
    "maxResTime" : 2575.0,
    "pct1ResTime" : 212.0,
    "pct2ResTime" : 328.0,
    "pct3ResTime" : 549.0,
    "throughput" : 5.084390266262368,
    "receivedKBytesPerSec" : 123.93201274014521,
    "sentKBytesPerSec" : 1.5094283602966403
  },
  "WIFSOpmetGlobalAllDataVarFiveMinuteTAC" : {
    "transaction" : "WIFSOpmetGlobalAllDataVarFiveMinuteTAC",
    "sampleCount" : 18302,
    "errorCount" : 0,
    "errorPct" : 0.0,
    "meanResTime" : 350.69058026445174,
    "medianResTime" : 336.0,
    "minResTime" : 161.0,
    "maxResTime" : 2422.0,
    "pct1ResTime" : 489.0,
    "pct2ResTime" : 602.0,
    "pct3ResTime" : 836.0,
    "throughput" : 5.084607795935592,
    "receivedKBytesPerSec" : 352.8539054636475,
    "sentKBytesPerSec" : 1.509492939418379
  },
  "WIFSGriddedHighResCubeFullTimeFullVertNorthAmerica" : {
    "transaction" : "WIFSGriddedHighResCubeFullTimeFullVertNorthAmerica",
    "sampleCount" : 998,
    "errorCount" : 2,
    "errorPct" : 0.2004008,
    "meanResTime" : 37332.61022044085,
    "medianResTime" : 35538.5,
    "minResTime" : 1915.0,
    "maxResTime" : 90002.0,
    "pct1ResTime" : 63879.100000000006,
    "pct2ResTime" : 70534.45,
    "pct3ResTime" : 83223.00999999998,
    "throughput" : 0.2743514392454511,
    "receivedKBytesPerSec" : 1266.5094319260336,
    "sentKBytesPerSec" : 0.09671959918711702
  },
  "WIFSOpmetGlobalAllDataVarOneMinuteIWXXM" : {
    "transaction" : "WIFSOpmetGlobalAllDataVarOneMinuteIWXXM",
    "sampleCount" : 18302,
    "errorCount" : 0,
    "errorPct" : 0.0,
    "meanResTime" : 121.34821331002058,
    "medianResTime" : 98.0,
    "minResTime" : 45.0,
    "maxResTime" : 1998.0,
    "pct1ResTime" : 201.0,
    "pct2ResTime" : 317.0,
    "pct3ResTime" : 547.9700000000012,
    "throughput" : 5.08456824370145,
    "receivedKBytesPerSec" : 74.62001129525918,
    "sentKBytesPerSec" : 1.4697580079449506
  },
  "WIFSOpmetEurNatAllDataVarOneMinuteTAC" : {
    "transaction" : "WIFSOpmetEurNatAllDataVarOneMinuteTAC",
    "sampleCount" : 18291,
    "errorCount" : 0,
    "errorPct" : 0.0,
    "meanResTime" : 139.29391504018318,
    "medianResTime" : 118.0,
    "minResTime" : 58.0,
    "maxResTime" : 5265.0,
    "pct1ResTime" : 212.79999999999927,
    "pct2ResTime" : 334.0,
    "pct3ResTime" : 545.0799999999981,
    "throughput" : 5.085191059560763,
    "receivedKBytesPerSec" : 45.32971092936586,
    "sentKBytesPerSec" : 1.5146321027012037
  },
  "WIFSGriddedLowResItemGlobal" : {
    "transaction" : "WIFSGriddedLowResItemGlobal",
    "sampleCount" : 1015,
    "errorCount" : 0,
    "errorPct" : 0.0,
    "meanResTime" : 164.85221674876848,
    "medianResTime" : 132.0,
    "minResTime" : 46.0,
    "maxResTime" : 1286.0,
    "pct1ResTime" : 327.19999999999993,
    "pct2ResTime" : 442.19999999999925,
    "pct3ResTime" : 664.2800000000005,
    "throughput" : 0.2824208727667535,
    "receivedKBytesPerSec" : 4.481679539279039,
    "sentKBytesPerSec" : 0.062055367551288605
  },
  "WIFSOpmetNamCarAllDataVarFiveMinuteIWXXM" : {
    "transaction" : "WIFSOpmetNamCarAllDataVarFiveMinuteIWXXM",
    "sampleCount" : 18293,
    "errorCount" : 0,
    "errorPct" : 0.0,
    "meanResTime" : 311.2948668889732,
    "medianResTime" : 300.0,
    "minResTime" : 149.0,
    "maxResTime" : 3457.0,
    "pct1ResTime" : 424.0,
    "pct2ResTime" : 528.0,
    "pct3ResTime" : 754.0,
    "throughput" : 5.085068500956942,
    "receivedKBytesPerSec" : 377.35280304611047,
    "sentKBytesPerSec" : 1.474868500765832
  },
  "WIFSOpmetEurNatAllDataVarFiveMinuteTAC" : {
    "transaction" : "WIFSOpmetEurNatAllDataVarFiveMinuteTAC",
    "sampleCount" : 18290,
    "errorCount" : 1,
    "errorPct" : 0.0054674684,
    "meanResTime" : 348.3625478403516,
    "medianResTime" : 329.0,
    "minResTime" : 158.0,
    "maxResTime" : 90002.0,
    "pct1ResTime" : 481.0,
    "pct2ResTime" : 600.0,
    "pct3ResTime" : 818.1800000000003,
    "throughput" : 5.084736338767431,
    "receivedKBytesPerSec" : 140.2993513850972,
    "sentKBytesPerSec" : 1.5144966634024086
  },
  "WIFSGriddedLowResCubeFullTimeFullVertRoughlyGlobal" : {
    "transaction" : "WIFSGriddedLowResCubeFullTimeFullVertRoughlyGlobal",
    "sampleCount" : 941,
    "errorCount" : 4,
    "errorPct" : 0.4250797,
    "meanResTime" : 36169.570669500565,
    "medianResTime" : 35735.0,
    "minResTime" : 1477.0,
    "maxResTime" : 90002.0,
    "pct1ResTime" : 61441.80000000001,
    "pct2ResTime" : 67793.19999999998,
    "pct3ResTime" : 76783.40000000005,