{
  "WIFSGriddedHighResCubeFullTimeFullVertUSA" : {
    "transaction" : "WIFSGriddedHighResCubeFullTimeFullVertUSA",
    "sampleCount" : 4235,
    "errorCount" : 0,
    "errorPct" : 0.0,
    "meanResTime" : 8081.275324675318,
    "medianResTime" : 6255.0,
    "minResTime" : 1067.0,
    "maxResTime" : 54590.0,
    "pct1ResTime" : 17196.0,
    "pct2ResTime" : 23546.2,
    "pct3ResTime" : 34717.08000000004,
    "throughput" : 1.1712565079408979,
    "receivedKBytesPerSec" : 0.33513491877605767,
    "sentKBytesPerSec" : 0.4117698660729719
  },
  "WIFSOpmetNamCarAllDataVarFiveMinuteTAC" : {
    "transaction" : "WIFSOpmetNamCarAllDataVarFiveMinuteTAC",
    "sampleCount" : 8743,
    "errorCount" : 0,
    "errorPct" : 0.0,
    "meanResTime" : 585.4098135651362,
    "medianResTime" : 582.0,
    "minResTime" : 215.0,
    "maxResTime" : 1931.0,
    "pct1ResTime" : 910.0,
    "pct2ResTime" : 995.0,
    "pct3ResTime" : 1181.5599999999995,
    "throughput" : 2.429638983381025,
    "receivedKBytesPerSec" : 0.8660334266934318,
    "sentKBytesPerSec" : 0.7236717675109497
  },
  "WIFSOpmetEurNatAllDataVarOneMinuteIWXXM" : {
    "transaction" : "WIFSOpmetEurNatAllDataVarOneMinuteIWXXM",
    "sampleCount" : 8737,
    "errorCount" : 1,
    "errorPct" : 0.011445576,
    "meanResTime" : 417.99908435389756,
    "medianResTime" : 401.0,
    "minResTime" : 71.0,
    "maxResTime" : 60000.0,
    "pct1ResTime" : 742.0,
    "pct2ResTime" : 823.0,
    "pct3ResTime" : 1004.6200000000008,
    "throughput" : 2.428317793062966,
    "receivedKBytesPerSec" : 0.8702849462223635,
    "sentKBytesPerSec" : 0.7043070161520516
  },
  "WIFSGriddedHighResCubeFullTimeFullVertRoughlyGlobal" : {
    "transaction" : "WIFSGriddedHighResCubeFullTimeFullVertRoughlyGlobal",
    "sampleCount" : 4205,
    "errorCount" : 0,
    "errorPct" : 0.0,
    "meanResTime" : 12954.26064209276,
    "medianResTime" : 11607.0,
    "minResTime" : 3580.0,
    "maxResTime" : 58327.0,
    "pct1ResTime" : 22806.600000000002,
    "pct2ResTime" : 27642.7,
    "pct3ResTime" : 37795.89999999999,
    "throughput" : 1.1625399493514106,
    "receivedKBytesPerSec" : 0.33264082535152667,
    "sentKBytesPerSec" : 0.4064348651052783
  },
  "WIFSGriddedLowResCubeFullTimeFullVertUSA" : {
    "transaction" : "WIFSGriddedLowResCubeFullTimeFullVertUSA",
    "sampleCount" : 4190,
    "errorCount" : 0,
    "errorPct" : 0.0,
    "meanResTime" : 7193.356563245811,
    "medianResTime" : 5272.5,
    "minResTime" : 958.0,
    "maxResTime" : 51918.0,
    "pct1ResTime" : 15517.000000000004,
    "pct2ResTime" : 20695.59999999999,
    "pct3ResTime" : 31490.51000000002,
    "throughput" : 1.1614376102880641,
    "receivedKBytesPerSec" : 0.33232540997500276,
    "sentKBytesPerSec" : 0.39243888003874045
  },
  "WIFSOpmetNamCarAllDataVarOneMinuteTAC" : {
    "transaction" : "WIFSOpmetNamCarAllDataVarOneMinuteTAC",
    "sampleCount" : 8744,
    "errorCount" : 0,
    "errorPct" : 0.0,
    "meanResTime" : 359.5990393412612,
    "medianResTime" : 319.0,
    "minResTime" : 71.0,
    "maxResTime" : 1599.0,
    "pct1ResTime" : 701.0,
    "pct2ResTime" : 780.0,
    "pct3ResTime" : 954.0,
    "throughput" : 2.429231005588843,
    "receivedKBytesPerSec" : 0.8658880049218043,
    "sentKBytesPerSec" : 0.723550250688083
  },
  "WIFSOpmetGlobalAllDataVarOneMinuteTAC" : {
    "transaction" : "WIFSOpmetGlobalAllDataVarOneMinuteTAC",
    "sampleCount" : 8747,
    "errorCount" : 0,
    "errorPct" : 0.0,
    "meanResTime" : 365.5541328455474,
    "medianResTime" : 328.0,
    "minResTime" : 72.0,
    "maxResTime" : 1455.0,
    "pct1ResTime" : 707.1999999999998,
    "pct2ResTime" : 787.6000000000004,
    "pct3ResTime" : 976.0,
    "throughput" : 2.4293011433573737,
    "receivedKBytesPerSec" : 0.8635406408028165,
    "sentKBytesPerSec" : 0.7211987769342203
  },
  "WIFSOpmetGlobalAllDataVarFiveMinuteTAC" : {
    "transaction" : "WIFSOpmetGlobalAllDataVarFiveMinuteTAC",
    "sampleCount" : 8746,
    "errorCount" : 0,
    "errorPct" : 0.0,
    "meanResTime" : 585.6805396752787,
    "medianResTime" : 579.0,
    "minResTime" : 213.0,
    "maxResTime" : 1746.0,
    "pct1ResTime" : 911.0,
    "pct2ResTime" : 998.0,
    "pct3ResTime" : 1210.5300000000007,
    "throughput" : 2.430056008539927,
    "receivedKBytesPerSec" : 0.8638089717856772,
    "sentKBytesPerSec" : 0.7214228775352908
  },
  "WIFSGriddedHighResCubeFullTimeFullVertNorthAmerica" : {
    "transaction" : "WIFSGriddedHighResCubeFullTimeFullVertNorthAmerica",
    "sampleCount" : 4219,
    "errorCount" : 0,
    "errorPct" : 0.0,
    "meanResTime" : 8351.43683337284,
    "medianResTime" : 6986.0,
    "minResTime" : 1444.0,
    "maxResTime" : 49747.0,
    "pct1ResTime" : 16614.0,
    "pct2ResTime" : 22447.0,
    "pct3ResTime" : 32453.200000000008,
    "throughput" : 1.1700369591906972,
    "receivedKBytesPerSec" : 0.3347859658621819,
    "sentKBytesPerSec" : 0.41248373268343913
  },
  "WIFSOpmetGlobalAllDataVarOneMinuteIWXXM" : {
    "transaction" : "WIFSOpmetGlobalAllDataVarOneMinuteIWXXM",
    "sampleCount" : 8746,
    "errorCount" : 0,
    "errorPct" : 0.0,
    "meanResTime" : 404.8246055339593,
    "medianResTime" : 390.0,
    "minResTime" : 71.0,
    "maxResTime" : 1524.0,
    "pct1ResTime" : 732.0,
    "pct2ResTime" : 819.0,
    "pct3ResTime" : 994.5300000000007,
    "throughput" : 2.43009652034407,
    "receivedKBytesPerSec" : 0.8685696547323531,
    "sentKBytesPerSec" : 0.7024497754119577
  },
  "WIFSOpmetEurNatAllDataVarOneMinuteTAC" : {
    "transaction" : "WIFSOpmetEurNatAllDataVarOneMinuteTAC",
    "sampleCount" : 8738,
    "errorCount" : 0,
    "errorPct" : 0.0,
    "meanResTime" : 362.5582513160911,
    "medianResTime" : 329.0,
    "minResTime" : 72.0,
    "maxResTime" : 1463.0,
    "pct1ResTime" : 708.0,
    "pct2ResTime" : 788.0,
    "pct3ResTime" : 958.2200000000012,
    "throughput" : 2.4282852715522125,
    "receivedKBytesPerSec" : 0.8655509024575759,
    "sentKBytesPerSec" : 0.7232685623275634
  },
  "WIFSGriddedLowResItemGlobal" : {
    "transaction" : "WIFSGriddedLowResItemGlobal",
    "sampleCount" : 4236,
    "errorCount" : 0,
    "errorPct" : 0.0,
    "meanResTime" : 478.9985835694049,
    "medianResTime" : 465.0,
    "minResTime" : 45.0,
    "maxResTime" : 1489.0,
    "pct1ResTime" : 910.0,
    "pct2ResTime" : 994.0,
    "pct3ResTime" : 1176.8900000000003,
    "throughput" : 1.1766254847746995,
    "receivedKBytesPerSec" : 18.972696144437027,
    "sentKBytesPerSec" : 0.2585358731194408
  },
  "WIFSOpmetNamCarAllDataVarFiveMinuteIWXXM" : {
    "transaction" : "WIFSOpmetNamCarAllDataVarFiveMinuteIWXXM",
    "sampleCount" : 8742,
    "errorCount" : 0,
    "errorPct" : 0.0,
    "meanResTime" : 536.3955616563718,
    "medianResTime" : 490.5,
    "minResTime" : 208.0,
    "maxResTime" : 1805.0,
    "pct1ResTime" : 887.0,
    "pct2ResTime" : 972.8500000000004,
    "pct3ResTime" : 1166.5699999999997,
    "throughput" : 2.4289115492215787,
    "receivedKBytesPerSec" : 0.8705181040667181,
    "sentKBytesPerSec" : 0.7044792286316492
  },
  "WIFSOpmetEurNatAllDataVarFiveMinuteTAC" : {
    "transaction" : "WIFSOpmetEurNatAllDataVarFiveMinuteTAC",
    "sampleCount" : 8736,
    "errorCount" : 0,
    "errorPct" : 0.0,
    "meanResTime" : 582.9753891941397,
    "medianResTime" : 568.0,
    "minResTime" : 212.0,
    "maxResTime" : 1863.0,
    "pct1ResTime" : 920.0,
    "pct2ResTime" : 1009.1499999999996,
    "pct3ResTime" : 1201.6299999999992,
    "throughput" : 2.427998018913704,
    "receivedKBytesPerSec" : 0.8654485126010762,
    "sentKBytesPerSec" : 0.7231830036803514
  },
  "WIFSGriddedLowResCubeFullTimeFullVertRoughlyGlobal" : {
    "transaction" : "WIFSGriddedLowResCubeFullTimeFullVertRoughlyGlobal",
    "sampleCount" : 4162,
    "errorCount" : 0,
    "errorPct" : 0.0,
    "meanResTime" : 7577.487265737628,
    "medianResTime" : 5703.0,
    "minResTime" : 1161.0,
    "maxResTime" : 46999.0,
    "pct1ResTime" : 16278.800000000012,
    "pct2ResTime" : 22256.35,
    "pct3ResTime" : 32395.579999999994,