{
  "WIFSGriddedHighResCubeFullTimeFullVertUSA" : {
    "transaction" : "WIFSGriddedHighResCubeFullTimeFullVertUSA",
    "sampleCount" : 4038,
    "errorCount" : 0,
    "errorPct" : 0.0,
    "meanResTime" : 7781.976225854383,
    "medianResTime" : 6034.0,
    "minResTime" : 839.0,
    "maxResTime" : 50008.0,
    "pct1ResTime" : 16016.3,
    "pct2ResTime" : 19723.999999999993,
    "pct3ResTime" : 27874.510000000013,
    "throughput" : 1.1180723745581218,
    "receivedKBytesPerSec" : 1485.543592745547,
    "sentKBytesPerSec" : 0.39416418673386916
  },
  "WIFSOpmetNamCarAllDataVarFiveMinuteTAC" : {
    "transaction" : "WIFSOpmetNamCarAllDataVarFiveMinuteTAC",
    "sampleCount" : 7614,
    "errorCount" : 4,
    "errorPct" : 0.052534804,
    "meanResTime" : 766.004465458368,
    "medianResTime" : 601.5,
    "minResTime" : 230.0,
    "maxResTime" : 31240.0,
    "pct1ResTime" : 1171.0,
    "pct2ResTime" : 1482.0,
    "pct3ResTime" : 3087.9500000000025,
    "throughput" : 2.119131128405319,
    "receivedKBytesPerSec" : 0.7552586846733438,
    "sentKBytesPerSec" : 0.6332559817304957
  },
  "WIFSOpmetEurNatAllDataVarOneMinuteIWXXM" : {
    "transaction" : "WIFSOpmetEurNatAllDataVarOneMinuteIWXXM",
    "sampleCount" : 7610,
    "errorCount" : 0,
    "errorPct" : 0.0,
    "meanResTime" : 341.65729303548005,
    "medianResTime" : 208.0,
    "minResTime" : 79.0,
    "maxResTime" : 33808.0,
    "pct1ResTime" : 682.9000000000005,
    "pct2ResTime" : 926.8999999999996,
    "pct3ResTime" : 1815.0,
    "throughput" : 2.1184559267910625,
    "receivedKBytesPerSec" : 0.7592512940745312,
    "sentKBytesPerSec" : 0.6165037755700553
  },
  "WIFSGriddedHighResCubeFullTimeFullVertRoughlyGlobal" : {
    "transaction" : "WIFSGriddedHighResCubeFullTimeFullVertRoughlyGlobal",
    "sampleCount" : 4015,
    "errorCount" : 12,
    "errorPct" : 0.2988792,
    "meanResTime" : 16191.153175591564,
    "medianResTime" : 14662.0,
    "minResTime" : 4988.0,
    "maxResTime" : 60002.0,
    "pct1ResTime" : 26012.8,
    "pct2ResTime" : 30276.0,
    "pct3ResTime" : 41425.80000000003,
    "throughput" : 1.1122364290534437,
    "receivedKBytesPerSec" : 29149.61895795393,
    "sentKBytesPerSec" : 0.38993445120135384
  },
  "WIFSGriddedLowResCubeFullTimeFullVertUSA" : {
    "transaction" : "WIFSGriddedLowResCubeFullTimeFullVertUSA",
    "sampleCount" : 3983,
    "errorCount" : 0,
    "errorPct" : 0.0,
    "meanResTime" : 6531.073813708269,
    "medianResTime" : 4644.0,
    "minResTime" : 645.0,
    "maxResTime" : 44906.0,
    "pct1ResTime" : 14903.8,
    "pct2ResTime" : 19455.599999999973,
    "pct3ResTime" : 27764.919999999987,
    "throughput" : 1.1065573315049069,
    "receivedKBytesPerSec" : 85.2215815594985,
    "sentKBytesPerSec" : 0.3749759707345729
  },
  "WIFSOpmetNamCarAllDataVarOneMinuteTAC" : {
    "transaction" : "WIFSOpmetNamCarAllDataVarOneMinuteTAC",
    "sampleCount" : 7618,
    "errorCount" : 0,
    "errorPct" : 0.0,
    "meanResTime" : 338.02480966132885,
    "medianResTime" : 202.0,
    "minResTime" : 78.0,
    "maxResTime" : 34659.0,
    "pct1ResTime" : 664.0,
    "pct2ResTime" : 902.0499999999993,
    "pct3ResTime" : 1996.619999999999,
    "throughput" : 2.1198497015987363,
    "receivedKBytesPerSec" : 0.7556104893393933,
    "sentKBytesPerSec" : 0.6334707116105599
  },
  "WIFSOpmetGlobalAllDataVarOneMinuteTAC" : {
    "transaction" : "WIFSOpmetGlobalAllDataVarOneMinuteTAC",
    "sampleCount" : 7621,
    "errorCount" : 0,
    "errorPct" : 0.0,
    "meanResTime" : 331.80304421991895,
    "medianResTime" : 201.0,
    "minResTime" : 81.0,
    "maxResTime" : 34281.0,
    "pct1ResTime" : 654.8000000000002,
    "pct2ResTime" : 883.0,
    "pct3ResTime" : 1969.7799999999997,
    "throughput" : 2.117862773274745,
    "receivedKBytesPerSec" : 0.752834032687507,
    "sentKBytesPerSec" : 0.6308087361804661
  },
  "WIFSGriddedHighResCubeFullTimeFullVertNorthAmerica" : {
    "transaction" : "WIFSGriddedHighResCubeFullTimeFullVertNorthAmerica",
    "sampleCount" : 4033,
    "errorCount" : 0,
    "errorPct" : 0.0,
    "meanResTime" : 8884.686585668185,
    "medianResTime" : 7219.0,
    "minResTime" : 1288.0,
    "maxResTime" : 52022.0,
    "pct1ResTime" : 17367.199999999997,
    "pct2ResTime" : 21352.49999999999,
    "pct3ResTime" : 29781.91999999999,
    "throughput" : 1.1150673160028335,
    "receivedKBytesPerSec" : 5322.020883477348,
    "sentKBytesPerSec" : 0.3941937191338141
  },
  "WIFSOpmetGlobalAllDataVarFiveMinuteTAC" : {
    "transaction" : "WIFSOpmetGlobalAllDataVarFiveMinuteTAC",
    "sampleCount" : 7621,
    "errorCount" : 2,
    "errorPct" : 0.026243275,
    "meanResTime" : 760.1237370423839,
    "medianResTime" : 602.0,
    "minResTime" : 231.0,
    "maxResTime" : 34744.0,
    "pct1ResTime" : 1162.8000000000002,
    "pct2ResTime" : 1459.7999999999993,
    "pct3ResTime" : 3263.0999999999885,
    "throughput" : 2.117088524080111,
    "receivedKBytesPerSec" : 0.7525116075607923,
    "sentKBytesPerSec" : 0.63057812484808
  },
  "WIFSOpmetGlobalAllDataVarOneMinuteIWXXM" : {
    "transaction" : "WIFSOpmetGlobalAllDataVarOneMinuteIWXXM",
    "sampleCount" : 7621,
    "errorCount" : 0,
    "errorPct" : 0.0,
    "meanResTime" : 347.19708699645713,
    "medianResTime" : 211.0,
    "minResTime" : 79.0,
    "maxResTime" : 34399.0,
    "pct1ResTime" : 674.0,
    "pct2ResTime" : 902.7999999999993,
    "pct3ResTime" : 1949.0399999999954,
    "throughput" : 2.1178333461627923,
    "receivedKBytesPerSec" : 0.7569599655230292,
    "sentKBytesPerSec" : 0.6142543982522942
  },
  "WIFSOpmetEurNatAllDataVarOneMinuteTAC" : {
    "transaction" : "WIFSOpmetEurNatAllDataVarOneMinuteTAC",
    "sampleCount" : 7610,
    "errorCount" : 0,
    "errorPct" : 0.0,
    "meanResTime" : 330.2795006570314,
    "medianResTime" : 205.0,
    "minResTime" : 80.0,
    "maxResTime" : 34264.0,
    "pct1ResTime" : 660.9000000000005,
    "pct2ResTime" : 877.4499999999998,
    "pct3ResTime" : 1851.5600000000013,
    "throughput" : 2.1187974362829443,
    "receivedKBytesPerSec" : 0.755235414300073,
    "sentKBytesPerSec" : 0.6331562651392393
  },
  "WIFSGriddedLowResItemGlobal" : {
    "transaction" : "WIFSGriddedLowResItemGlobal",
    "sampleCount" : 4038,
    "errorCount" : 0,
    "errorPct" : 0.0,
    "meanResTime" : 698.2265973254102,
    "medianResTime" : 223.0,
    "minResTime" : 74.0,
    "maxResTime" : 35176.0,
    "pct1ResTime" : 979.0,
    "pct2ResTime" : 1764.1499999999937,
    "pct3ResTime" : 14491.370000000003,
    "throughput" : 1.123851934316727,
    "receivedKBytesPerSec" : 18.004854002139577,
    "sentKBytesPerSec" : 0.24803763394099637
  },
  "WIFSOpmetNamCarAllDataVarFiveMinuteIWXXM" : {
    "transaction" : "WIFSOpmetNamCarAllDataVarFiveMinuteIWXXM",
    "sampleCount" : 7613,
    "errorCount" : 5,
    "errorPct" : 0.06567713,
    "meanResTime" : 735.8629975042676,
    "medianResTime" : 586.0,
    "minResTime" : 238.0,
    "maxResTime" : 32475.0,
    "pct1ResTime" : 1097.0,
    "pct2ResTime" : 1370.199999999997,
    "pct3ResTime" : 3087.6799999999876,
    "throughput" : 2.1187425361846324,
    "receivedKBytesPerSec" : 0.7592317120520911,
    "sentKBytesPerSec" : 0.616587183381856
  },
  "WIFSOpmetEurNatAllDataVarFiveMinuteTAC" : {
    "transaction" : "WIFSOpmetEurNatAllDataVarFiveMinuteTAC",
    "sampleCount" : 7608,
    "errorCount" : 1,
    "errorPct" : 0.013144059,
    "meanResTime" : 740.103180862248,
    "medianResTime" : 596.5,
    "minResTime" : 233.0,
    "maxResTime" : 30734.0,
    "pct1ResTime" : 1147.0,
    "pct2ResTime" : 1411.5499999999993,
    "pct3ResTime" : 2904.91,
    "throughput" : 2.1177399973110713,
    "receivedKBytesPerSec" : 0.7548345738312695,
    "sentKBytesPerSec" : 0.6328402726339725
  },
  "WIFSGriddedLowResCubeFullTimeFullVertRoughlyGlobal" : {
    "transaction" : "WIFSGriddedLowResCubeFullTimeFullVertRoughlyGlobal",
    "sampleCount" : 3963,
    "errorCount" : 0,
    "errorPct" : 0.0,
    "meanResTime" : 6882.977542265964,
    "medianResTime" : 5180.0,