{
  "Tile-5117-MRMS_Tiles_CONUS-ReflectivityAtLowestAltitude" : {
    "transaction" : "Tile-5117-MRMS_Tiles_CONUS-ReflectivityAtLowestAltitude",
    "sampleCount" : 6,
    "errorCount" : 3,
    "errorPct" : 50.0,
    "meanResTime" : 17570.0,
    "medianResTime" : 12617.0,
    "minResTime" : 682.0,
    "maxResTime" : 54438.0,
    "pct1ResTime" : 54438.0,
    "pct2ResTime" : 54438.0,
    "pct3ResTime" : 54438.0,
    "throughput" : 0.10541851149061775,
    "receivedKBytesPerSec" : 2.7777880725542907,
    "sentKBytesPerSec" : 0.02553104575163399
  },
  "Tile-464-MRMS_Tiles_CONUS-ReflectivityAtLowestAltitude" : {
    "transaction" : "Tile-464-MRMS_Tiles_CONUS-ReflectivityAtLowestAltitude",
    "sampleCount" : 26,
    "errorCount" : 9,
    "errorPct" : 34.615383,
    "meanResTime" : 9919.038461538461,
    "medianResTime" : 5599.5,
    "minResTime" : 2277.0,
    "maxResTime" : 47733.0,
    "pct1ResTime" : 25451.10000000001,
    "pct2ResTime" : 42758.44999999998,
    "pct3ResTime" : 47733.0,
    "throughput" : 0.32695765898316165,
    "receivedKBytesPerSec" : 83.56619733309441,
    "sentKBytesPerSec" : 0.07886576344613372
  },
  "Tile-453-MRMS_Tiles_CONUS-ReflectivityAtLowestAltitude" : {
    "transaction" : "Tile-453-MRMS_Tiles_CONUS-ReflectivityAtLowestAltitude",
    "sampleCount" : 85,
    "errorCount" : 38,
    "errorPct" : 44.705883,
    "meanResTime" : 12187.329411764706,
    "medianResTime" : 7104.0,
    "minResTime" : 2.0,
    "maxResTime" : 55465.0,
    "pct1ResTime" : 26173.800000000043,
    "pct2ResTime" : 47732.7,
    "pct3ResTime" : 55465.0,
    "throughput" : 0.8962085108177639,
    "receivedKBytesPerSec" : 68.61873387154169,
    "sentKBytesPerSec" : 0.21617529508983174
  },
  "Tile-465-MRMS_Tiles_CONUS-ReflectivityAtLowestAltitude" : {
    "transaction" : "Tile-465-MRMS_Tiles_CONUS-ReflectivityAtLowestAltitude",
    "sampleCount" : 8,
    "errorCount" : 3,
    "errorPct" : 37.5,
    "meanResTime" : 10684.75,
    "medianResTime" : 2944.5,
    "minResTime" : 883.0,
    "maxResTime" : 52891.0,
    "pct1ResTime" : 52891.0,
    "pct2ResTime" : 52891.0,
    "pct3ResTime" : 52891.0,
    "throughput" : 0.13031226075483376,
    "receivedKBytesPerSec" : 0.48399424386310697,
    "sentKBytesPerSec" : 0.03143274258441791
  },
  "Tile-321-MRMS_Tiles_CONUS-ReflectivityAtLowestAltitude" : {
    "transaction" : "Tile-321-MRMS_Tiles_CONUS-ReflectivityAtLowestAltitude",
    "sampleCount" : 500,
    "errorCount" : 413,
    "errorPct" : 82.6,
    "meanResTime" : 27244.754000000004,
    "medianResTime" : 31813.5,
    "minResTime" : 700.0,
    "maxResTime" : 44082.0,
    "pct1ResTime" : 40750.6,
    "pct2ResTime" : 41492.0,
    "pct3ResTime" : 44000.6,
    "throughput" : 10.494721155258905,
    "receivedKBytesPerSec" : 275.5158237437819,
    "sentKBytesPerSec" : 2.5314415286610834
  },
  "Tile-322-MRMS_Tiles_CONUS-ReflectivityAtLowestAltitude" : {
    "transaction" : "Tile-322-MRMS_Tiles_CONUS-ReflectivityAtLowestAltitude",
    "sampleCount" : 500,
    "errorCount" : 442,
    "errorPct" : 88.4,
    "meanResTime" : 24615.052000000018,
    "medianResTime" : 20002.0,
    "minResTime" : 2.0,
    "maxResTime" : 62996.0,
    "pct1ResTime" : 60016.0,
    "pct2ResTime" : 60019.95,
    "pct3ResTime" : 62993.99,
    "throughput" : 4.949955945392086,
    "receivedKBytesPerSec" : 233.8136343906852,
    "sentKBytesPerSec" : 1.072197195726208
  },
  "Tile-454-MRMS_Tiles_CONUS-ReflectivityAtLowestAltitude" : {
    "transaction" : "Tile-454-MRMS_Tiles_CONUS-ReflectivityAtLowestAltitude",
    "sampleCount" : 53,
    "errorCount" : 28,
    "errorPct" : 52.83019,
    "meanResTime" : 11489.433962264151,
    "medianResTime" : 7258.0,
    "minResTime" : 1007.0,
    "maxResTime" : 60005.0,
    "pct1ResTime" : 33475.8,
    "pct2ResTime" : 48208.6,
    "pct3ResTime" : 60005.0,
    "throughput" : 0.5847953216374269,
    "receivedKBytesPerSec" : 93.3854511475229,
    "sentKBytesPerSec" : 0.13041306341719078
  },
  "Tile-5118-MRMS_Tiles_CONUS-ReflectivityAtLowestAltitude" : {
    "transaction" : "Tile-5118-MRMS_Tiles_CONUS-ReflectivityAtLowestAltitude",
    "sampleCount" : 1,
    "errorCount" : 0,
    "errorPct" : 0.0,
    "meanResTime" : 963.0,
    "medianResTime" : 963.0,
    "minResTime" : 963.0,
    "maxResTime" : 963.0,
    "pct1ResTime" : 963.0,
    "pct2ResTime" : 963.0,
    "pct3ResTime" : 963.0,
    "throughput" : 1.0384215991692627,
    "receivedKBytesPerSec" : 164.57461221443407,
    "sentKBytesPerSec" : 0.2514927310488058
  },
  "Tile-5126-MRMS_Tiles_CONUS-ReflectivityAtLowestAltitude" : {
    "transaction" : "Tile-5126-MRMS_Tiles_CONUS-ReflectivityAtLowestAltitude",
    "sampleCount" : 1,
    "errorCount" : 1,
    "errorPct" : 100.0,
    "meanResTime" : 6700.0,
    "medianResTime" : 6700.0,
    "minResTime" : 6700.0,
    "maxResTime" : 6700.0,
    "pct1ResTime" : 6700.0,
    "pct2ResTime" : 6700.0,
    "pct3ResTime" : 6700.0,
    "throughput" : 0.1492537313432836,
    "receivedKBytesPerSec" : 0.040374300373134324,
    "sentKBytesPerSec" : 0.03614738805970149
  },
  "Tile-455-MRMS_Tiles_CONUS-ReflectivityAtLowestAltitude" : {
    "transaction" : "Tile-455-MRMS_Tiles_CONUS-ReflectivityAtLowestAltitude",
    "sampleCount" : 20,
    "errorCount" : 8,
    "errorPct" : 40.0,
    "meanResTime" : 17176.949999999997,
    "medianResTime" : 7417.5,
    "minResTime" : 869.0,
    "maxResTime" : 60004.0,
    "pct1ResTime" : 59910.200000000004,
    "pct2ResTime" : 60003.8,
    "pct3ResTime" : 60004.0,
    "throughput" : 0.2727657078952034,
    "receivedKBytesPerSec" : 10.442105265401034,
    "sentKBytesPerSec" : 0.06579407211925317
  },
  "Tile-462-MRMS_Tiles_CONUS-ReflectivityAtLowestAltitude" : {
    "transaction" : "Tile-462-MRMS_Tiles_CONUS-ReflectivityAtLowestAltitude",
    "sampleCount" : 12,
    "errorCount" : 5,
    "errorPct" : 41.666668,
    "meanResTime" : 8549.75,
    "medianResTime" : 7749.0,
    "minResTime" : 12.0,
    "maxResTime" : 18147.0,
    "pct1ResTime" : 18142.2,
    "pct2ResTime" : 18147.0,
    "pct3ResTime" : 18147.0,
    "throughput" : 0.3307881026545745,
    "receivedKBytesPerSec" : 3.9918274233674227,
    "sentKBytesPerSec" : 0.07978970835515616
  },
  "Total" : {
    "transaction" : "Total",
    "sampleCount" : 1750,
    "errorCount" : 1269,
    "errorPct" : 72.51428,
    "meanResTime" : 21572.69028571424,
    "medianResTime" : 19032.0,
    "minResTime" : 2.0,
    "maxResTime" : 62996.0,
    "pct1ResTime" : 41251.8,
    "pct2ResTime" : 49247.45,
    "pct3ResTime" : 60021.98,
    "throughput" : 16.63656241087556,
    "receivedKBytesPerSec" : 1065.3156267824888,
    "sentKBytesPerSec" : 3.8639715930696834
  },
  "Tile-463-MRMS_Tiles_CONUS-ReflectivityAtLowestAltitude" : {
    "transaction" : "Tile-463-MRMS_Tiles_CONUS-ReflectivityAtLowestAltitude",
    "sampleCount" : 42,
    "errorCount" : 17,
    "errorPct" : 40.47619,
    "meanResTime" : 13894.666666666666,
    "medianResTime" : 7338.5,
    "minResTime" : 1622.0,
    "maxResTime" : 60001.0,
    "pct1ResTime" : 47025.30000000001,
    "pct2ResTime" : 49199.9,
    "pct3ResTime" : 60001.0,
    "throughput" : 0.5024103735779991,
    "receivedKBytesPerSec" : 119.32582807995503,
    "sentKBytesPerSec" : 0.1183014753818917
  },
  "Tile-5116-MRMS_Tiles_CONUS-ReflectivityAtLowestAltitude" : {
    "transaction" : "Tile-5116-MRMS_Tiles_CONUS-ReflectivityAtLowestAltitude",
    "sampleCount" : 2,
    "errorCount" : 1,
    "errorPct" : 50.0,
    "meanResTime" : 7759.0,
    "medianResTime" : 7759.0,
    "minResTime" : 6559.0,
    "maxResTime" : 8959.0,
    "pct1ResTime" : 8959.0,
    "pct2ResTime" : 8959.0,
    "pct3ResTime" : 8959.0,
    "throughput" : 0.10035626473982638,
    "receivedKBytesPerSec" : 1.2361265304330373,
    "sentKBytesPerSec" : 0.024305032866676703
  },
  "Tile-332-MRMS_Tiles_CONUS-ReflectivityAtLowestAltitude" : {
    "transaction" : "Tile-332-MRMS_Tiles_CONUS-ReflectivityAtLowestAltitude",
    "sampleCount" : 146,
    "errorCount" : 92,
    "errorPct" : 63.0137,
    "meanResTime" : 16531.80821917808,