{
  "NCPPServerlessEastGFSAreaUS-1time-fullzedd" : {
    "transaction" : "NCPPServerlessEastGFSAreaUS-1time-fullzedd",
    "sampleCount" : 901,
    "errorCount" : 0,
    "errorPct" : 0.0,
    "meanResTime" : 6438.671476137623,
    "medianResTime" : 6275.0,
    "minResTime" : 4647.0,
    "maxResTime" : 10105.0,
    "pct1ResTime" : 7938.0,
    "pct2ResTime" : 8271.7,
    "pct3ResTime" : 8982.600000000002,
    "throughput" : 13.73056994818653,
    "receivedKBytesPerSec" : 23758.109769672927,
    "sentKBytesPerSec" : 15.433482431994818
  },
  "Total" : {
    "transaction" : "Total",
    "sampleCount" : 901,
    "errorCount" : 0,
    "errorPct" : 0.0,
    "meanResTime" : 6438.671476137623,
    "medianResTime" : 6275.0,
    "minResTime" : 4647.0,
    "maxResTime" : 10105.0,
    "pct1ResTime" : 7938.0,
    "pct2ResTime" : 8271.7,
    "pct3ResTime" : 8982.600000000002,
    "throughput" : 13.73056994818653,
    "receivedKBytesPerSec" : 23758.109769672927,
    "sentKBytesPerSec" : 15.433482431994818
  }
}