{
  "WIFSOpmetNamCarAllDataVarFiveMinuteTAC" : {
    "transaction" : "WIFSOpmetNamCarAllDataVarFiveMinuteTAC",
    "sampleCount" : 7417,
    "errorCount" : 0,
    "errorPct" : 0.0,
    "meanResTime" : 682.9786975866265,
    "medianResTime" : 591.0,
    "minResTime" : 205.0,
    "maxResTime" : 4850.0,
    "pct1ResTime" : 1204.1999999999998,
    "pct2ResTime" : 1384.3999999999978,
    "pct3ResTime" : 2211.6399999999994,
    "throughput" : 2.0605542354710367,
    "receivedKBytesPerSec" : 0.7344748983856724,
    "sentKBytesPerSec" : 0.6137392986510413
  },
  "WIFSGriddedHighResCubeFullTimeFullVertUSA" : {
    "transaction" : "WIFSGriddedHighResCubeFullTimeFullVertUSA",
    "sampleCount" : 2302,
    "errorCount" : 0,
    "errorPct" : 0.0,
    "meanResTime" : 15139.559513466584,
    "medianResTime" : 13478.0,
    "minResTime" : 1031.0,
    "maxResTime" : 52256.0,
    "pct1ResTime" : 28489.20000000002,
    "pct2ResTime" : 33024.84999999999,
    "pct3ResTime" : 42337.64999999995,
    "throughput" : 0.6366585328146033,
    "receivedKBytesPerSec" : 0.18216889659636595,
    "sentKBytesPerSec" : 0.22382526544263392
  },
  "WIFSOpmetEurNatAllDataVarOneMinuteIWXXM" : {
    "transaction" : "WIFSOpmetEurNatAllDataVarOneMinuteIWXXM",
    "sampleCount" : 7411,
    "errorCount" : 2,
    "errorPct" : 0.026986912,
    "meanResTime" : 504.5610578869251,
    "medianResTime" : 344.0,
    "minResTime" : 69.0,
    "maxResTime" : 60002.0,
    "pct1ResTime" : 1049.0,
    "pct2ResTime" : 1219.3999999999996,
    "pct3ResTime" : 2016.4000000000005,
    "throughput" : 2.060049712493669,
    "receivedKBytesPerSec" : 0.7382778795907754,
    "sentKBytesPerSec" : 0.5974948873150584
  },
  "WIFSGriddedHighResCubeFullTimeFullVertRoughlyGlobal" : {
    "transaction" : "WIFSGriddedHighResCubeFullTimeFullVertRoughlyGlobal",
    "sampleCount" : 2277,
    "errorCount" : 0,
    "errorPct" : 0.0,
    "meanResTime" : 19049.06016688631,
    "medianResTime" : 17592.0,
    "minResTime" : 4561.0,
    "maxResTime" : 53570.0,
    "pct1ResTime" : 32033.000000000007,
    "pct2ResTime" : 37258.3,
    "pct3ResTime" : 46030.07999999988,
    "throughput" : 0.6287333632099034,
    "receivedKBytesPerSec" : 0.17990124552783368,
    "sentKBytesPerSec" : 0.2198110781534623
  },
  "WIFSGriddedLowResCubeFullTimeFullVertUSA" : {
    "transaction" : "WIFSGriddedLowResCubeFullTimeFullVertUSA",
    "sampleCount" : 2261,
    "errorCount" : 0,
    "errorPct" : 0.0,
    "meanResTime" : 14818.692613887653,
    "medianResTime" : 13376.0,
    "minResTime" : 902.0,
    "maxResTime" : 47929.0,
    "pct1ResTime" : 28562.6,
    "pct2ResTime" : 33470.600000000006,
    "pct3ResTime" : 41237.36000000006,
    "throughput" : 0.626033294117419,
    "receivedKBytesPerSec" : 0.17912866716445683,
    "sentKBytesPerSec" : 0.21153078102014355
  },
  "WIFSOpmetNamCarAllDataVarOneMinuteTAC" : {
    "transaction" : "WIFSOpmetNamCarAllDataVarOneMinuteTAC",
    "sampleCount" : 7418,
    "errorCount" : 0,
    "errorPct" : 0.0,
    "meanResTime" : 427.4317875438134,
    "medianResTime" : 286.0,
    "minResTime" : 67.0,
    "maxResTime" : 4910.0,
    "pct1ResTime" : 1002.0,
    "pct2ResTime" : 1166.0,
    "pct3ResTime" : 2039.7699999999913,
    "throughput" : 2.0615084305634603,
    "receivedKBytesPerSec" : 0.7348150167535773,
    "sentKBytesPerSec" : 0.6140235071502494
  },
  "WIFSOpmetGlobalAllDataVarOneMinuteTAC" : {
    "transaction" : "WIFSOpmetGlobalAllDataVarOneMinuteTAC",
    "sampleCount" : 7422,
    "errorCount" : 0,
    "errorPct" : 0.0,
    "meanResTime" : 426.128940986257,
    "medianResTime" : 287.0,
    "minResTime" : 71.0,
    "maxResTime" : 4421.0,
    "pct1ResTime" : 1010.0,
    "pct2ResTime" : 1157.0,
    "pct3ResTime" : 1993.079999999998,
    "throughput" : 2.0619748173477035,
    "receivedKBytesPerSec" : 0.7329676108540665,
    "sentKBytesPerSec" : 0.6121487739000995
  },
  "WIFSOpmetGlobalAllDataVarFiveMinuteTAC" : {
    "transaction" : "WIFSOpmetGlobalAllDataVarFiveMinuteTAC",
    "sampleCount" : 7421,
    "errorCount" : 1,
    "errorPct" : 0.013475273,
    "meanResTime" : 690.3967120334194,
    "medianResTime" : 587.0,
    "minResTime" : 206.0,
    "maxResTime" : 60000.0,
    "pct1ResTime" : 1202.0,
    "pct2ResTime" : 1393.7999999999993,
    "pct3ResTime" : 2211.579999999997,
    "throughput" : 2.0613030012638363,
    "receivedKBytesPerSec" : 0.7327092707942724,
    "sentKBytesPerSec" : 0.6119493285002013
  },
  "WIFSGriddedHighResCubeFullTimeFullVertNorthAmerica" : {
    "transaction" : "WIFSGriddedHighResCubeFullTimeFullVertNorthAmerica",
    "sampleCount" : 2296,
    "errorCount" : 0,
    "errorPct" : 0.0,
    "meanResTime" : 15604.702961672474,
    "medianResTime" : 14042.0,
    "minResTime" : 1579.0,
    "maxResTime" : 48925.0,
    "pct1ResTime" : 28241.30000000001,
    "pct2ResTime" : 33284.9,
    "pct3ResTime" : 43117.420000000006,
    "throughput" : 0.6329907849664689,
    "receivedKBytesPerSec" : 0.18111943358903845,
    "sentKBytesPerSec" : 0.22315397790321803
  },
  "WIFSOpmetGlobalAllDataVarOneMinuteIWXXM" : {
    "transaction" : "WIFSOpmetGlobalAllDataVarOneMinuteIWXXM",
    "sampleCount" : 7422,
    "errorCount" : 2,
    "errorPct" : 0.026946915,
    "meanResTime" : 503.9680679062255,
    "medianResTime" : 343.0,
    "minResTime" : 72.0,
    "maxResTime" : 60002.0,
    "pct1ResTime" : 1050.0,
    "pct2ResTime" : 1221.8499999999995,
    "pct3ResTime" : 2065.539999999999,
    "throughput" : 2.0615664516308234,
    "receivedKBytesPerSec" : 0.7368088009610644,
    "sentKBytesPerSec" : 0.5959215524245349
  },
  "WIFSOpmetEurNatAllDataVarOneMinuteTAC" : {
    "transaction" : "WIFSOpmetEurNatAllDataVarOneMinuteTAC",
    "sampleCount" : 7411,
    "errorCount" : 1,
    "errorPct" : 0.013493456,
    "meanResTime" : 433.932262852518,
    "medianResTime" : 293.0,
    "minResTime" : 70.0,
    "maxResTime" : 60000.0,
    "pct1ResTime" : 996.0,
    "pct2ResTime" : 1153.3999999999996,
    "pct3ResTime" : 1948.7600000000002,
    "throughput" : 2.0600445587832645,
    "receivedKBytesPerSec" : 0.7342734102132178,
    "sentKBytesPerSec" : 0.6135874906532185
  },
  "WIFSGriddedLowResItemGlobal" : {
    "transaction" : "WIFSGriddedLowResItemGlobal",
    "sampleCount" : 2303,
    "errorCount" : 0,
    "errorPct" : 0.0,
    "meanResTime" : 570.7911419887093,
    "medianResTime" : 445.0,
    "minResTime" : 49.0,
    "maxResTime" : 4370.0,
    "pct1ResTime" : 1154.6,
    "pct2ResTime" : 1552.7999999999997,
    "pct3ResTime" : 2517.2800000000007,
    "throughput" : 0.6397126265328242,
    "receivedKBytesPerSec" : 10.315173505904356,
    "sentKBytesPerSec" : 0.14056185641590377
  },
  "WIFSOpmetNamCarAllDataVarFiveMinuteIWXXM" : {
    "transaction" : "WIFSOpmetNamCarAllDataVarFiveMinuteIWXXM",
    "sampleCount" : 7412,
    "errorCount" : 1,
    "errorPct" : 0.013491635,
    "meanResTime" : 620.1713437668665,
    "medianResTime" : 501.0,
    "minResTime" : 205.0,
    "maxResTime" : 60002.0,
    "pct1ResTime" : 1153.0,
    "pct2ResTime" : 1331.0,
    "pct3ResTime" : 2153.74,
    "throughput" : 2.0592126428766298,
    "receivedKBytesPerSec" : 0.737998245435949,
    "sentKBytesPerSec" : 0.5972521044280851
  },
  "WIFSOpmetEurNatAllDataVarFiveMinuteTAC" : {
    "transaction" : "WIFSOpmetEurNatAllDataVarFiveMinuteTAC",
    "sampleCount" : 7411,
    "errorCount" : 0,
    "errorPct" : 0.0,
    "meanResTime" : 683.9295641613782,
    "medianResTime" : 591.0,
    "minResTime" : 204.0,
    "maxResTime" : 4577.0,
    "pct1ResTime" : 1211.0,
    "pct2ResTime" : 1411.0,
    "pct3ResTime" : 2252.5200000000004,
    "throughput" : 2.0593639230340868,
    "receivedKBytesPerSec" : 0.7340506170971111,
    "sentKBytesPerSec" : 0.6133847622318325
  },
  "WIFSGriddedLowResCubeFullTimeFullVertRoughlyGlobal" : {
    "transaction" : "WIFSGriddedLowResCubeFullTimeFullVertRoughlyGlobal",
    "sampleCount" : 2234,
    "errorCount" : 0,
    "errorPct" : 0.0,
    "meanResTime" : 15425.389883616821,
    "medianResTime" : 14084.0,
    "minResTime" : 1313.0,