{
  "NCPPServerEastGFSAreaUS-1time-fullzedd" : {
    "transaction" : "NCPPServerEastGFSAreaUS-1time-fullzedd",
    "sampleCount" : 344,
    "errorCount" : 0,
    "errorPct" : 0.0,
    "meanResTime" : 51885.674418604656,
    "medianResTime" : 60434.5,
    "minResTime" : 7612.0,
    "maxResTime" : 74470.0,
    "pct1ResTime" : 73667.0,
    "pct2ResTime" : 74045.0,
    "pct3ResTime" : 74461.0,
    "throughput" : 2.630572761336698,
    "receivedKBytesPerSec" : 4551.887617572837,
    "sentKBytesPerSec" : 2.9722389500649995
  },
  "Total" : {
    "transaction" : "Total",
    "sampleCount" : 344,
    "errorCount" : 0,
    "errorPct" : 0.0,
    "meanResTime" : 51885.674418604656,
    "medianResTime" : 60434.5,
    "minResTime" : 7612.0,
    "maxResTime" : 74470.0,
    "pct1ResTime" : 73667.0,
    "pct2ResTime" : 74045.0,
    "pct3ResTime" : 74461.0,
    "throughput" : 2.630572761336698,
    "receivedKBytesPerSec" : 4551.887617572837,
    "sentKBytesPerSec" : 2.9722389500649995
  }
}