{
  "WIFSGriddedHighResCubeFullTimeFullVertUSA" : {
    "transaction" : "WIFSGriddedHighResCubeFullTimeFullVertUSA",
    "sampleCount" : 1130,
    "errorCount" : 197,
    "errorPct" : 17.433628,
    "meanResTime" : 29020.189380530963,
    "medianResTime" : 27638.5,
    "minResTime" : 1.0,
    "maxResTime" : 88880.0,
    "pct1ResTime" : 56599.1,
    "pct2ResTime" : 61059.600000000006,
    "pct3ResTime" : 68878.39,
    "throughput" : 0.3102851850356869,
    "receivedKBytesPerSec" : 335.8522163556641,
    "sentKBytesPerSec" : 0.10908463536410867
  },
  "WIFSOpmetNamCarAllDataVarFiveMinuteTAC" : {
    "transaction" : "WIFSOpmetNamCarAllDataVarFiveMinuteTAC",
    "sampleCount" : 13483,
    "errorCount" : 0,
    "errorPct" : 0.0,
    "meanResTime" : 402.0400504338817,
    "medianResTime" : 298.0,
    "minResTime" : 107.0,
    "maxResTime" : 31645.0,
    "pct1ResTime" : 691.0,
    "pct2ResTime" : 915.0,
    "pct3ResTime" : 1617.0,
    "throughput" : 3.7479534000661583,
    "receivedKBytesPerSec" : 1.3359404209220194,
    "sentKBytesPerSec" : 1.116333776386893
  },
  "WIFSOpmetEurNatAllDataVarOneMinuteIWXXM" : {
    "transaction" : "WIFSOpmetEurNatAllDataVarOneMinuteIWXXM",
    "sampleCount" : 13478,
    "errorCount" : 0,
    "errorPct" : 0.0,
    "meanResTime" : 220.1191571449768,
    "medianResTime" : 108.0,
    "minResTime" : 37.0,
    "maxResTime" : 66737.0,
    "pct1ResTime" : 474.0,
    "pct2ResTime" : 621.0,
    "pct3ResTime" : 1190.6299999999974,
    "throughput" : 3.748413015153011,
    "receivedKBytesPerSec" : 1.3434253677355028,
    "sentKBytesPerSec" : 1.0871861967777776
  },
  "WIFSGriddedHighResCubeFullTimeFullVertRoughlyGlobal" : {
    "transaction" : "WIFSGriddedHighResCubeFullTimeFullVertRoughlyGlobal",
    "sampleCount" : 1104,
    "errorCount" : 240,
    "errorPct" : 21.73913,
    "meanResTime" : 38359.27898550723,
    "medianResTime" : 34285.5,
    "minResTime" : 1.0,
    "maxResTime" : 90023.0,
    "pct1ResTime" : 75981.5,
    "pct2ResTime" : 90001.0,
    "pct3ResTime" : 90009.0,
    "throughput" : 0.30393814638476035,
    "receivedKBytesPerSec" : 6438.601751046095,
    "sentKBytesPerSec" : 0.10625962539623457
  },
  "WIFSGriddedLowResCubeFullTimeFullVertUSA" : {
    "transaction" : "WIFSGriddedLowResCubeFullTimeFullVertUSA",
    "sampleCount" : 1091,
    "errorCount" : 254,
    "errorPct" : 23.281393,
    "meanResTime" : 35485.7607699358,
    "medianResTime" : 29819.0,
    "minResTime" : 1.0,
    "maxResTime" : 90012.0,
    "pct1ResTime" : 75263.80000000003,
    "pct2ResTime" : 90002.0,
    "pct3ResTime" : 90008.08,
    "throughput" : 0.30599849609171764,
    "receivedKBytesPerSec" : 26.791829217411653,
    "sentKBytesPerSec" : 0.10339402309349054
  },
  "WIFSOpmetNamCarAllDataVarOneMinuteTAC" : {
    "transaction" : "WIFSOpmetNamCarAllDataVarOneMinuteTAC",
    "sampleCount" : 13484,
    "errorCount" : 1,
    "errorPct" : 0.007416197,
    "meanResTime" : 207.80754968851986,
    "medianResTime" : 101.0,
    "minResTime" : 37.0,
    "maxResTime" : 90002.0,
    "pct1ResTime" : 459.0,
    "pct2ResTime" : 588.75,
    "pct3ResTime" : 1132.7499999999982,
    "throughput" : 3.7477531963882154,
    "receivedKBytesPerSec" : 1.3358492451233208,
    "sentKBytesPerSec" : 1.1162741454085994
  },
  "WIFSOpmetGlobalAllDataVarOneMinuteTAC" : {
    "transaction" : "WIFSOpmetGlobalAllDataVarOneMinuteTAC",
    "sampleCount" : 13490,
    "errorCount" : 0,
    "errorPct" : 0.0,
    "meanResTime" : 197.97531504818303,
    "medianResTime" : 101.0,
    "minResTime" : 38.0,
    "maxResTime" : 13461.0,
    "pct1ResTime" : 453.0,
    "pct2ResTime" : 593.4499999999989,
    "pct3ResTime" : 1104.0,
    "throughput" : 3.747261776652087,
    "receivedKBytesPerSec" : 1.3320344596692966,
    "sentKBytesPerSec" : 1.1124683399435884
  },
  "WIFSOpmetGlobalAllDataVarFiveMinuteTAC" : {
    "transaction" : "WIFSOpmetGlobalAllDataVarFiveMinuteTAC",
    "sampleCount" : 13489,
    "errorCount" : 2,
    "errorPct" : 0.014826896,
    "meanResTime" : 414.8198532137293,
    "medianResTime" : 296.0,
    "minResTime" : 108.0,
    "maxResTime" : 90002.0,
    "pct1ResTime" : 693.0,
    "pct2ResTime" : 902.0,
    "pct3ResTime" : 1638.1000000000004,
    "throughput" : 3.747494076909058,
    "receivedKBytesPerSec" : 1.3320779669212595,
    "sentKBytesPerSec" : 1.1125373040823765
  },
  "WIFSGriddedHighResCubeFullTimeFullVertNorthAmerica" : {
    "transaction" : "WIFSGriddedHighResCubeFullTimeFullVertNorthAmerica",
    "sampleCount" : 1121,
    "errorCount" : 181,
    "errorPct" : 16.146297,
    "meanResTime" : 31179.058876003524,
    "medianResTime" : 28533.0,
    "minResTime" : 1.0,
    "maxResTime" : 85543.0,
    "pct1ResTime" : 60199.40000000001,
    "pct2ResTime" : 64173.899999999994,
    "pct3ResTime" : 78567.13999999997,
    "throughput" : 0.30798251670344967,
    "receivedKBytesPerSec" : 1232.9232837611582,
    "sentKBytesPerSec" : 0.10857586770502473
  },
  "WIFSOpmetGlobalAllDataVarOneMinuteIWXXM" : {
    "transaction" : "WIFSOpmetGlobalAllDataVarOneMinuteIWXXM",
    "sampleCount" : 13489,
    "errorCount" : 1,
    "errorPct" : 0.007413448,
    "meanResTime" : 224.86900437393368,
    "medianResTime" : 109.0,
    "minResTime" : 36.0,
    "maxResTime" : 90002.0,
    "pct1ResTime" : 470.0,
    "pct2ResTime" : 620.5,
    "pct3ResTime" : 1173.1000000000004,
    "throughput" : 3.7474201586145797,
    "receivedKBytesPerSec" : 1.3393898631715193,
    "sentKBytesPerSec" : 1.0832386395995268
  },
  "WIFSOpmetEurNatAllDataVarOneMinuteTAC" : {
    "transaction" : "WIFSOpmetEurNatAllDataVarOneMinuteTAC",
    "sampleCount" : 13480,
    "errorCount" : 1,
    "errorPct" : 0.007418398,
    "meanResTime" : 203.19421364985152,
    "medianResTime" : 101.0,
    "minResTime" : 38.0,
    "maxResTime" : 90002.0,
    "pct1ResTime" : 457.89999999999964,
    "pct2ResTime" : 589.9499999999989,
    "pct3ResTime" : 1103.5700000000015,
    "throughput" : 3.7484677998829854,
    "receivedKBytesPerSec" : 1.3361039525305773,
    "sentKBytesPerSec" : 1.1164869911760846
  },
  "WIFSGriddedLowResItemGlobal" : {
    "transaction" : "WIFSGriddedLowResItemGlobal",
    "sampleCount" : 1130,
    "errorCount" : 13,
    "errorPct" : 1.1504425,
    "meanResTime" : 427.2530973451327,
    "medianResTime" : 180.0,
    "minResTime" : 7.0,
    "maxResTime" : 55246.0,
    "pct1ResTime" : 756.9,
    "pct2ResTime" : 1086.5000000000032,
    "pct3ResTime" : 1618.5300000000075,
    "throughput" : 0.31467040781006383,
    "receivedKBytesPerSec" : 5.029286038080967,
    "sentKBytesPerSec" : 0.06914144702857847
  },
  "WIFSOpmetNamCarAllDataVarFiveMinuteIWXXM" : {
    "transaction" : "WIFSOpmetNamCarAllDataVarFiveMinuteIWXXM",
    "sampleCount" : 13480,
    "errorCount" : 2,
    "errorPct" : 0.014836796,
    "meanResTime" : 398.04465875371,
    "medianResTime" : 284.0,
    "minResTime" : 108.0,
    "maxResTime" : 90001.0,
    "pct1ResTime" : 657.0,
    "pct2ResTime" : 865.0,
    "pct3ResTime" : 1621.9500000000025,
    "throughput" : 3.7479383558673027,
    "receivedKBytesPerSec" : 1.3432145225173802,
    "sentKBytesPerSec" : 1.087048527043544
  },
  "WIFSOpmetEurNatAllDataVarFiveMinuteTAC" : {
    "transaction" : "WIFSOpmetEurNatAllDataVarFiveMinuteTAC",
    "sampleCount" : 13477,
    "errorCount" : 0,
    "errorPct" : 0.0,
    "meanResTime" : 406.3154262818129,
    "medianResTime" : 298.0,
    "minResTime" : 105.0,
    "maxResTime" : 67143.0,
    "pct1ResTime" : 683.0,
    "pct2ResTime" : 912.0999999999985,
    "pct3ResTime" : 1675.2199999999993,
    "throughput" : 3.7486780743082178,
    "receivedKBytesPerSec" : 1.3361987276586909,
    "sentKBytesPerSec" : 1.1165496217421937
  },
  "WIFSGriddedLowResCubeFullTimeFullVertRoughlyGlobal" : {
    "transaction" : "WIFSGriddedLowResCubeFullTimeFullVertRoughlyGlobal",
    "sampleCount" : 1058,
    "errorCount" : 168,
    "errorPct" : 15.879017,
    "meanResTime" : 31653.04064272213,
    "medianResTime" : 29417.5,
    "minResTime" : 1.0,
    "maxResTime" : 90002.0,
    "pct1ResTime" : 57711.3,