{
  "WIFSGriddedHighResCubeFullTimeFullVertUSA" : {
    "transaction" : "WIFSGriddedHighResCubeFullTimeFullVertUSA",
    "sampleCount" : 2740,
    "errorCount" : 0,
    "errorPct" : 0.0,
    "meanResTime" : 12905.512408759116,
    "medianResTime" : 11862.0,
    "minResTime" : 1230.0,
    "maxResTime" : 43907.0,
    "pct1ResTime" : 23040.600000000002,
    "pct2ResTime" : 26061.95,
    "pct3ResTime" : 32417.63000000001,
    "throughput" : 0.7557778388284451,
    "receivedKBytesPerSec" : 0.21625283864915468,
    "sentKBytesPerSec" : 0.26644121075885613
  },
  "WIFSOpmetNamCarAllDataVarFiveMinuteTAC" : {
    "transaction" : "WIFSOpmetNamCarAllDataVarFiveMinuteTAC",
    "sampleCount" : 26287,
    "errorCount" : 6,
    "errorPct" : 0.022824971,
    "meanResTime" : 229.89405409517914,
    "medianResTime" : 147.0,
    "minResTime" : 86.0,
    "maxResTime" : 60011.0,
    "pct1ResTime" : 275.0,
    "pct2ResTime" : 313.0,
    "pct3ResTime" : 434.9900000000016,
    "throughput" : 7.304271666555984,
    "receivedKBytesPerSec" : 2.603454543798399,
    "sentKBytesPerSec" : 2.1827218066075496
  },
  "WIFSOpmetEurNatAllDataVarOneMinuteIWXXM" : {
    "transaction" : "WIFSOpmetEurNatAllDataVarOneMinuteIWXXM",
    "sampleCount" : 26281,
    "errorCount" : 1,
    "errorPct" : 0.0038050301,
    "meanResTime" : 96.06654997907258,
    "medianResTime" : 53.0,
    "minResTime" : 31.0,
    "maxResTime" : 60003.0,
    "pct1ResTime" : 101.0,
    "pct2ResTime" : 134.0,
    "pct3ResTime" : 234.9900000000016,
    "throughput" : 7.317319000694952,
    "receivedKBytesPerSec" : 2.6224953039940795,
    "sentKBytesPerSec" : 2.129454162311617
  },
  "WIFSGriddedHighResCubeFullTimeFullVertRoughlyGlobal" : {
    "transaction" : "WIFSGriddedHighResCubeFullTimeFullVertRoughlyGlobal",
    "sampleCount" : 2712,
    "errorCount" : 0,
    "errorPct" : 0.0,
    "meanResTime" : 17646.289823008938,
    "medianResTime" : 17080.0,
    "minResTime" : 4971.0,
    "maxResTime" : 50465.0,
    "pct1ResTime" : 28128.200000000008,
    "pct2ResTime" : 31924.799999999996,
    "pct3ResTime" : 37941.53999999999,
    "throughput" : 0.7494362647565991,
    "receivedKBytesPerSec" : 0.21443830622430032,
    "sentKBytesPerSec" : 0.26274181547619047
  },
  "WIFSGriddedLowResCubeFullTimeFullVertUSA" : {
    "transaction" : "WIFSGriddedLowResCubeFullTimeFullVertUSA",
    "sampleCount" : 2695,
    "errorCount" : 0,
    "errorPct" : 0.0,
    "meanResTime" : 11830.103525046374,
    "medianResTime" : 11179.0,
    "minResTime" : 881.0,
    "maxResTime" : 41019.0,
    "pct1ResTime" : 21519.000000000004,
    "pct2ResTime" : 25576.0,
    "pct3ResTime" : 32265.799999999996,
    "throughput" : 0.7488178680446768,
    "receivedKBytesPerSec" : 0.21426136263387724,
    "sentKBytesPerSec" : 0.25374980489404575
  },
  "WIFSOpmetNamCarAllDataVarOneMinuteTAC" : {
    "transaction" : "WIFSOpmetNamCarAllDataVarOneMinuteTAC",
    "sampleCount" : 26290,
    "errorCount" : 3,
    "errorPct" : 0.011411183,
    "meanResTime" : 95.69406618486082,
    "medianResTime" : 52.0,
    "minResTime" : 31.0,
    "maxResTime" : 60011.0,
    "pct1ResTime" : 97.0,
    "pct2ResTime" : 124.0,
    "pct3ResTime" : 215.9900000000016,
    "throughput" : 7.312997692052422,
    "receivedKBytesPerSec" : 2.606624256965081,
    "sentKBytesPerSec" : 2.185329388445352
  },
  "WIFSOpmetGlobalAllDataVarOneMinuteTAC" : {
    "transaction" : "WIFSOpmetGlobalAllDataVarOneMinuteTAC",
    "sampleCount" : 26291,
    "errorCount" : 0,
    "errorPct" : 0.0,
    "meanResTime" : 89.60073789509654,
    "medianResTime" : 52.0,
    "minResTime" : 31.0,
    "maxResTime" : 5110.0,
    "pct1ResTime" : 98.0,
    "pct2ResTime" : 125.0,
    "pct3ResTime" : 220.0,
    "throughput" : 7.303104242917175,
    "receivedKBytesPerSec" : 2.5960253363494643,
    "sentKBytesPerSec" : 2.17524100985326
  },
  "WIFSOpmetGlobalAllDataVarFiveMinuteTAC" : {
    "transaction" : "WIFSOpmetGlobalAllDataVarFiveMinuteTAC",
    "sampleCount" : 26290,
    "errorCount" : 2,
    "errorPct" : 0.0076074554,
    "meanResTime" : 220.9389121338903,
    "medianResTime" : 146.0,
    "minResTime" : 87.0,
    "maxResTime" : 60011.0,
    "pct1ResTime" : 278.0,
    "pct2ResTime" : 314.0,
    "pct3ResTime" : 432.0,
    "throughput" : 7.305497046122723,
    "receivedKBytesPerSec" : 2.5968368260685923,
    "sentKBytesPerSec" : 2.175953710026788
  },
  "WIFSGriddedHighResCubeFullTimeFullVertNorthAmerica" : {
    "transaction" : "WIFSGriddedHighResCubeFullTimeFullVertNorthAmerica",
    "sampleCount" : 2728,
    "errorCount" : 0,
    "errorPct" : 0.0,
    "meanResTime" : 13562.427419354826,
    "medianResTime" : 12455.0,
    "minResTime" : 1869.0,
    "maxResTime" : 44475.0,
    "pct1ResTime" : 23839.099999999995,
    "pct2ResTime" : 27497.74999999999,
    "pct3ResTime" : 33276.39,
    "throughput" : 0.7528642926235583,
    "receivedKBytesPerSec" : 0.21541917747920172,
    "sentKBytesPerSec" : 0.2661492909470001
  },
  "WIFSOpmetGlobalAllDataVarOneMinuteIWXXM" : {
    "transaction" : "WIFSOpmetGlobalAllDataVarOneMinuteIWXXM",
    "sampleCount" : 26290,
    "errorCount" : 1,
    "errorPct" : 0.0038037277,
    "meanResTime" : 96.31513883605841,
    "medianResTime" : 52.0,
    "minResTime" : 31.0,
    "maxResTime" : 60002.0,
    "pct1ResTime" : 99.0,
    "pct2ResTime" : 130.0,
    "pct3ResTime" : 223.9900000000016,
    "throughput" : 7.305241267471864,
    "receivedKBytesPerSec" : 2.6110329505908383,
    "sentKBytesPerSec" : 2.1188053285538513
  },
  "WIFSOpmetEurNatAllDataVarOneMinuteTAC" : {
    "transaction" : "WIFSOpmetEurNatAllDataVarOneMinuteTAC",
    "sampleCount" : 26281,
    "errorCount" : 0,
    "errorPct" : 0.0,
    "meanResTime" : 89.88485978463507,
    "medianResTime" : 52.0,
    "minResTime" : 31.0,
    "maxResTime" : 9465.0,
    "pct1ResTime" : 98.0,
    "pct2ResTime" : 126.0,
    "pct3ResTime" : 220.0,
    "throughput" : 7.317094900891661,
    "receivedKBytesPerSec" : 2.6081441785404844,
    "sentKBytesPerSec" : 2.186553749680516
  },
  "WIFSGriddedLowResItemGlobal" : {
    "transaction" : "WIFSGriddedLowResItemGlobal",
    "sampleCount" : 2740,
    "errorCount" : 71,
    "errorPct" : 2.591241,
    "meanResTime" : 222.38503649635015,
    "medianResTime" : 142.0,
    "minResTime" : 56.0,
    "maxResTime" : 60007.0,
    "pct1ResTime" : 378.0,
    "pct2ResTime" : 502.7999999999993,
    "pct3ResTime" : 683.130000000001,
    "throughput" : 0.7616387575170132,
    "receivedKBytesPerSec" : 11.869861088313682,
    "sentKBytesPerSec" : 0.16809605390512206
  },
  "WIFSOpmetNamCarAllDataVarFiveMinuteIWXXM" : {
    "transaction" : "WIFSOpmetNamCarAllDataVarFiveMinuteIWXXM",
    "sampleCount" : 26285,
    "errorCount" : 1,
    "errorPct" : 0.0038044513,
    "meanResTime" : 213.28849153509586,
    "medianResTime" : 145.0,
    "minResTime" : 88.0,
    "maxResTime" : 60005.0,
    "pct1ResTime" : 274.90000000000146,
    "pct2ResTime" : 311.0,
    "pct3ResTime" : 435.9900000000016,
    "throughput" : 7.313242436003912,
    "receivedKBytesPerSec" : 2.6210342840409386,
    "sentKBytesPerSec" : 2.128267818290201
  },
  "WIFSOpmetEurNatAllDataVarFiveMinuteTAC" : {
    "transaction" : "WIFSOpmetEurNatAllDataVarFiveMinuteTAC",
    "sampleCount" : 26281,
    "errorCount" : 2,
    "errorPct" : 0.0076100603,
    "meanResTime" : 222.2383090445574,
    "medianResTime" : 147.0,
    "minResTime" : 87.0,
    "maxResTime" : 60015.0,
    "pct1ResTime" : 278.0,
    "pct2ResTime" : 314.0,
    "pct3ResTime" : 431.9800000000032,
    "throughput" : 7.317343448776646,
    "receivedKBytesPerSec" : 2.6081930746506297,
    "sentKBytesPerSec" : 2.186628022778959
  },
  "WIFSGriddedLowResCubeFullTimeFullVertRoughlyGlobal" : {
    "transaction" : "WIFSGriddedLowResCubeFullTimeFullVertRoughlyGlobal",
    "sampleCount" : 2667,
    "errorCount" : 0,
    "errorPct" : 0.0,
    "meanResTime" : 12035.83352080991,
    "medianResTime" : 11340.0,
    "minResTime" : 1034.0,
    "maxResTime" : 41957.0,
    "pct1ResTime" : 21701.80000000001,
    "pct2ResTime" : 25196.8,