{
  "NDFD_Line_Summaries_24Hourly_REST" : {
    "transaction" : "NDFD_Line_Summaries_24Hourly_REST",
    "sampleCount" : 11887,
    "errorCount" : 0,
    "errorPct" : 0.0,
    "meanResTime" : 471.85135021451924,
    "medianResTime" : 138.0,
    "minResTime" : 64.0,
    "maxResTime" : 50640.0,
    "pct1ResTime" : 1139.0,
    "pct2ResTime" : 1826.2000000000025,
    "pct3ResTime" : 4125.360000000002,
    "throughput" : 150.1528433923654,
    "receivedKBytesPerSec" : 113.78770163327691,
    "sentKBytesPerSec" : 70.38414534017129
  },
  "NDFD_1Point-wspd-wdir_REST" : {
    "transaction" : "NDFD_1Point-wspd-wdir_REST",
    "sampleCount" : 9470,
    "errorCount" : 0,
    "errorPct" : 0.0,
    "meanResTime" : 598.2953537486793,
    "medianResTime" : 171.0,
    "minResTime" : 67.0,
    "maxResTime" : 94335.0,
    "pct1ResTime" : 1361.7999999999993,
    "pct2ResTime" : 2078.7999999999956,
    "pct3ResTime" : 4686.059999999987,
    "throughput" : 88.79345910062634,
    "receivedKBytesPerSec" : 429.9198927938529,
    "sentKBytesPerSec" : 31.73672463948168
  },
  "NDFD_1Point-conhazo-ptotsvrtstm_REST" : {
    "transaction" : "NDFD_1Point-conhazo-ptotsvrtstm_REST",
    "sampleCount" : 6296,
    "errorCount" : 0,
    "errorPct" : 0.0,
    "meanResTime" : 915.9706162642949,
    "medianResTime" : 272.0,
    "minResTime" : 70.0,
    "maxResTime" : 94643.0,
    "pct1ResTime" : 1975.500000000001,
    "pct2ResTime" : 2974.5999999999985,
    "pct3ResTime" : 8162.839999999993,
    "throughput" : 58.89506276776861,
    "receivedKBytesPerSec" : 568.9355086902023,
    "sentKBytesPerSec" : 22.60328092552057
  },
  "NDFD_MultiCitiesLevel3-sky-icons-dryfireo-phail-pxhail-pxtstmwinds-tmpabv90d-tcsurge-tctornado-snowlvl-snow48e10-snow72e90-ceil-llwswindspd_REST" : {
    "transaction" : "NDFD_MultiCitiesLevel3-sky-icons-dryfireo-phail-pxhail-pxtstmwinds-tmpabv90d-tcsurge-tctornado-snowlvl-snow48e10-snow72e90-ceil-llwswindspd_REST",
    "sampleCount" : 161,
    "errorCount" : 0,
    "errorPct" : 0.0,
    "meanResTime" : 42396.14285714286,
    "medianResTime" : 52613.0,
    "minResTime" : 1976.0,
    "maxResTime" : 100918.0,
    "pct1ResTime" : 72815.2,
    "pct2ResTime" : 75708.8,
    "pct3ResTime" : 97559.45999999998,
    "throughput" : 1.4836248364326656,
    "receivedKBytesPerSec" : 883.3363186291675,
    "sentKBytesPerSec" : 0.8446809371486758
  },
  "NDFD_CityLevel1234_Summaries_24hourly_REST" : {
    "transaction" : "NDFD_CityLevel1234_Summaries_24hourly_REST",
    "sampleCount" : 256,
    "errorCount" : 0,
    "errorPct" : 0.0,
    "meanResTime" : 24232.11718749999,
    "medianResTime" : 13295.5,
    "minResTime" : 1795.0,
    "maxResTime" : 86360.0,
    "pct1ResTime" : 59662.9,
    "pct2ResTime" : 68608.64999999998,
    "pct3ResTime" : 83625.85000000002,
    "throughput" : 2.6873536914372096,
    "receivedKBytesPerSec" : 890.2300324896863,
    "sentKBytesPerSec" : 0.9185290937529524
  },
  "NDFD_line_glance_SOAP" : {
    "transaction" : "NDFD_line_glance_SOAP",
    "sampleCount" : 287,
    "errorCount" : 0,
    "errorPct" : 0.0,
    "meanResTime" : 22434.954703832766,
    "medianResTime" : 16688.0,
    "minResTime" : 985.0,
    "maxResTime" : 87560.0,
    "pct1ResTime" : 50502.8,
    "pct2ResTime" : 67914.59999999992,
    "pct3ResTime" : 82013.40000000002,
    "throughput" : 3.043897886240945,
    "receivedKBytesPerSec" : 1241.9846514995438,
    "sentKBytesPerSec" : 1.0968733593973718
  },
  "NDFD_MultiPoint_AllElems_REST" : {
    "transaction" : "NDFD_MultiPoint_AllElems_REST",
    "sampleCount" : 100,
    "errorCount" : 26,
    "errorPct" : 26.0,
    "meanResTime" : 66657.32999999999,
    "medianResTime" : 67631.0,
    "minResTime" : 52598.0,
    "maxResTime" : 79327.0,
    "pct1ResTime" : 73015.0,
    "pct2ResTime" : 74769.0,
    "pct3ResTime" : 79320.42,
    "throughput" : 1.192947295588481,
    "receivedKBytesPerSec" : 358.0093549435736,
    "sentKBytesPerSec" : 0.5114295534798273
  },
  "NDFD_1Point_maxt_SOAP" : {
    "transaction" : "NDFD_1Point_maxt_SOAP",
    "sampleCount" : 10154,
    "errorCount" : 0,
    "errorPct" : 0.0,
    "meanResTime" : 557.4608036241867,
    "medianResTime" : 139.0,
    "minResTime" : 68.0,
    "maxResTime" : 94539.0,
    "pct1ResTime" : 1216.0,
    "pct2ResTime" : 2102.25,
    "pct3ResTime" : 4742.400000000009,
    "throughput" : 97.51459741856178,
    "receivedKBytesPerSec" : 273.30751424928934,
    "sentKBytesPerSec" : 31.235144485633068
  },
  "NDFD_1Point_ptotsvrtsm_SOAP" : {
    "transaction" : "NDFD_1Point_ptotsvrtsm_SOAP",
    "sampleCount" : 7615,
    "errorCount" : 0,
    "errorPct" : 0.0,
    "meanResTime" : 739.0987524622454,
    "medianResTime" : 234.0,
    "minResTime" : 69.0,
    "maxResTime" : 62704.0,
    "pct1ResTime" : 1523.4000000000005,
    "pct2ResTime" : 2711.7999999999984,
    "pct3ResTime" : 8071.560000000023,
    "throughput" : 93.14756825521089,
    "receivedKBytesPerSec" : 284.62767682671375,
    "sentKBytesPerSec" : 30.200188145244155
  },
  "NDFD_MultiPoint_waveh-wdir-wgust-wspd_SOAP" : {
    "transaction" : "NDFD_MultiPoint_waveh-wdir-wgust-wspd_SOAP",
    "sampleCount" : 933,
    "errorCount" : 0,
    "errorPct" : 0.0,
    "meanResTime" : 6468.997856377283,
    "medianResTime" : 2876.0,
    "minResTime" : 301.0,
    "maxResTime" : 80635.0,
    "pct1ResTime" : 15220.800000000001,
    "pct2ResTime" : 30580.299999999923,
    "pct3ResTime" : 62765.13999999998,
    "throughput" : 10.43682532580122,
    "receivedKBytesPerSec" : 1018.354885183036,
    "sentKBytesPerSec" : 12.516036621175681
  },
  "NDFD_MultiPoint_Glance_SOAP" : {
    "transaction" : "NDFD_MultiPoint_Glance_SOAP",
    "sampleCount" : 1368,
    "errorCount" : 0,
    "errorPct" : 0.0,
    "meanResTime" : 4316.458333333334,
    "medianResTime" : 1854.0,
    "minResTime" : 215.0,
    "maxResTime" : 63871.0,
    "pct1ResTime" : 9104.40000000001,
    "pct2ResTime" : 15874.15,
    "pct3ResTime" : 46607.28999999998,
    "throughput" : 15.8144804226443,
    "receivedKBytesPerSec" : 1015.8332658982926,
    "sentKBytesPerSec" : 5.884098672878397
  },
  "NDFD_bbox_glance_REST" : {
    "transaction" : "NDFD_bbox_glance_REST",
    "sampleCount" : 255,
    "errorCount" : 0,
    "errorPct" : 0.0,
    "meanResTime" : 25740.698039215666,
    "medianResTime" : 19715.0,
    "minResTime" : 4026.0,
    "maxResTime" : 115926.0,
    "pct1ResTime" : 56590.20000000002,
    "pct2ResTime" : 69326.2,
    "pct3ResTime" : 87030.11999999998,
    "throughput" : 2.1069852758911307,
    "receivedKBytesPerSec" : 859.7014326337936,
    "sentKBytesPerSec" : 0.7592554363318625
  },
  "Total" : {
    "transaction" : "Total",
    "sampleCount" : 51402,
    "errorCount" : 26,
    "errorPct" : 0.05058169,
    "meanResTime" : 1658.7502237267013,
    "medianResTime" : 247.0,
    "minResTime" : 64.0,
    "maxResTime" : 115926.0,
    "pct1ResTime" : 5154.600000000006,
    "pct2ResTime" : 14440.30000000001,
    "pct3ResTime" : 63052.44000000009,
    "throughput" : 37.79130892531287,
    "receivedKBytesPerSec" : 701.7705355250674,
    "sentKBytesPerSec" : 14.768034912085323
  },
  "NDFD_bbox_Summaries_12Hourly_SOAP" : {
    "transaction" : "NDFD_bbox_Summaries_12Hourly_SOAP",
    "sampleCount" : 461,
    "errorCount" : 0,
    "errorPct" : 0.0,
    "meanResTime" : 13558.913232104122,
    "medianResTime" : 8299.0,
    "minResTime" : 557.0,
    "maxResTime" : 84094.0,
    "pct1ResTime" : 31885.800000000003,
    "pct2ResTime" : 47573.19999999998,
    "pct3ResTime" : 69443.15999999999,
    "throughput" : 4.843200084046856,
    "receivedKBytesPerSec" : 1051.8352213781059,
    "sentKBytesPerSec" : 1.9533609713978042
  },
  "NDFD_MultiZip-glance_REST" : {
    "transaction" : "NDFD_MultiZip-glance_REST",
    "sampleCount" : 2159,
    "errorCount" : 0,
    "errorPct" : 0.0,
    "meanResTime" : 2799.3918480778107,
    "medianResTime" : 1033.0,
    "minResTime" : 136.0,
    "maxResTime" : 96170.0,
    "pct1ResTime" : 5567.0,
    "pct2ResTime" : 9027.0,
    "pct3ResTime" : 32947.00000000004,