{
  "WIFSOpmetNamCarAllDataVarFiveMinuteTAC" : {
    "transaction" : "WIFSOpmetNamCarAllDataVarFiveMinuteTAC",
    "sampleCount" : 4197,
    "errorCount" : 0,
    "errorPct" : 0.0,
    "meanResTime" : 1250.7410054801028,
    "medianResTime" : 1068.0,
    "minResTime" : 319.0,
    "maxResTime" : 19102.0,
    "pct1ResTime" : 2277.0,
    "pct2ResTime" : 2563.2,
    "pct3ResTime" : 3102.0599999999986,
    "throughput" : 1.1665802687554117,
    "receivedKBytesPerSec" : 0.4158220684528566,
    "sentKBytesPerSec" : 0.34746775583046924
  },
  "WIFSGriddedHighResCubeFullTimeFullVertUSA" : {
    "transaction" : "WIFSGriddedHighResCubeFullTimeFullVertUSA",
    "sampleCount" : 3158,
    "errorCount" : 27,
    "errorPct" : 0.8549715,
    "meanResTime" : 10409.905953134896,
    "medianResTime" : 7958.0,
    "minResTime" : 829.0,
    "maxResTime" : 60003.0,
    "pct1ResTime" : 21394.999999999996,
    "pct2ResTime" : 28384.04999999999,
    "pct3ResTime" : 40494.73999999997,
    "throughput" : 0.8746366989582463,
    "receivedKBytesPerSec" : 1167.498007236317,
    "sentKBytesPerSec" : 0.30748946447750847
  },
  "WIFSOpmetEurNatAllDataVarOneMinuteIWXXM" : {
    "transaction" : "WIFSOpmetEurNatAllDataVarOneMinuteIWXXM",
    "sampleCount" : 4194,
    "errorCount" : 0,
    "errorPct" : 0.0,
    "meanResTime" : 810.9573199809248,
    "medianResTime" : 664.0,
    "minResTime" : 110.0,
    "maxResTime" : 10391.0,
    "pct1ResTime" : 1675.5,
    "pct2ResTime" : 1905.25,
    "pct3ResTime" : 2327.1500000000005,
    "throughput" : 1.1665515135129723,
    "receivedKBytesPerSec" : 0.4180902397063094,
    "sentKBytesPerSec" : 0.33834550733725854
  },
  "WIFSGriddedHighResCubeFullTimeFullVertRoughlyGlobal" : {
    "transaction" : "WIFSGriddedHighResCubeFullTimeFullVertRoughlyGlobal",
    "sampleCount" : 3126,
    "errorCount" : 30,
    "errorPct" : 0.9596929,
    "meanResTime" : 17828.189699296272,
    "medianResTime" : 15768.5,
    "minResTime" : 4779.0,
    "maxResTime" : 60004.0,
    "pct1ResTime" : 29973.9,
    "pct2ResTime" : 35811.54999999999,
    "pct3ResTime" : 47485.63000000001,
    "throughput" : 0.866111276735575,
    "receivedKBytesPerSec" : 21465.704526926285,
    "sentKBytesPerSec" : 0.30280062213997644
  },
  "WIFSGriddedLowResCubeFullTimeFullVertUSA" : {
    "transaction" : "WIFSGriddedLowResCubeFullTimeFullVertUSA",
    "sampleCount" : 3108,
    "errorCount" : 14,
    "errorPct" : 0.45045045,
    "meanResTime" : 8695.063384813384,
    "medianResTime" : 6325.0,
    "minResTime" : 695.0,
    "maxResTime" : 60003.0,
    "pct1ResTime" : 19416.899999999998,
    "pct2ResTime" : 24794.199999999997,
    "pct3ResTime" : 35231.14999999998,
    "throughput" : 0.8673767546378702,
    "receivedKBytesPerSec" : 70.20588619424984,
    "sentKBytesPerSec" : 0.29307847373506163
  },
  "WIFSOpmetNamCarAllDataVarOneMinuteTAC" : {
    "transaction" : "WIFSOpmetNamCarAllDataVarOneMinuteTAC",
    "sampleCount" : 4200,
    "errorCount" : 0,
    "errorPct" : 0.0,
    "meanResTime" : 728.871666666668,
    "medianResTime" : 529.0,
    "minResTime" : 111.0,
    "maxResTime" : 25568.0,
    "pct1ResTime" : 1585.0,
    "pct2ResTime" : 1818.7999999999993,
    "pct3ResTime" : 2318.9199999999983,
    "throughput" : 1.1671974172700197,
    "receivedKBytesPerSec" : 0.4160420481480051,
    "sentKBytesPerSec" : 0.34765157447983985
  },
  "WIFSOpmetGlobalAllDataVarOneMinuteTAC" : {
    "transaction" : "WIFSOpmetGlobalAllDataVarOneMinuteTAC",
    "sampleCount" : 4207,
    "errorCount" : 0,
    "errorPct" : 0.0,
    "meanResTime" : 702.3665319705267,
    "medianResTime" : 522.0,
    "minResTime" : 111.0,
    "maxResTime" : 13227.0,
    "pct1ResTime" : 1556.2000000000003,
    "pct2ResTime" : 1805.6,
    "pct3ResTime" : 2185.2800000000007,
    "throughput" : 1.1681996452360668,
    "receivedKBytesPerSec" : 0.4152584676425081,
    "sentKBytesPerSec" : 0.34680926967945735
  },
  "WIFSOpmetGlobalAllDataVarFiveMinuteTAC" : {
    "transaction" : "WIFSOpmetGlobalAllDataVarFiveMinuteTAC",
    "sampleCount" : 4205,
    "errorCount" : 1,
    "errorPct" : 0.023781212,
    "meanResTime" : 1265.7648038049952,
    "medianResTime" : 1065.0,
    "minResTime" : 326.0,
    "maxResTime" : 31217.0,
    "pct1ResTime" : 2261.0,
    "pct2ResTime" : 2526.7,
    "pct3ResTime" : 3121.7599999999984,
    "throughput" : 1.1679640650371277,
    "receivedKBytesPerSec" : 0.41515112783179203,
    "sentKBytesPerSec" : 0.34673933180789723
  },
  "WIFSGriddedHighResCubeFullTimeFullVertNorthAmerica" : {
    "transaction" : "WIFSGriddedHighResCubeFullTimeFullVertNorthAmerica",
    "sampleCount" : 3146,
    "errorCount" : 23,
    "errorPct" : 0.7310871,
    "meanResTime" : 11394.665924984107,
    "medianResTime" : 9172.5,
    "minResTime" : 1267.0,
    "maxResTime" : 60003.0,
    "pct1ResTime" : 22399.900000000012,
    "pct2ResTime" : 27946.499999999953,
    "pct3ResTime" : 40162.30999999994,
    "throughput" : 0.8713324961598775,
    "receivedKBytesPerSec" : 4267.547329662166,
    "sentKBytesPerSec" : 0.30717874132198814
  },
  "WIFSOpmetGlobalAllDataVarOneMinuteIWXXM" : {
    "transaction" : "WIFSOpmetGlobalAllDataVarOneMinuteIWXXM",
    "sampleCount" : 4205,
    "errorCount" : 0,
    "errorPct" : 0.0,
    "meanResTime" : 814.0865636147431,
    "medianResTime" : 672.0,
    "minResTime" : 112.0,
    "maxResTime" : 9406.0,
    "pct1ResTime" : 1716.0,
    "pct2ResTime" : 1938.0,
    "pct3ResTime" : 2355.879999999999,
    "throughput" : 1.1686635852486584,
    "receivedKBytesPerSec" : 0.4177059298837979,
    "sentKBytesPerSec" : 0.33781681761094035
  },
  "WIFSOpmetEurNatAllDataVarOneMinuteTAC" : {
    "transaction" : "WIFSOpmetEurNatAllDataVarOneMinuteTAC",
    "sampleCount" : 4194,
    "errorCount" : 0,
    "errorPct" : 0.0,
    "meanResTime" : 714.5610395803546,
    "medianResTime" : 513.0,
    "minResTime" : 109.0,
    "maxResTime" : 24906.0,
    "pct1ResTime" : 1557.5,
    "pct2ResTime" : 1790.0,
    "pct3ResTime" : 2335.1000000000004,
    "throughput" : 1.166941661264159,
    "receivedKBytesPerSec" : 0.41595088511857226,
    "sentKBytesPerSec" : 0.3475753971538755
  },
  "WIFSGriddedLowResItemGlobal" : {
    "transaction" : "WIFSGriddedLowResItemGlobal",
    "sampleCount" : 3158,
    "errorCount" : 0,
    "errorPct" : 0.0,
    "meanResTime" : 757.3423052564914,
    "medianResTime" : 609.5,
    "minResTime" : 57.0,
    "maxResTime" : 19286.0,
    "pct1ResTime" : 1579.1999999999998,
    "pct2ResTime" : 1851.0499999999997,
    "pct3ResTime" : 2397.279999999999,
    "throughput" : 0.877503510847644,
    "receivedKBytesPerSec" : 39.17842339035555,
    "sentKBytesPerSec" : 0.19281083002023428
  },
  "WIFSOpmetNamCarAllDataVarFiveMinuteIWXXM" : {
    "transaction" : "WIFSOpmetNamCarAllDataVarFiveMinuteIWXXM",
    "sampleCount" : 4196,
    "errorCount" : 0,
    "errorPct" : 0.0,
    "meanResTime" : 1145.4473307912292,
    "medianResTime" : 943.5,
    "minResTime" : 323.0,
    "maxResTime" : 25827.0,
    "pct1ResTime" : 2169.3,
    "pct2ResTime" : 2431.2999999999993,
    "pct3ResTime" : 2962.0599999999995,
    "throughput" : 1.16607834734795,
    "receivedKBytesPerSec" : 0.4179206576920875,
    "sentKBytesPerSec" : 0.33820827066634873
  },
  "WIFSOpmetEurNatAllDataVarFiveMinuteTAC" : {
    "transaction" : "WIFSOpmetEurNatAllDataVarFiveMinuteTAC",
    "sampleCount" : 4194,
    "errorCount" : 0,
    "errorPct" : 0.0,
    "meanResTime" : 1257.2963757749171,
    "medianResTime" : 1078.0,
    "minResTime" : 324.0,
    "maxResTime" : 28705.0,
    "pct1ResTime" : 2271.0,
    "pct2ResTime" : 2517.0,
    "pct3ResTime" : 3018.850000000003,
    "throughput" : 1.1660958061422722,
    "receivedKBytesPerSec" : 0.41564938402532153,
    "sentKBytesPerSec" : 0.3473234578841728
  },
  "WIFSGriddedLowResCubeFullTimeFullVertRoughlyGlobal" : {
    "transaction" : "WIFSGriddedLowResCubeFullTimeFullVertRoughlyGlobal",
    "sampleCount" : 3085,
    "errorCount" : 26,
    "errorPct" : 0.8427877,
    "meanResTime" : 10165.653160453769,
    "medianResTime" : 7880.0,