{
  "WIFSGriddedHighResCubeFullTimeFullVertUSA" : {
    "transaction" : "WIFSGriddedHighResCubeFullTimeFullVertUSA",
    "sampleCount" : 2423,
    "errorCount" : 0,
    "errorPct" : 0.0,
    "meanResTime" : 14218.01692117211,
    "medianResTime" : 11138.0,
    "minResTime" : 1000.0,
    "maxResTime" : 52912.0,
    "pct1ResTime" : 30595.0,
    "pct2ResTime" : 37647.79999999999,
    "pct3ResTime" : 46400.959999999985,
    "throughput" : 0.6689615111075772,
    "receivedKBytesPerSec" : 0.19141183862746103,
    "sentKBytesPerSec" : 0.2358350639744486
  },
  "WIFSOpmetNamCarAllDataVarFiveMinuteTAC" : {
    "transaction" : "WIFSOpmetNamCarAllDataVarFiveMinuteTAC",
    "sampleCount" : 8489,
    "errorCount" : 1,
    "errorPct" : 0.011779951,
    "meanResTime" : 639.7661679820951,
    "medianResTime" : 589.0,
    "minResTime" : 177.0,
    "maxResTime" : 30416.0,
    "pct1ResTime" : 949.0,
    "pct2ResTime" : 1057.0,
    "pct3ResTime" : 1323.4000000000015,
    "throughput" : 2.3598103367420715,
    "receivedKBytesPerSec" : 0.8411194436286372,
    "sentKBytesPerSec" : 0.7051776982842519
  },
  "WIFSOpmetEurNatAllDataVarOneMinuteIWXXM" : {
    "transaction" : "WIFSOpmetEurNatAllDataVarOneMinuteIWXXM",
    "sampleCount" : 8486,
    "errorCount" : 0,
    "errorPct" : 0.0,
    "meanResTime" : 354.674051378742,
    "medianResTime" : 299.0,
    "minResTime" : 61.0,
    "maxResTime" : 5942.0,
    "pct1ResTime" : 659.0,
    "pct2ResTime" : 748.6499999999996,
    "pct3ResTime" : 1003.2599999999984,
    "throughput" : 2.359663818812521,
    "receivedKBytesPerSec" : 0.8456998256876908,
    "sentKBytesPerSec" : 0.6866990410216126
  },
  "WIFSGriddedHighResCubeFullTimeFullVertRoughlyGlobal" : {
    "transaction" : "WIFSGriddedHighResCubeFullTimeFullVertRoughlyGlobal",
    "sampleCount" : 2388,
    "errorCount" : 1,
    "errorPct" : 0.041876048,
    "meanResTime" : 20587.974455611395,
    "medianResTime" : 17570.0,
    "minResTime" : 4655.0,
    "maxResTime" : 60011.0,
    "pct1ResTime" : 37409.2,
    "pct2ResTime" : 43542.399999999994,
    "pct3ResTime" : 50939.99,
    "throughput" : 0.6595355080329105,
    "receivedKBytesPerSec" : 0.1887144801428165,
    "sentKBytesPerSec" : 0.2312238743982567
  },
  "WIFSGriddedLowResCubeFullTimeFullVertUSA" : {
    "transaction" : "WIFSGriddedLowResCubeFullTimeFullVertUSA",
    "sampleCount" : 2373,
    "errorCount" : 0,
    "errorPct" : 0.0,
    "meanResTime" : 13088.236831015618,
    "medianResTime" : 10211.0,
    "minResTime" : 678.0,
    "maxResTime" : 48623.0,
    "pct1ResTime" : 29423.199999999993,
    "pct2ResTime" : 36741.99999999995,
    "pct3ResTime" : 43758.279999999795,
    "throughput" : 0.6585021282688887,
    "receivedKBytesPerSec" : 0.18841906599881286,
    "sentKBytesPerSec" : 0.22314476416924256
  },
  "WIFSOpmetNamCarAllDataVarOneMinuteTAC" : {
    "transaction" : "WIFSOpmetNamCarAllDataVarOneMinuteTAC",
    "sampleCount" : 8491,
    "errorCount" : 0,
    "errorPct" : 0.0,
    "meanResTime" : 334.82075138381947,
    "medianResTime" : 282.0,
    "minResTime" : 60.0,
    "maxResTime" : 2505.0,
    "pct1ResTime" : 628.0,
    "pct2ResTime" : 721.0,
    "pct3ResTime" : 927.1599999999999,
    "throughput" : 2.3598408503987076,
    "receivedKBytesPerSec" : 0.8411542093706332,
    "sentKBytesPerSec" : 0.7051868166230514
  },
  "WIFSOpmetGlobalAllDataVarOneMinuteTAC" : {
    "transaction" : "WIFSOpmetGlobalAllDataVarOneMinuteTAC",
    "sampleCount" : 8494,
    "errorCount" : 0,
    "errorPct" : 0.0,
    "meanResTime" : 336.2434659759842,
    "medianResTime" : 282.0,
    "minResTime" : 63.0,
    "maxResTime" : 2651.0,
    "pct1ResTime" : 633.0,
    "pct2ResTime" : 721.0,
    "pct3ResTime" : 955.0999999999985,
    "throughput" : 2.3595126081420132,
    "receivedKBytesPerSec" : 0.8387329974254811,
    "sentKBytesPerSec" : 0.7027845170735487
  },
  "WIFSOpmetGlobalAllDataVarFiveMinuteTAC" : {
    "transaction" : "WIFSOpmetGlobalAllDataVarFiveMinuteTAC",
    "sampleCount" : 8493,
    "errorCount" : 0,
    "errorPct" : 0.0,
    "meanResTime" : 636.5928411633108,
    "medianResTime" : 586.0,
    "minResTime" : 200.0,
    "maxResTime" : 4956.0,
    "pct1ResTime" : 942.0,
    "pct2ResTime" : 1051.0,
    "pct3ResTime" : 1311.0599999999995,
    "throughput" : 2.359688419995088,
    "receivedKBytesPerSec" : 0.8387954930451288,
    "sentKBytesPerSec" : 0.7028368829086931
  },
  "WIFSGriddedHighResCubeFullTimeFullVertNorthAmerica" : {
    "transaction" : "WIFSGriddedHighResCubeFullTimeFullVertNorthAmerica",
    "sampleCount" : 2412,
    "errorCount" : 0,
    "errorPct" : 0.0,
    "meanResTime" : 15202.048922056394,
    "medianResTime" : 12228.5,
    "minResTime" : 1497.0,
    "maxResTime" : 53271.0,
    "pct1ResTime" : 31164.000000000007,
    "pct2ResTime" : 37880.1,
    "pct3ResTime" : 47167.60999999998,
    "throughput" : 0.6659785992250129,
    "receivedKBytesPerSec" : 0.19055832966106329,
    "sentKBytesPerSec" : 0.235433840741655
  },
  "WIFSOpmetGlobalAllDataVarOneMinuteIWXXM" : {
    "transaction" : "WIFSOpmetGlobalAllDataVarOneMinuteIWXXM",
    "sampleCount" : 8494,
    "errorCount" : 0,
    "errorPct" : 0.0,
    "meanResTime" : 352.95467388744896,
    "medianResTime" : 304.0,
    "minResTime" : 60.0,
    "maxResTime" : 5487.0,
    "pct1ResTime" : 644.5,
    "pct2ResTime" : 751.0,
    "pct3ResTime" : 977.0499999999993,
    "throughput" : 2.3595984737892612,
    "receivedKBytesPerSec" : 0.8433721107488962,
    "sentKBytesPerSec" : 0.6843757292142681
  },
  "WIFSOpmetEurNatAllDataVarOneMinuteTAC" : {
    "transaction" : "WIFSOpmetEurNatAllDataVarOneMinuteTAC",
    "sampleCount" : 8488,
    "errorCount" : 0,
    "errorPct" : 0.0,
    "meanResTime" : 333.1504476908586,
    "medianResTime" : 277.0,
    "minResTime" : 60.0,
    "maxResTime" : 2871.0,
    "pct1ResTime" : 622.0,
    "pct2ResTime" : 722.0,
    "pct3ResTime" : 925.1100000000006,
    "throughput" : 2.3598163969429145,
    "receivedKBytesPerSec" : 0.8411454930509412,
    "sentKBytesPerSec" : 0.7051795092427069
  },
  "WIFSGriddedLowResItemGlobal" : {
    "transaction" : "WIFSGriddedLowResItemGlobal",
    "sampleCount" : 2423,
    "errorCount" : 0,
    "errorPct" : 0.0,
    "meanResTime" : 369.26165910028914,
    "medianResTime" : 318.0,
    "minResTime" : 60.0,
    "maxResTime" : 2451.0,
    "pct1ResTime" : 697.1999999999998,
    "pct2ResTime" : 783.0,
    "pct3ResTime" : 990.2799999999993,
    "throughput" : 0.6736429347700675,
    "receivedKBytesPerSec" : 10.790657769024158,
    "sentKBytesPerSec" : 0.14867510083792507
  },
  "WIFSOpmetNamCarAllDataVarFiveMinuteIWXXM" : {
    "transaction" : "WIFSOpmetNamCarAllDataVarFiveMinuteIWXXM",
    "sampleCount" : 8489,
    "errorCount" : 0,
    "errorPct" : 0.0,
    "meanResTime" : 623.0454706090229,
    "medianResTime" : 569.0,
    "minResTime" : 193.0,
    "maxResTime" : 4237.0,
    "pct1ResTime" : 928.0,
    "pct2ResTime" : 1041.5,
    "pct3ResTime" : 1297.0,
    "throughput" : 2.3597250610362384,
    "receivedKBytesPerSec" : 0.8457217748049801,
    "sentKBytesPerSec" : 0.6867168634656241
  },
  "WIFSOpmetEurNatAllDataVarFiveMinuteTAC" : {
    "transaction" : "WIFSOpmetEurNatAllDataVarFiveMinuteTAC",
    "sampleCount" : 8486,
    "errorCount" : 0,
    "errorPct" : 0.0,
    "meanResTime" : 635.1447089323568,
    "medianResTime" : 586.0,
    "minResTime" : 205.0,
    "maxResTime" : 4443.0,
    "pct1ResTime" : 939.0,
    "pct2ResTime" : 1057.0,
    "pct3ResTime" : 1319.0,
    "throughput" : 2.3594538723431464,
    "receivedKBytesPerSec" : 0.8410162728566881,
    "sentKBytesPerSec" : 0.7050711766962919
  },
  "WIFSGriddedLowResCubeFullTimeFullVertRoughlyGlobal" : {
    "transaction" : "WIFSGriddedLowResCubeFullTimeFullVertRoughlyGlobal",
    "sampleCount" : 2350,
    "errorCount" : 0,
    "errorPct" : 0.0,
    "meanResTime" : 13715.371914893616,
    "medianResTime" : 10651.5,
    "minResTime" : 957.0,
    "maxResTime" : 49605.0,
    "pct1ResTime" : 29326.6,
    "pct2ResTime" : 36305.35,
    "pct3ResTime" : 43986.19999999987,