{
  "WIFSOpmetNamCarAllDataVarFiveMinuteTAC" : {
    "transaction" : "WIFSOpmetNamCarAllDataVarFiveMinuteTAC",
    "sampleCount" : 13994,
    "errorCount" : 1,
    "errorPct" : 0.00714592,
    "meanResTime" : 391.8457910533102,
    "medianResTime" : 289.0,
    "minResTime" : 109.0,
    "maxResTime" : 60002.0,
    "pct1ResTime" : 708.0,
    "pct2ResTime" : 858.25,
    "pct3ResTime" : 1209.0499999999993,
    "throughput" : 3.8816725087770343,
    "receivedKBytesPerSec" : 1.3835841961680064,
    "sentKBytesPerSec" : 1.1599529176618872
  },
  "WIFSGriddedHighResCubeFullTimeFullVertUSA" : {
    "transaction" : "WIFSGriddedHighResCubeFullTimeFullVertUSA",
    "sampleCount" : 2155,
    "errorCount" : 22,
    "errorPct" : 1.0208817,
    "meanResTime" : 16825.71415313226,
    "medianResTime" : 15754.0,
    "minResTime" : 182.0,
    "maxResTime" : 60003.0,
    "pct1ResTime" : 28769.4,
    "pct2ResTime" : 33046.799999999996,
    "pct3ResTime" : 59257.08,
    "throughput" : 0.5947239294279335,
    "receivedKBytesPerSec" : 0.1703120601664675,
    "sentKBytesPerSec" : 0.20966341652683984
  },
  "WIFSOpmetEurNatAllDataVarOneMinuteIWXXM" : {
    "transaction" : "WIFSOpmetEurNatAllDataVarOneMinuteIWXXM",
    "sampleCount" : 13989,
    "errorCount" : 0,
    "errorPct" : 0.0,
    "meanResTime" : 204.3523482736444,
    "medianResTime" : 103.0,
    "minResTime" : 37.0,
    "maxResTime" : 28455.0,
    "pct1ResTime" : 483.0,
    "pct2ResTime" : 620.5,
    "pct3ResTime" : 957.2000000000007,
    "throughput" : 3.8868611921819323,
    "receivedKBytesPerSec" : 1.393044978057392,
    "sentKBytesPerSec" : 1.1311373391310704
  },
  "WIFSGriddedHighResCubeFullTimeFullVertRoughlyGlobal" : {
    "transaction" : "WIFSGriddedHighResCubeFullTimeFullVertRoughlyGlobal",
    "sampleCount" : 2128,
    "errorCount" : 20,
    "errorPct" : 0.9398496,
    "meanResTime" : 20907.282894736825,
    "medianResTime" : 19833.0,
    "minResTime" : 3274.0,
    "maxResTime" : 60004.0,
    "pct1ResTime" : 32828.4,
    "pct2ResTime" : 37159.15,
    "pct3ResTime" : 54802.090000000026,
    "throughput" : 0.5965603585641734,
    "receivedKBytesPerSec" : 0.17079021697780503,
    "sentKBytesPerSec" : 0.2091456725825569
  },
  "WIFSGriddedLowResCubeFullTimeFullVertUSA" : {
    "transaction" : "WIFSGriddedLowResCubeFullTimeFullVertUSA",
    "sampleCount" : 2114,
    "errorCount" : 12,
    "errorPct" : 0.5676443,
    "meanResTime" : 15624.713339640455,
    "medianResTime" : 14759.5,
    "minResTime" : 861.0,
    "maxResTime" : 60004.0,
    "pct1ResTime" : 27551.5,
    "pct2ResTime" : 30914.25,
    "pct3ResTime" : 40714.749999999876,
    "throughput" : 0.596135608725237,
    "receivedKBytesPerSec" : 0.17057065373714142,
    "sentKBytesPerSec" : 0.20201079709732156
  },
  "WIFSOpmetNamCarAllDataVarOneMinuteTAC" : {
    "transaction" : "WIFSOpmetNamCarAllDataVarOneMinuteTAC",
    "sampleCount" : 13995,
    "errorCount" : 0,
    "errorPct" : 0.0,
    "meanResTime" : 185.29732047159732,
    "medianResTime" : 97.0,
    "minResTime" : 37.0,
    "maxResTime" : 28398.0,
    "pct1ResTime" : 450.0,
    "pct2ResTime" : 600.0,
    "pct3ResTime" : 896.0,
    "throughput" : 3.889991755830262,
    "receivedKBytesPerSec" : 1.3865693270293415,
    "sentKBytesPerSec" : 1.162438942660215
  },
  "WIFSOpmetGlobalAllDataVarOneMinuteTAC" : {
    "transaction" : "WIFSOpmetGlobalAllDataVarOneMinuteTAC",
    "sampleCount" : 14000,
    "errorCount" : 0,
    "errorPct" : 0.0,
    "meanResTime" : 188.01407142857167,
    "medianResTime" : 98.0,
    "minResTime" : 38.0,
    "maxResTime" : 8984.0,
    "pct1ResTime" : 456.89999999999964,
    "pct2ResTime" : 597.0,
    "pct3ResTime" : 901.9699999999993,
    "throughput" : 3.88747643911601,
    "receivedKBytesPerSec" : 1.3818763904670193,
    "sentKBytesPerSec" : 1.1578909315726398
  },
  "WIFSOpmetGlobalAllDataVarFiveMinuteTAC" : {
    "transaction" : "WIFSOpmetGlobalAllDataVarFiveMinuteTAC",
    "sampleCount" : 13996,
    "errorCount" : 2,
    "errorPct" : 0.014289797,
    "meanResTime" : 402.6751214632759,
    "medianResTime" : 290.0,
    "minResTime" : 106.0,
    "maxResTime" : 60002.0,
    "pct1ResTime" : 711.0,
    "pct2ResTime" : 858.0,
    "pct3ResTime" : 1234.0,
    "throughput" : 3.888318902158328,
    "receivedKBytesPerSec" : 1.3821367918146388,
    "sentKBytesPerSec" : 1.1581418605061427
  },
  "WIFSGriddedHighResCubeFullTimeFullVertNorthAmerica" : {
    "transaction" : "WIFSGriddedHighResCubeFullTimeFullVertNorthAmerica",
    "sampleCount" : 2144,
    "errorCount" : 18,
    "errorPct" : 0.8395522,
    "meanResTime" : 17316.896921641783,
    "medianResTime" : 16010.5,
    "minResTime" : 1656.0,
    "maxResTime" : 60002.0,
    "pct1ResTime" : 29318.5,
    "pct2ResTime" : 34428.5,
    "pct3ResTime" : 56526.90000000002,
    "throughput" : 0.6016985636130652,
    "receivedKBytesPerSec" : 0.1723112310201148,
    "sentKBytesPerSec" : 0.21270984377727498
  },
  "WIFSOpmetGlobalAllDataVarOneMinuteIWXXM" : {
    "transaction" : "WIFSOpmetGlobalAllDataVarOneMinuteIWXXM",
    "sampleCount" : 13997,
    "errorCount" : 2,
    "errorPct" : 0.014288777,
    "meanResTime" : 203.51253840108623,
    "medianResTime" : 102.0,
    "minResTime" : 38.0,
    "maxResTime" : 60002.0,
    "pct1ResTime" : 467.0,
    "pct2ResTime" : 607.0,
    "pct3ResTime" : 913.0600000000013,
    "throughput" : 3.882068543180073,
    "receivedKBytesPerSec" : 1.3874961318336276,
    "sentKBytesPerSec" : 1.1259515208246893
  },
  "WIFSOpmetEurNatAllDataVarOneMinuteTAC" : {
    "transaction" : "WIFSOpmetEurNatAllDataVarOneMinuteTAC",
    "sampleCount" : 13990,
    "errorCount" : 1,
    "errorPct" : 0.0071479627,
    "meanResTime" : 192.09363831308065,
    "medianResTime" : 98.0,
    "minResTime" : 36.0,
    "maxResTime" : 60001.0,
    "pct1ResTime" : 447.89999999999964,
    "pct2ResTime" : 598.4499999999989,
    "pct3ResTime" : 909.2700000000004,
    "throughput" : 3.8881912934531084,
    "receivedKBytesPerSec" : 1.3859077475372936,
    "sentKBytesPerSec" : 1.1619009138639171
  },
  "WIFSGriddedLowResItemGlobal" : {
    "transaction" : "WIFSGriddedLowResItemGlobal",
    "sampleCount" : 2156,
    "errorCount" : 0,
    "errorPct" : 0.0,
    "meanResTime" : 402.07096474953596,
    "medianResTime" : 167.0,
    "minResTime" : 57.0,
    "maxResTime" : 28203.0,
    "pct1ResTime" : 693.3,
    "pct2ResTime" : 889.6000000000004,
    "pct3ResTime" : 1848.0599999999931,
    "throughput" : 0.5989176702102629,
    "receivedKBytesPerSec" : 9.735908945242368,
    "sentKBytesPerSec" : 0.13218300143312442
  },
  "WIFSOpmetNamCarAllDataVarFiveMinuteIWXXM" : {
    "transaction" : "WIFSOpmetNamCarAllDataVarFiveMinuteIWXXM",
    "sampleCount" : 13993,
    "errorCount" : 3,
    "errorPct" : 0.021439292,
    "meanResTime" : 384.876080897593,
    "medianResTime" : 280.0,
    "minResTime" : 105.0,
    "maxResTime" : 60001.0,
    "pct1ResTime" : 665.0,
    "pct2ResTime" : 837.0,
    "pct3ResTime" : 1207.0599999999995,
    "throughput" : 3.886834317472116,
    "receivedKBytesPerSec" : 1.3929743127764158,
    "sentKBytesPerSec" : 1.1311295181705963
  },
  "WIFSOpmetEurNatAllDataVarFiveMinuteTAC" : {
    "transaction" : "WIFSOpmetEurNatAllDataVarFiveMinuteTAC",
    "sampleCount" : 13988,
    "errorCount" : 4,
    "errorPct" : 0.02859594,
    "meanResTime" : 405.68701744352404,
    "medianResTime" : 289.0,
    "minResTime" : 112.0,
    "maxResTime" : 60002.0,
    "pct1ResTime" : 705.0,
    "pct2ResTime" : 853.5499999999993,
    "pct3ResTime" : 1220.1100000000006,
    "throughput" : 3.887990949886665,
    "receivedKBytesPerSec" : 1.3857768894126739,
    "sentKBytesPerSec" : 1.161841045571601
  },
  "WIFSGriddedLowResCubeFullTimeFullVertRoughlyGlobal" : {
    "transaction" : "WIFSGriddedLowResCubeFullTimeFullVertRoughlyGlobal",
    "sampleCount" : 2091,
    "errorCount" : 3,
    "errorPct" : 0.14347202,
    "meanResTime" : 15883.170253467237,
    "medianResTime" : 15008.0,
    "minResTime" : 185.0,
    "maxResTime" : 60001.0,
    "pct1ResTime" : 27229.6,