{
  "WIFSOpmetNamCarAllDataVarFiveMinuteTAC" : {
    "transaction" : "WIFSOpmetNamCarAllDataVarFiveMinuteTAC",
    "sampleCount" : 3123,
    "errorCount" : 3,
    "errorPct" : 0.09606148,
    "meanResTime" : 1997.3080371437718,
    "medianResTime" : 1771.0,
    "minResTime" : 12.0,
    "maxResTime" : 60001.0,
    "pct1ResTime" : 2664.7999999999997,
    "pct2ResTime" : 2923.399999999999,
    "pct3ResTime" : 3650.719999999995,
    "throughput" : 0.8677494779749177,
    "receivedKBytesPerSec" : 0.3092417390312215,
    "sentKBytesPerSec" : 0.2593079494729735
  },
  "WIFSGriddedHighResCubeFullTimeFullVertUSA" : {
    "transaction" : "WIFSGriddedHighResCubeFullTimeFullVertUSA",
    "sampleCount" : 2135,
    "errorCount" : 37,
    "errorPct" : 1.733021,
    "meanResTime" : 16218.744262295091,
    "medianResTime" : 13401.0,
    "minResTime" : 1761.0,
    "maxResTime" : 60003.0,
    "pct1ResTime" : 31648.600000000002,
    "pct2ResTime" : 39075.6,
    "pct3ResTime" : 60002.0,
    "throughput" : 0.5875093045238217,
    "receivedKBytesPerSec" : 0.16809574664589974,
    "sentKBytesPerSec" : 0.2071199794268551
  },
  "WIFSOpmetEurNatAllDataVarOneMinuteIWXXM" : {
    "transaction" : "WIFSOpmetEurNatAllDataVarOneMinuteIWXXM",
    "sampleCount" : 3117,
    "errorCount" : 0,
    "errorPct" : 0.0,
    "meanResTime" : 681.2380494064803,
    "medianResTime" : 583.0,
    "minResTime" : 67.0,
    "maxResTime" : 11329.0,
    "pct1ResTime" : 1006.0,
    "pct2ResTime" : 1319.1999999999998,
    "pct3ResTime" : 1974.8200000000002,
    "throughput" : 0.8663745767842188,
    "receivedKBytesPerSec" : 0.3105072946091878,
    "sentKBytesPerSec" : 0.2521285389469699
  },
  "WIFSGriddedHighResCubeFullTimeFullVertRoughlyGlobal" : {
    "transaction" : "WIFSGriddedHighResCubeFullTimeFullVertRoughlyGlobal",
    "sampleCount" : 2104,
    "errorCount" : 57,
    "errorPct" : 2.7091255,
    "meanResTime" : 21874.428231939157,
    "medianResTime" : 18679.5,
    "minResTime" : 6396.0,
    "maxResTime" : 60005.0,
    "pct1ResTime" : 37862.0,
    "pct2ResTime" : 44826.75,
    "pct3ResTime" : 60002.0,
    "throughput" : 0.5816978610438823,
    "receivedKBytesPerSec" : 0.1664193556541917,
    "sentKBytesPerSec" : 0.2039350899558142
  },
  "WIFSGriddedLowResCubeFullTimeFullVertUSA" : {
    "transaction" : "WIFSGriddedLowResCubeFullTimeFullVertUSA",
    "sampleCount" : 2089,
    "errorCount" : 29,
    "errorPct" : 1.388224,
    "meanResTime" : 15232.85064624223,
    "medianResTime" : 12488.0,
    "minResTime" : 1618.0,
    "maxResTime" : 60009.0,
    "pct1ResTime" : 31091.0,
    "pct2ResTime" : 38127.5,
    "pct3ResTime" : 60001.0,
    "throughput" : 0.5794793839598775,
    "receivedKBytesPerSec" : 0.16580020998846035,
    "sentKBytesPerSec" : 0.1963665490567163
  },
  "WIFSOpmetNamCarAllDataVarOneMinuteTAC" : {
    "transaction" : "WIFSOpmetNamCarAllDataVarOneMinuteTAC",
    "sampleCount" : 3125,
    "errorCount" : 1,
    "errorPct" : 0.032,
    "meanResTime" : 688.21952,
    "medianResTime" : 585.0,
    "minResTime" : 65.0,
    "maxResTime" : 60001.0,
    "pct1ResTime" : 968.4000000000001,
    "pct2ResTime" : 1233.0,
    "pct3ResTime" : 1871.9599999999991,
    "throughput" : 0.8684125696119516,
    "receivedKBytesPerSec" : 0.3095217790925158,
    "sentKBytesPerSec" : 0.2595060999035715
  },
  "WIFSOpmetGlobalAllDataVarOneMinuteTAC" : {
    "transaction" : "WIFSOpmetGlobalAllDataVarOneMinuteTAC",
    "sampleCount" : 3129,
    "errorCount" : 2,
    "errorPct" : 0.06391819,
    "meanResTime" : 690.3480345158173,
    "medianResTime" : 585.0,
    "minResTime" : 66.0,
    "maxResTime" : 60001.0,
    "pct1ResTime" : 991.0,
    "pct2ResTime" : 1285.5,
    "pct3ResTime" : 1871.399999999996,
    "throughput" : 0.8691246589748162,
    "receivedKBytesPerSec" : 0.30890352669412646,
    "sentKBytesPerSec" : 0.25887013768292866
  },
  "WIFSOpmetGlobalAllDataVarFiveMinuteTAC" : {
    "transaction" : "WIFSOpmetGlobalAllDataVarFiveMinuteTAC",
    "sampleCount" : 3126,
    "errorCount" : 2,
    "errorPct" : 0.06397953,
    "meanResTime" : 1964.7066538707609,
    "medianResTime" : 1765.0,
    "minResTime" : 197.0,
    "maxResTime" : 60000.0,
    "pct1ResTime" : 2620.0,
    "pct2ResTime" : 2909.949999999999,
    "pct3ResTime" : 3598.9500000000003,
    "throughput" : 0.8683338157410087,
    "receivedKBytesPerSec" : 0.3086264735424853,
    "sentKBytesPerSec" : 0.25863458379004656
  },
  "WIFSGriddedHighResCubeFullTimeFullVertNorthAmerica" : {
    "transaction" : "WIFSGriddedHighResCubeFullTimeFullVertNorthAmerica",
    "sampleCount" : 2128,
    "errorCount" : 33,
    "errorPct" : 1.5507519,
    "meanResTime" : 16819.37030075194,
    "medianResTime" : 14162.5,
    "minResTime" : 2507.0,
    "maxResTime" : 60004.0,
    "pct1ResTime" : 31532.100000000024,
    "pct2ResTime" : 38367.6,
    "pct3ResTime" : 60001.0,
    "throughput" : 0.5857132751858773,
    "receivedKBytesPerSec" : 0.16758291666976313,
    "sentKBytesPerSec" : 0.2070587945481324
  },
  "WIFSOpmetGlobalAllDataVarOneMinuteIWXXM" : {
    "transaction" : "WIFSOpmetGlobalAllDataVarOneMinuteIWXXM",
    "sampleCount" : 3128,
    "errorCount" : 0,
    "errorPct" : 0.0,
    "meanResTime" : 673.9341432225066,
    "medianResTime" : 584.0,
    "minResTime" : 67.0,
    "maxResTime" : 5769.0,
    "pct1ResTime" : 981.0999999999999,
    "pct2ResTime" : 1330.849999999998,
    "pct3ResTime" : 1960.9700000000003,
    "throughput" : 0.8689726481969234,
    "receivedKBytesPerSec" : 0.31058983324225975,
    "sentKBytesPerSec" : 0.252036012221178
  },
  "WIFSOpmetEurNatAllDataVarOneMinuteTAC" : {
    "transaction" : "WIFSOpmetEurNatAllDataVarOneMinuteTAC",
    "sampleCount" : 3118,
    "errorCount" : 0,
    "errorPct" : 0.0,
    "meanResTime" : 669.1626042334822,
    "medianResTime" : 586.0,
    "minResTime" : 66.0,
    "maxResTime" : 2761.0,
    "pct1ResTime" : 963.1999999999998,
    "pct2ResTime" : 1221.0499999999997,
    "pct3ResTime" : 1844.9099999999994,
    "throughput" : 0.8666901082528745,
    "receivedKBytesPerSec" : 0.3089276264768547,
    "sentKBytesPerSec" : 0.2589913800052535
  },
  "WIFSGriddedLowResItemGlobal" : {
    "transaction" : "WIFSGriddedLowResItemGlobal",
    "sampleCount" : 2135,
    "errorCount" : 0,
    "errorPct" : 0.0,
    "meanResTime" : 253.0665105386418,
    "medianResTime" : 180.0,
    "minResTime" : 119.0,
    "maxResTime" : 1375.0,
    "pct1ResTime" : 489.8000000000002,
    "pct2ResTime" : 628.5999999999995,
    "pct3ResTime" : 840.4799999999991,
    "throughput" : 0.593652010923197,
    "receivedKBytesPerSec" : 9.580857654412782,
    "sentKBytesPerSec" : 0.13102085397328372
  },
  "WIFSOpmetNamCarAllDataVarFiveMinuteIWXXM" : {
    "transaction" : "WIFSOpmetNamCarAllDataVarFiveMinuteIWXXM",
    "sampleCount" : 3118,
    "errorCount" : 3,
    "errorPct" : 0.096215524,
    "meanResTime" : 1979.0862732520816,
    "medianResTime" : 1773.0,
    "minResTime" : 37.0,
    "maxResTime" : 60002.0,
    "pct1ResTime" : 2641.2999999999997,
    "pct2ResTime" : 2955.0999999999995,
    "pct3ResTime" : 3627.6799999999985,
    "throughput" : 0.8667819039957033,
    "receivedKBytesPerSec" : 0.31058812545625586,
    "sentKBytesPerSec" : 0.2522470775299996
  },
  "WIFSOpmetEurNatAllDataVarFiveMinuteTAC" : {
    "transaction" : "WIFSOpmetEurNatAllDataVarFiveMinuteTAC",
    "sampleCount" : 3116,
    "errorCount" : 1,
    "errorPct" : 0.032092426,
    "meanResTime" : 1998.1883825417185,
    "medianResTime" : 1779.5,
    "minResTime" : 196.0,
    "maxResTime" : 60001.0,
    "pct1ResTime" : 2655.6000000000004,
    "pct2ResTime" : 2930.0,
    "pct3ResTime" : 3777.279999999999,
    "throughput" : 0.865959670068254,
    "receivedKBytesPerSec" : 0.30864745344702527,
    "sentKBytesPerSec" : 0.258773104532115
  },
  "WIFSGriddedLowResCubeFullTimeFullVertRoughlyGlobal" : {
    "transaction" : "WIFSGriddedLowResCubeFullTimeFullVertRoughlyGlobal",
    "sampleCount" : 2061,
    "errorCount" : 29,
    "errorPct" : 1.407084,
    "meanResTime" : 16465.03736050459,