{
  "WIFSOpmetNamCarAllDataVarFiveMinuteTAC" : {
    "transaction" : "WIFSOpmetNamCarAllDataVarFiveMinuteTAC",
    "sampleCount" : 22394,
    "errorCount" : 1,
    "errorPct" : 0.0044654817,
    "meanResTime" : 270.51384299366055,
    "medianResTime" : 233.0,
    "minResTime" : 92.0,
    "maxResTime" : 90001.0,
    "pct1ResTime" : 349.90000000000146,
    "pct2ResTime" : 454.0,
    "pct3ResTime" : 780.9900000000016,
    "throughput" : 6.224110214055583,
    "receivedKBytesPerSec" : 2.2185350964502226,
    "sentKBytesPerSec" : 1.8538609524286649
  },
  "WIFSGriddedHighResCubeFullTimeFullVertUSA" : {
    "transaction" : "WIFSGriddedHighResCubeFullTimeFullVertUSA",
    "sampleCount" : 1413,
    "errorCount" : 87,
    "errorPct" : 6.1571126,
    "meanResTime" : 23957.573956121723,
    "medianResTime" : 20756.0,
    "minResTime" : 1.0,
    "maxResTime" : 90001.0,
    "pct1ResTime" : 50872.40000000002,
    "pct2ResTime" : 55035.5,
    "pct3ResTime" : 70255.6599999998,
    "throughput" : 0.38899568911288335,
    "receivedKBytesPerSec" : 478.4210623813295,
    "sentKBytesPerSec" : 0.13675629695374805
  },
  "WIFSOpmetEurNatAllDataVarOneMinuteIWXXM" : {
    "transaction" : "WIFSOpmetEurNatAllDataVarOneMinuteIWXXM",
    "sampleCount" : 22392,
    "errorCount" : 0,
    "errorPct" : 0.0,
    "meanResTime" : 102.09816005716314,
    "medianResTime" : 81.0,
    "minResTime" : 33.0,
    "maxResTime" : 4253.0,
    "pct1ResTime" : 130.0,
    "pct2ResTime" : 176.0,
    "pct3ResTime" : 277.0,
    "throughput" : 6.2176114009534675,
    "receivedKBytesPerSec" : 2.228382211083909,
    "sentKBytesPerSec" : 1.8033501817218553
  },
  "WIFSGriddedHighResCubeFullTimeFullVertRoughlyGlobal" : {
    "transaction" : "WIFSGriddedHighResCubeFullTimeFullVertRoughlyGlobal",
    "sampleCount" : 1382,
    "errorCount" : 64,
    "errorPct" : 4.6309695,
    "meanResTime" : 32751.74240231546,
    "medianResTime" : 30063.5,
    "minResTime" : 1.0,
    "maxResTime" : 90002.0,
    "pct1ResTime" : 63956.50000000001,
    "pct2ResTime" : 69809.65,
    "pct3ResTime" : 87649.33000000002,
    "throughput" : 0.3811064938947126,
    "receivedKBytesPerSec" : 9850.391050926837,
    "sentKBytesPerSec" : 0.13323840313897178
  },
  "WIFSGriddedLowResCubeFullTimeFullVertUSA" : {
    "transaction" : "WIFSGriddedLowResCubeFullTimeFullVertUSA",
    "sampleCount" : 1366,
    "errorCount" : 79,
    "errorPct" : 5.783309,
    "meanResTime" : 25731.180087847693,
    "medianResTime" : 21177.0,
    "minResTime" : 1.0,
    "maxResTime" : 90005.0,
    "pct1ResTime" : 54071.2,
    "pct2ResTime" : 60825.45,
    "pct3ResTime" : 69620.62999999996,
    "throughput" : 0.37808773960549336,
    "receivedKBytesPerSec" : 44.13433177273536,
    "sentKBytesPerSec" : 0.12775230264013743
  },
  "WIFSOpmetNamCarAllDataVarOneMinuteTAC" : {
    "transaction" : "WIFSOpmetNamCarAllDataVarOneMinuteTAC",
    "sampleCount" : 22398,
    "errorCount" : 0,
    "errorPct" : 0.0,
    "meanResTime" : 101.94544155728177,
    "medianResTime" : 81.0,
    "minResTime" : 34.0,
    "maxResTime" : 1900.0,
    "pct1ResTime" : 127.0,
    "pct2ResTime" : 169.95000000000073,
    "pct3ResTime" : 269.0,
    "throughput" : 6.223203452185832,
    "receivedKBytesPerSec" : 2.2182316992654574,
    "sentKBytesPerSec" : 1.853590871988944
  },
  "WIFSOpmetGlobalAllDataVarOneMinuteTAC" : {
    "transaction" : "WIFSOpmetGlobalAllDataVarOneMinuteTAC",
    "sampleCount" : 22403,
    "errorCount" : 0,
    "errorPct" : 0.0,
    "meanResTime" : 101.48426550015557,
    "medianResTime" : 81.0,
    "minResTime" : 33.0,
    "maxResTime" : 1117.0,
    "pct1ResTime" : 126.0,
    "pct2ResTime" : 170.0,
    "pct3ResTime" : 265.0,
    "throughput" : 6.2232180506935455,
    "receivedKBytesPerSec" : 2.2121595414574715,
    "sentKBytesPerSec" : 1.8475178587996464
  },
  "WIFSOpmetGlobalAllDataVarFiveMinuteTAC" : {
    "transaction" : "WIFSOpmetGlobalAllDataVarFiveMinuteTAC",
    "sampleCount" : 22402,
    "errorCount" : 0,
    "errorPct" : 0.0,
    "meanResTime" : 266.69895545040646,
    "medianResTime" : 231.0,
    "minResTime" : 94.0,
    "maxResTime" : 14502.0,
    "pct1ResTime" : 350.0,
    "pct2ResTime" : 458.9500000000007,
    "pct3ResTime" : 774.9900000000016,
    "throughput" : 6.200155820360988,
    "receivedKBytesPerSec" : 2.203961639268945,
    "sentKBytesPerSec" : 1.8406712591696683
  },
  "WIFSGriddedHighResCubeFullTimeFullVertNorthAmerica" : {
    "transaction" : "WIFSGriddedHighResCubeFullTimeFullVertNorthAmerica",
    "sampleCount" : 1402,
    "errorCount" : 66,
    "errorPct" : 4.7075605,
    "meanResTime" : 24966.097717546363,
    "medianResTime" : 22412.5,
    "minResTime" : 1.0,
    "maxResTime" : 84058.0,
    "pct1ResTime" : 51605.4,
    "pct2ResTime" : 56933.04999999997,
    "pct3ResTime" : 70177.76000000004,
    "throughput" : 0.38582773809726933,
    "receivedKBytesPerSec" : 1747.275684995594,
    "sentKBytesPerSec" : 0.13601934907530686
  },
  "WIFSOpmetGlobalAllDataVarOneMinuteIWXXM" : {
    "transaction" : "WIFSOpmetGlobalAllDataVarOneMinuteIWXXM",
    "sampleCount" : 22403,
    "errorCount" : 0,
    "errorPct" : 0.0,
    "meanResTime" : 101.26041155202451,
    "medianResTime" : 81.0,
    "minResTime" : 32.0,
    "maxResTime" : 4996.0,
    "pct1ResTime" : 126.0,
    "pct2ResTime" : 159.0,
    "pct3ResTime" : 268.0,
    "throughput" : 6.215139884341748,
    "receivedKBytesPerSec" : 2.2214269508487106,
    "sentKBytesPerSec" : 1.7965638728175366
  },
  "WIFSOpmetEurNatAllDataVarOneMinuteTAC" : {
    "transaction" : "WIFSOpmetEurNatAllDataVarOneMinuteTAC",
    "sampleCount" : 22394,
    "errorCount" : 0,
    "errorPct" : 0.0,
    "meanResTime" : 101.5561311065464,
    "medianResTime" : 81.0,
    "minResTime" : 34.0,
    "maxResTime" : 2691.0,
    "pct1ResTime" : 127.0,
    "pct2ResTime" : 165.0,
    "pct3ResTime" : 268.0,
    "throughput" : 6.222003899796675,
    "receivedKBytesPerSec" : 2.217804124439245,
    "sentKBytesPerSec" : 1.8532335834355331
  },
  "WIFSGriddedLowResItemGlobal" : {
    "transaction" : "WIFSGriddedLowResItemGlobal",
    "sampleCount" : 1413,
    "errorCount" : 0,
    "errorPct" : 0.0,
    "meanResTime" : 162.81670205237097,
    "medianResTime" : 137.0,
    "minResTime" : 48.0,
    "maxResTime" : 908.0,
    "pct1ResTime" : 336.2000000000003,
    "pct2ResTime" : 433.29999999999995,
    "pct3ResTime" : 569.0199999999993,
    "throughput" : 0.3926478973746778,
    "receivedKBytesPerSec" : 6.331394699468745,
    "sentKBytesPerSec" : 0.08627517276299074
  },
  "WIFSOpmetNamCarAllDataVarFiveMinuteIWXXM" : {
    "transaction" : "WIFSOpmetNamCarAllDataVarFiveMinuteIWXXM",
    "sampleCount" : 22394,
    "errorCount" : 0,
    "errorPct" : 0.0,
    "meanResTime" : 267.20496561578864,
    "medianResTime" : 236.0,
    "minResTime" : 94.0,
    "maxResTime" : 1874.0,
    "pct1ResTime" : 358.0,
    "pct2ResTime" : 464.0,
    "pct3ResTime" : 777.0,
    "throughput" : 6.224143082471147,
    "receivedKBytesPerSec" : 2.2307231555340925,
    "sentKBytesPerSec" : 1.8052446245057914
  },
  "WIFSOpmetEurNatAllDataVarFiveMinuteTAC" : {
    "transaction" : "WIFSOpmetEurNatAllDataVarFiveMinuteTAC",
    "sampleCount" : 22391,
    "errorCount" : 0,
    "errorPct" : 0.0,
    "meanResTime" : 267.57433790362126,
    "medianResTime" : 234.0,
    "minResTime" : 95.0,
    "maxResTime" : 2881.0,
    "pct1ResTime" : 349.0,
    "pct2ResTime" : 467.0,
    "pct3ResTime" : 781.0,
    "throughput" : 6.223188192312663,
    "receivedKBytesPerSec" : 2.2182262599551974,
    "sentKBytesPerSec" : 1.8535863268118773
  },
  "WIFSGriddedLowResCubeFullTimeFullVertRoughlyGlobal" : {
    "transaction" : "WIFSGriddedLowResCubeFullTimeFullVertRoughlyGlobal",
    "sampleCount" : 1346,
    "errorCount" : 84,
    "errorPct" : 6.240713,
    "meanResTime" : 26546.754829123303,
    "medianResTime" : 22842.0,
    "minResTime" : 1.0,
    "maxResTime" : 90004.0,
    "pct1ResTime" : 54313.4,
    "pct2ResTime" : 62164.19999999997,
    "pct3ResTime" : 85393.51,
    "throughput" : 0.375967781851538,