{
  "Tile-5117-MRMS_Tiles_CONUS-ReflectivityAtLowestAltitude" : {
    "transaction" : "Tile-5117-MRMS_Tiles_CONUS-ReflectivityAtLowestAltitude",
    "sampleCount" : 9,
    "errorCount" : 0,
    "errorPct" : 0.0,
    "meanResTime" : 4344.888888888889,
    "medianResTime" : 1834.0,
    "minResTime" : 937.0,
    "maxResTime" : 15053.0,
    "pct1ResTime" : 15053.0,
    "pct2ResTime" : 15053.0,
    "pct3ResTime" : 15053.0,
    "throughput" : 0.25950060550141285,
    "receivedKBytesPerSec" : 13.605535652499855,
    "sentKBytesPerSec" : 0.06284780289487342
  },
  "Tile-464-MRMS_Tiles_CONUS-ReflectivityAtLowestAltitude" : {
    "transaction" : "Tile-464-MRMS_Tiles_CONUS-ReflectivityAtLowestAltitude",
    "sampleCount" : 35,
    "errorCount" : 10,
    "errorPct" : 28.571428,
    "meanResTime" : 6519.714285714284,
    "medianResTime" : 4464.0,
    "minResTime" : 8.0,
    "maxResTime" : 27313.0,
    "pct1ResTime" : 18865.799999999992,
    "pct2ResTime" : 26148.999999999993,
    "pct3ResTime" : 27313.0,
    "throughput" : 0.596384207746179,
    "receivedKBytesPerSec" : 166.53012286047166,
    "sentKBytesPerSec" : 0.13974426832177483
  },
  "Tile-453-MRMS_Tiles_CONUS-ReflectivityAtLowestAltitude" : {
    "transaction" : "Tile-453-MRMS_Tiles_CONUS-ReflectivityAtLowestAltitude",
    "sampleCount" : 83,
    "errorCount" : 14,
    "errorPct" : 16.86747,
    "meanResTime" : 6634.590361445784,
    "medianResTime" : 4860.0,
    "minResTime" : 475.0,
    "maxResTime" : 47545.0,
    "pct1ResTime" : 14554.400000000014,
    "pct2ResTime" : 16062.599999999999,
    "pct3ResTime" : 47545.0,
    "throughput" : 1.1852571151127422,
    "receivedKBytesPerSec" : 136.27749999553743,
    "sentKBytesPerSec" : 0.28589697991489
  },
  "Tile-465-MRMS_Tiles_CONUS-ReflectivityAtLowestAltitude" : {
    "transaction" : "Tile-465-MRMS_Tiles_CONUS-ReflectivityAtLowestAltitude",
    "sampleCount" : 10,
    "errorCount" : 2,
    "errorPct" : 20.0,
    "meanResTime" : 7132.0,
    "medianResTime" : 2454.0,
    "minResTime" : 869.0,
    "maxResTime" : 46752.0,
    "pct1ResTime" : 42939.70000000001,
    "pct2ResTime" : 46752.0,
    "pct3ResTime" : 46752.0,
    "throughput" : 0.1925928779153747,
    "receivedKBytesPerSec" : 0.9010111727943301,
    "sentKBytesPerSec" : 0.04645550863779057
  },
  "Tile-321-MRMS_Tiles_CONUS-ReflectivityAtLowestAltitude" : {
    "transaction" : "Tile-321-MRMS_Tiles_CONUS-ReflectivityAtLowestAltitude",
    "sampleCount" : 100,
    "errorCount" : 15,
    "errorPct" : 15.0,
    "meanResTime" : 7541.279999999999,
    "medianResTime" : 3931.5,
    "minResTime" : 1927.0,
    "maxResTime" : 29120.0,
    "pct1ResTime" : 18243.2,
    "pct2ResTime" : 25628.85,
    "pct3ResTime" : 29117.989999999998,
    "throughput" : 2.749292057295247,
    "receivedKBytesPerSec" : 349.7265957922085,
    "sentKBytesPerSec" : 0.6631593146014901
  },
  "Tile-322-MRMS_Tiles_CONUS-ReflectivityAtLowestAltitude" : {
    "transaction" : "Tile-322-MRMS_Tiles_CONUS-ReflectivityAtLowestAltitude",
    "sampleCount" : 100,
    "errorCount" : 36,
    "errorPct" : 36.0,
    "meanResTime" : 9349.0,
    "medianResTime" : 6104.0,
    "minResTime" : 486.0,
    "maxResTime" : 46934.0,
    "pct1ResTime" : 21951.40000000001,
    "pct2ResTime" : 28371.399999999958,
    "pct3ResTime" : 46752.52999999991,
    "throughput" : 1.2405408758218581,
    "receivedKBytesPerSec" : 320.8211944470289,
    "sentKBytesPerSec" : 0.27828578572757723
  },
  "Tile-454-MRMS_Tiles_CONUS-ReflectivityAtLowestAltitude" : {
    "transaction" : "Tile-454-MRMS_Tiles_CONUS-ReflectivityAtLowestAltitude",
    "sampleCount" : 78,
    "errorCount" : 28,
    "errorPct" : 35.897434,
    "meanResTime" : 12015.628205128207,
    "medianResTime" : 7071.0,
    "minResTime" : 1664.0,
    "maxResTime" : 51137.0,
    "pct1ResTime" : 35145.30000000002,
    "pct2ResTime" : 40179.0,
    "pct3ResTime" : 51137.0,
    "throughput" : 1.1660935864852744,
    "receivedKBytesPerSec" : 252.9230301147406,
    "sentKBytesPerSec" : 0.2560319414336971
  },
  "Tile-5118-MRMS_Tiles_CONUS-ReflectivityAtLowestAltitude" : {
    "transaction" : "Tile-5118-MRMS_Tiles_CONUS-ReflectivityAtLowestAltitude",
    "sampleCount" : 3,
    "errorCount" : 0,
    "errorPct" : 0.0,
    "meanResTime" : 5682.666666666667,
    "medianResTime" : 1091.0,
    "minResTime" : 839.0,
    "maxResTime" : 15118.0,
    "pct1ResTime" : 15118.0,
    "pct2ResTime" : 15118.0,
    "pct3ResTime" : 15118.0,
    "throughput" : 0.19843894695065487,
    "receivedKBytesPerSec" : 31.44966627116682,
    "sentKBytesPerSec" : 0.04805943246461172
  },
  "Tile-5126-MRMS_Tiles_CONUS-ReflectivityAtLowestAltitude" : {
    "transaction" : "Tile-5126-MRMS_Tiles_CONUS-ReflectivityAtLowestAltitude",
    "sampleCount" : 2,
    "errorCount" : 0,
    "errorPct" : 0.0,
    "meanResTime" : 3602.0,
    "medianResTime" : 3602.0,
    "minResTime" : 3185.0,
    "maxResTime" : 4019.0,
    "pct1ResTime" : 4019.0,
    "pct2ResTime" : 4019.0,
    "pct3ResTime" : 4019.0,
    "throughput" : 0.4976362279173924,
    "receivedKBytesPerSec" : 72.5431155138094,
    "sentKBytesPerSec" : 0.12052127394874347
  },
  "Tile-455-MRMS_Tiles_CONUS-ReflectivityAtLowestAltitude" : {
    "transaction" : "Tile-455-MRMS_Tiles_CONUS-ReflectivityAtLowestAltitude",
    "sampleCount" : 24,
    "errorCount" : 3,
    "errorPct" : 12.5,
    "meanResTime" : 5057.375,
    "medianResTime" : 3620.0,
    "minResTime" : 811.0,
    "maxResTime" : 18878.0,
    "pct1ResTime" : 13553.5,
    "pct2ResTime" : 17614.5,
    "pct3ResTime" : 18878.0,
    "throughput" : 0.6521739130434783,
    "receivedKBytesPerSec" : 36.327567722486414,
    "sentKBytesPerSec" : 0.1573114809782609
  },
  "Tile-462-MRMS_Tiles_CONUS-ReflectivityAtLowestAltitude" : {
    "transaction" : "Tile-462-MRMS_Tiles_CONUS-ReflectivityAtLowestAltitude",
    "sampleCount" : 20,
    "errorCount" : 3,
    "errorPct" : 15.0,
    "meanResTime" : 5581.55,
    "medianResTime" : 3358.0,
    "minResTime" : 616.0,
    "maxResTime" : 17978.0,
    "pct1ResTime" : 14661.800000000005,
    "pct2ResTime" : 17824.149999999998,
    "pct3ResTime" : 17978.0,
    "throughput" : 0.5940005940005939,
    "receivedKBytesPerSec" : 10.371604219260469,
    "sentKBytesPerSec" : 0.14327944015444014
  },
  "Total" : {
    "transaction" : "Total",
    "sampleCount" : 728,
    "errorCount" : 179,
    "errorPct" : 24.587912,
    "meanResTime" : 8866.039835164831,
    "medianResTime" : 5521.0,
    "minResTime" : 8.0,
    "maxResTime" : 51848.0,
    "pct1ResTime" : 18519.000000000004,
    "pct2ResTime" : 27297.699999999997,
    "pct3ResTime" : 46933.42,
    "throughput" : 8.737607719820447,
    "receivedKBytesPerSec" : 1593.7520159959433,
    "sentKBytesPerSec" : 2.0471149504008737
  },
  "Tile-463-MRMS_Tiles_CONUS-ReflectivityAtLowestAltitude" : {
    "transaction" : "Tile-463-MRMS_Tiles_CONUS-ReflectivityAtLowestAltitude",
    "sampleCount" : 57,
    "errorCount" : 20,
    "errorPct" : 35.08772,
    "meanResTime" : 11587.964912280702,
    "medianResTime" : 6287.0,
    "minResTime" : 1261.0,
    "maxResTime" : 51444.0,
    "pct1ResTime" : 32211.800000000017,
    "pct2ResTime" : 40299.7,
    "pct3ResTime" : 51444.0,
    "throughput" : 0.8839676188703824,
    "receivedKBytesPerSec" : 228.94479636759095,
    "sentKBytesPerSec" : 0.20574116129307404
  },
  "Tile-5116-MRMS_Tiles_CONUS-ReflectivityAtLowestAltitude" : {
    "transaction" : "Tile-5116-MRMS_Tiles_CONUS-ReflectivityAtLowestAltitude",
    "sampleCount" : 7,
    "errorCount" : 0,
    "errorPct" : 0.0,
    "meanResTime" : 4361.142857142857,
    "medianResTime" : 3299.0,
    "minResTime" : 776.0,
    "maxResTime" : 14491.0,
    "pct1ResTime" : 14491.0,
    "pct2ResTime" : 14491.0,
    "pct3ResTime" : 14491.0,
    "throughput" : 0.3056768558951965,
    "receivedKBytesPerSec" : 7.4475897243449785,
    "sentKBytesPerSec" : 0.07403111353711792
  },
  "Tile-332-MRMS_Tiles_CONUS-ReflectivityAtLowestAltitude" : {
    "transaction" : "Tile-332-MRMS_Tiles_CONUS-ReflectivityAtLowestAltitude",