{
  "NCPPServerEastGFSPosition-halftime-1zedd" : {
    "transaction" : "NCPPServerEastGFSPosition-halftime-1zedd",
    "sampleCount" : 159,
    "errorCount" : 0,
    "errorPct" : 0.0,
    "meanResTime" : 21277.276729559748,
    "medianResTime" : 25302.0,
    "minResTime" : 3218.0,
    "maxResTime" : 28026.0,
    "pct1ResTime" : 26995.0,
    "pct2ResTime" : 27441.0,
    "pct3ResTime" : 27933.0,
    "throughput" : 1.8532116507570195,
    "receivedKBytesPerSec" : 14.606710188730375,
    "sentKBytesPerSec" : 0.801731212192734
  },
  "NCPPServerEastGFSAreaUS-1time-1zedd" : {
    "transaction" : "NCPPServerEastGFSAreaUS-1time-1zedd",
    "sampleCount" : 155,
    "errorCount" : 0,
    "errorPct" : 0.0,
    "meanResTime" : 22242.87096774193,
    "medianResTime" : 26411.0,
    "minResTime" : 3388.0,
    "maxResTime" : 29986.0,
    "pct1ResTime" : 28775.0,
    "pct2ResTime" : 29394.6,
    "pct3ResTime" : 29956.32,
    "throughput" : 1.7737597985924358,
    "receivedKBytesPerSec" : 83.26104710834238,
    "sentKBytesPerSec" : 2.0128016464496192
  },
  "NCPPServerEastGFSPosition-fulltime-1zedd" : {
    "transaction" : "NCPPServerEastGFSPosition-fulltime-1zedd",
    "sampleCount" : 153,
    "errorCount" : 0,
    "errorPct" : 0.0,
    "meanResTime" : 22025.50980392157,
    "medianResTime" : 26084.0,
    "minResTime" : 3364.0,
    "maxResTime" : 29875.0,
    "pct1ResTime" : 28719.6,
    "pct2ResTime" : 29304.4,
    "pct3ResTime" : 29727.58,
    "throughput" : 1.7868613138686131,
    "receivedKBytesPerSec" : 22.792951642335765,
    "sentKBytesPerSec" : 0.7730269160583941
  },
  "NCPPServerEastCollections" : {
    "transaction" : "NCPPServerEastCollections",
    "sampleCount" : 950,
    "errorCount" : 0,
    "errorPct" : 0.0,
    "meanResTime" : 2984.6842105263177,
    "medianResTime" : 3239.0,
    "minResTime" : 438.0,
    "maxResTime" : 3449.0,
    "pct1ResTime" : 3325.0,
    "pct2ResTime" : 3345.45,
    "pct3ResTime" : 3408.0,
    "throughput" : 15.042594293314753,
    "receivedKBytesPerSec" : 606.066711678991,
    "sentKBytesPerSec" : 2.497305693226082
  },
  "NCPPServerEastGFSCollectionMeta" : {
    "transaction" : "NCPPServerEastGFSCollectionMeta",
    "sampleCount" : 675,
    "errorCount" : 0,
    "errorPct" : 0.0,
    "meanResTime" : 4261.792592592595,
    "medianResTime" : 4676.0,
    "minResTime" : 622.0,
    "maxResTime" : 5021.0,
    "pct1ResTime" : 4811.0,
    "pct2ResTime" : 4852.0,
    "pct3ResTime" : 4918.08,
    "throughput" : 10.438736217001995,
    "receivedKBytesPerSec" : 114.00037804173175,
    "sentKBytesPerSec" : 2.630072210924331
  },
  "NCPPServerEastGFSAreaUS-1time-fullzedd" : {
    "transaction" : "NCPPServerEastGFSAreaUS-1time-fullzedd",
    "sampleCount" : 127,
    "errorCount" : 0,
    "errorPct" : 0.0,
    "meanResTime" : 29007.50393700787,
    "medianResTime" : 34430.0,
    "minResTime" : 4182.0,
    "maxResTime" : 44808.0,
    "pct1ResTime" : 39569.2,
    "pct2ResTime" : 39693.8,
    "pct3ResTime" : 43450.84,
    "throughput" : 1.2952971534060196,
    "receivedKBytesPerSec" : 2241.354871579447,
    "sentKBytesPerSec" : 1.4635339907136373
  },
  "NCPPServerEastNWM-position-1day" : {
    "transaction" : "NCPPServerEastNWM-position-1day",
    "sampleCount" : 56,
    "errorCount" : 0,
    "errorPct" : 0.0,
    "meanResTime" : 162848.23214285716,
    "medianResTime" : 157464.5,
    "minResTime" : 31361.0,
    "maxResTime" : 306980.0,
    "pct1ResTime" : 272889.4,
    "pct2ResTime" : 292168.1,
    "pct3ResTime" : 306980.0,
    "throughput" : 0.1647693670208227,
    "receivedKBytesPerSec" : 0.7004307174234778,
    "sentKBytesPerSec" : 0.05647856232842654
  },
  "NCPPServerEastNWM-position-1month" : {
    "transaction" : "NCPPServerEastNWM-position-1month",
    "sampleCount" : 56,
    "errorCount" : 0,
    "errorPct" : 0.0,
    "meanResTime" : 167694.35714285713,
    "medianResTime" : 165838.0,
    "minResTime" : 32919.0,
    "maxResTime" : 302115.0,
    "pct1ResTime" : 273837.1,
    "pct2ResTime" : 294577.2,
    "pct3ResTime" : 302115.0,
    "throughput" : 0.16665029922656405,
    "receivedKBytesPerSec" : 9.090741273922502,
    "sentKBytesPerSec" : 0.05712329592629295
  },
  "NCPPServerEastGFSAreaUS-1time-halfzedd" : {
    "transaction" : "NCPPServerEastGFSAreaUS-1time-halfzedd",
    "sampleCount" : 138,
    "errorCount" : 0,
    "errorPct" : 0.0,
    "meanResTime" : 26236.768115942024,
    "medianResTime" : 31448.0,
    "minResTime" : 3856.0,
    "maxResTime" : 37260.0,
    "pct1ResTime" : 34405.5,
    "pct2ResTime" : 35242.95,
    "pct3ResTime" : 36534.989999999976,
    "throughput" : 1.4891229281767957,
    "receivedKBytesPerSec" : 1320.6513547107002,
    "sentKBytesPerSec" : 1.688351288684824
  },
  "NCPPServerEastGFSAreaUS-fulltime-1zedd" : {
    "transaction" : "NCPPServerEastGFSAreaUS-fulltime-1zedd",
    "sampleCount" : 134,
    "errorCount" : 0,
    "errorPct" : 0.0,
    "meanResTime" : 26918.335820895514,
    "medianResTime" : 32330.5,
    "minResTime" : 4875.0,
    "maxResTime" : 36867.0,
    "pct1ResTime" : 35265.5,
    "pct2ResTime" : 35779.75,
    "pct3ResTime" : 36748.700000000004,
    "throughput" : 1.4330937713894594,
    "receivedKBytesPerSec" : 7739.515279760759,
    "sentKBytesPerSec" : 1.6262255491743667
  },
  "NCPPServerEastGFSPosition-halftime-halfzedd" : {
    "transaction" : "NCPPServerEastGFSPosition-halftime-halfzedd",
    "sampleCount" : 150,
    "errorCount" : 0,
    "errorPct" : 0.0,
    "meanResTime" : 23382.279999999995,
    "medianResTime" : 27943.0,
    "minResTime" : 3208.0,
    "maxResTime" : 33153.0,
    "pct1ResTime" : 30555.100000000002,
    "pct2ResTime" : 30919.85,
    "pct3ResTime" : 32604.24000000001,
    "throughput" : 1.6801451645422165,
    "receivedKBytesPerSec" : 89.17403276143058,
    "sentKBytesPerSec" : 0.7252189089137301
  },
  "NCPPServerEastGFSAreaGlobe-1time-1zedd" : {
    "transaction" : "NCPPServerEastGFSAreaGlobe-1time-1zedd",
    "sampleCount" : 142,
    "errorCount" : 0,
    "errorPct" : 0.0,
    "meanResTime" : 25156.1338028169,
    "medianResTime" : 29308.5,
    "minResTime" : 4370.0,
    "maxResTime" : 33403.0,
    "pct1ResTime" : 31854.3,
    "pct2ResTime" : 32428.399999999998,
    "pct3ResTime" : 33377.63,
    "throughput" : 1.5753097924362942,
    "receivedKBytesPerSec" : 3140.106238074239,
    "sentKBytesPerSec" : 0.8291913848859009
  },
  "NCPPServerEastGFSAreaTexas-1time-1zedd" : {
    "transaction" : "NCPPServerEastGFSAreaTexas-1time-1zedd",
    "sampleCount" : 155,
    "errorCount" : 0,
    "errorPct" : 0.0,
    "meanResTime" : 22296.85806451613,
    "medianResTime" : 26209.0,
    "minResTime" : 3516.0,
    "maxResTime" : 31945.0,
    "pct1ResTime" : 29145.600000000002,
    "pct2ResTime" : 29501.8,
    "pct3ResTime" : 31449.399999999998,
    "throughput" : 1.7482123119261916,
    "receivedKBytesPerSec" : 12.228949990554014,
    "sentKBytesPerSec" : 1.3521329600054137
  },
  "NCPPServerEastGFSAreaUS-halftime-1zedd" : {
    "transaction" : "NCPPServerEastGFSAreaUS-halftime-1zedd",
    "sampleCount" : 142,
    "errorCount" : 0,
    "errorPct" : 0.0,
    "meanResTime" : 24649.464788732388,
    "medianResTime" : 29287.5,
    "minResTime" : 4911.0,
    "maxResTime" : 32411.0,
    "pct1ResTime" : 31318.0,
    "pct2ResTime" : 31724.6,
    "pct3ResTime" : 32374.45,
    "throughput" : 1.576219072250774,
    "receivedKBytesPerSec" : 4292.860350250863,
    "sentKBytesPerSec" : 1.78863922065957
  },
  "NCPPServerEastGFSPosition-fulltime-fullzedd" : {
    "transaction" : "NCPPServerEastGFSPosition-fulltime-fullzedd",
    "sampleCount" : 146,
    "errorCount" : 0,
    "errorPct" : 0.0,
    "meanResTime" : 23758.876712328765,
    "medianResTime" : 28578.0,
    "minResTime" : 3478.0,
    "maxResTime" : 34638.0,
    "pct1ResTime" : 31036.1,
    "pct2ResTime" : 31774.100000000002,
    "pct3ResTime" : 33897.75,
    "throughput" : 1.6309569025223978,
    "receivedKBytesPerSec" : 312.30435586278736,
    "sentKBytesPerSec" : 0.6976163313523537
  },