{
  "WIFSGriddedHighResCubeFullTimeFullVertUSA" : {
    "transaction" : "WIFSGriddedHighResCubeFullTimeFullVertUSA",
    "sampleCount" : 82,
    "errorCount" : 0,
    "errorPct" : 0.0,
    "meanResTime" : 2979.0731707317073,
    "medianResTime" : 2509.0,
    "minResTime" : 972.0,
    "maxResTime" : 8015.0,
    "pct1ResTime" : 6048.500000000001,
    "pct2ResTime" : 7674.399999999999,
    "pct3ResTime" : 8015.0,
    "throughput" : 0.5737836835513012,
    "receivedKBytesPerSec" : 0.1641783391411438,
    "sentKBytesPerSec" : 0.20228116187697237
  },
  "WIFSOpmetNamCarAllDataVarFiveMinuteTAC" : {
    "transaction" : "WIFSOpmetNamCarAllDataVarFiveMinuteTAC",
    "sampleCount" : 28146,
    "errorCount" : 3,
    "errorPct" : 0.010658708,
    "meanResTime" : 1172.5372699495565,
    "medianResTime" : 343.0,
    "minResTime" : 156.0,
    "maxResTime" : 30797.0,
    "pct1ResTime" : 4991.0,
    "pct2ResTime" : 5236.0,
    "pct3ResTime" : 5679.980000000003,
    "throughput" : 7.814666952088312,
    "receivedKBytesPerSec" : 2.785429822820627,
    "sentKBytesPerSec" : 2.3352422727920152
  },
  "WIFSOpmetEurNatAllDataVarOneMinuteIWXXM" : {
    "transaction" : "WIFSOpmetEurNatAllDataVarOneMinuteIWXXM",
    "sampleCount" : 28116,
    "errorCount" : 0,
    "errorPct" : 0.0,
    "meanResTime" : 901.0058685445971,
    "medianResTime" : 117.0,
    "minResTime" : 53.0,
    "maxResTime" : 11060.0,
    "pct1ResTime" : 4528.0,
    "pct2ResTime" : 4754.0,
    "pct3ResTime" : 5192.990000000002,
    "throughput" : 7.81484954830303,
    "receivedKBytesPerSec" : 2.8008298674093868,
    "sentKBytesPerSec" : 2.274243325580374
  },
  "WIFSGriddedHighResCubeFullTimeFullVertRoughlyGlobal" : {
    "transaction" : "WIFSGriddedHighResCubeFullTimeFullVertRoughlyGlobal",
    "sampleCount" : 82,
    "errorCount" : 0,
    "errorPct" : 0.0,
    "meanResTime" : 5895.000000000003,
    "medianResTime" : 5716.5,
    "minResTime" : 2738.0,
    "maxResTime" : 13597.0,
    "pct1ResTime" : 8872.2,
    "pct2ResTime" : 11124.399999999987,
    "pct3ResTime" : 13597.0,
    "throughput" : 0.607016219177271,
    "receivedKBytesPerSec" : 0.173687258026309,
    "sentKBytesPerSec" : 0.21281135027796902
  },
  "WIFSGriddedLowResCubeFullTimeFullVertUSA" : {
    "transaction" : "WIFSGriddedLowResCubeFullTimeFullVertUSA",
    "sampleCount" : 82,
    "errorCount" : 0,
    "errorPct" : 0.0,
    "meanResTime" : 2316.2317073170725,
    "medianResTime" : 2043.5,
    "minResTime" : 873.0,
    "maxResTime" : 5205.0,
    "pct1ResTime" : 4023.8,
    "pct2ResTime" : 4523.549999999998,
    "pct3ResTime" : 5205.0,
    "throughput" : 0.5949444234843427,
    "receivedKBytesPerSec" : 0.17023312117276604,
    "sentKBytesPerSec" : 0.20160714350494818
  },
  "WIFSOpmetNamCarAllDataVarOneMinuteTAC" : {
    "transaction" : "WIFSOpmetNamCarAllDataVarOneMinuteTAC",
    "sampleCount" : 28160,
    "errorCount" : 0,
    "errorPct" : 0.0,
    "meanResTime" : 813.0190340909083,
    "medianResTime" : 116.0,
    "minResTime" : 53.0,
    "maxResTime" : 12801.0,
    "pct1ResTime" : 4485.0,
    "pct2ResTime" : 4737.0,
    "pct3ResTime" : 5157.970000000005,
    "throughput" : 7.817481788126812,
    "receivedKBytesPerSec" : 2.78650473893192,
    "sentKBytesPerSec" : 2.3360834249675824
  },
  "WIFSOpmetGlobalAllDataVarOneMinuteTAC" : {
    "transaction" : "WIFSOpmetGlobalAllDataVarOneMinuteTAC",
    "sampleCount" : 28193,
    "errorCount" : 1,
    "errorPct" : 0.0035469797,
    "meanResTime" : 827.4837370978631,
    "medianResTime" : 116.0,
    "minResTime" : 54.0,
    "maxResTime" : 30845.0,
    "pct1ResTime" : 4490.0,
    "pct2ResTime" : 4732.0,
    "pct3ResTime" : 5174.970000000005,
    "throughput" : 7.822983527698573,
    "receivedKBytesPerSec" : 2.7808026009311386,
    "sentKBytesPerSec" : 2.330087867136782
  },
  "WIFSOpmetGlobalAllDataVarFiveMinuteTAC" : {
    "transaction" : "WIFSOpmetGlobalAllDataVarFiveMinuteTAC",
    "sampleCount" : 28177,
    "errorCount" : 1,
    "errorPct" : 0.003548994,
    "meanResTime" : 1192.2375696490003,
    "medianResTime" : 344.0,
    "minResTime" : 152.0,
    "maxResTime" : 30300.0,
    "pct1ResTime" : 5012.9000000000015,
    "pct2ResTime" : 5253.0,
    "pct3ResTime" : 5742.0,
    "throughput" : 7.8201908407433685,
    "receivedKBytesPerSec" : 2.7798098830239386,
    "sentKBytesPerSec" : 2.3292560609636013
  },
  "WIFSGriddedHighResCubeFullTimeFullVertNorthAmerica" : {
    "transaction" : "WIFSGriddedHighResCubeFullTimeFullVertNorthAmerica",
    "sampleCount" : 82,
    "errorCount" : 0,
    "errorPct" : 0.0,
    "meanResTime" : 3272.8048780487816,
    "medianResTime" : 2920.0,
    "minResTime" : 1298.0,
    "maxResTime" : 9081.0,
    "pct1ResTime" : 6082.6,
    "pct2ResTime" : 8386.399999999994,
    "pct3ResTime" : 9081.0,
    "throughput" : 0.5976240798775599,
    "receivedKBytesPerSec" : 0.17099985879309088,
    "sentKBytesPerSec" : 0.21126945011296552
  },
  "WIFSOpmetGlobalAllDataVarOneMinuteIWXXM" : {
    "transaction" : "WIFSOpmetGlobalAllDataVarOneMinuteIWXXM",
    "sampleCount" : 28186,
    "errorCount" : 0,
    "errorPct" : 0.0,
    "meanResTime" : 907.1202724756937,
    "medianResTime" : 117.0,
    "minResTime" : 52.0,
    "maxResTime" : 11094.0,
    "pct1ResTime" : 4540.0,
    "pct2ResTime" : 4759.0,
    "pct3ResTime" : 5174.980000000003,
    "throughput" : 7.820767737127198,
    "receivedKBytesPerSec" : 2.7953134685435104,
    "sentKBytesPerSec" : 2.268328142506619
  },
  "WIFSOpmetEurNatAllDataVarOneMinuteTAC" : {
    "transaction" : "WIFSOpmetEurNatAllDataVarOneMinuteTAC",
    "sampleCount" : 28128,
    "errorCount" : 1,
    "errorPct" : 0.0035551763,
    "meanResTime" : 827.0043017633684,
    "medianResTime" : 116.0,
    "minResTime" : 52.0,
    "maxResTime" : 30308.0,
    "pct1ResTime" : 4484.0,
    "pct2ResTime" : 4738.0,
    "pct3ResTime" : 5162.0,
    "throughput" : 7.812734357032627,
    "receivedKBytesPerSec" : 2.784788669674214,
    "sentKBytesPerSec" : 2.3346647590351406
  },
  "WIFSGriddedLowResItemGlobal" : {
    "transaction" : "WIFSGriddedLowResItemGlobal",
    "sampleCount" : 82,
    "errorCount" : 0,
    "errorPct" : 0.0,
    "meanResTime" : 358.96341463414626,
    "medianResTime" : 133.5,
    "minResTime" : 48.0,
    "maxResTime" : 4292.0,
    "pct1ResTime" : 700.4000000000001,
    "pct2ResTime" : 1346.9499999999985,
    "pct3ResTime" : 4292.0,
    "throughput" : 0.5827464413380427,
    "receivedKBytesPerSec" : 9.42732975320333,
    "sentKBytesPerSec" : 0.1286139606859352
  },
  "WIFSOpmetNamCarAllDataVarFiveMinuteIWXXM" : {
    "transaction" : "WIFSOpmetNamCarAllDataVarFiveMinuteIWXXM",
    "sampleCount" : 28136,
    "errorCount" : 0,
    "errorPct" : 0.0,
    "meanResTime" : 1082.6622831959119,
    "medianResTime" : 342.0,
    "minResTime" : 155.0,
    "maxResTime" : 12588.0,
    "pct1ResTime" : 4959.0,
    "pct2ResTime" : 5217.950000000001,
    "pct3ResTime" : 5690.0,
    "throughput" : 7.813048869043405,
    "receivedKBytesPerSec" : 2.800184506776298,
    "sentKBytesPerSec" : 2.2737192997802094
  },
  "WIFSGriddedLowResCubeFullTimeFullVertRoughlyGlobal" : {
    "transaction" : "WIFSGriddedLowResCubeFullTimeFullVertRoughlyGlobal",
    "sampleCount" : 82,
    "errorCount" : 0,
    "errorPct" : 0.0,
    "meanResTime" : 2622.146341463414,
    "medianResTime" : 2428.0,
    "minResTime" : 1007.0,
    "maxResTime" : 5785.0,
    "pct1ResTime" : 4196.9,
    "pct2ResTime" : 4573.9,
    "pct3ResTime" : 5785.0,
    "throughput" : 0.5921774799237391,
    "receivedKBytesPerSec" : 0.16944140782974174,
    "sentKBytesPerSec" : 0.1995129204821191
  },
  "WIFSOpmetEurNatAllDataVarFiveMinuteTAC" : {
    "transaction" : "WIFSOpmetEurNatAllDataVarFiveMinuteTAC",
    "sampleCount" : 28112,
    "errorCount" : 4,
    "errorPct" : 0.014228799,
    "meanResTime" : 1165.642857142853,
    "medianResTime" : 343.0,
    "minResTime" : 153.0,
    "maxResTime" : 30853.0,
    "pct1ResTime" : 5005.0,
    "pct2ResTime" : 5239.0,
    "pct3ResTime" : 5704.990000000002,
    "throughput" : 7.8078066401351585,