{
  "NCPPServerEastGFSPosition-halftime-1zedd" : {
    "transaction" : "NCPPServerEastGFSPosition-halftime-1zedd",
    "sampleCount" : 226,
    "errorCount" : 0,
    "errorPct" : 0.0,
    "meanResTime" : 5219.876106194693,
    "medianResTime" : 5388.0,
    "minResTime" : 2929.0,
    "maxResTime" : 6815.0,
    "pct1ResTime" : 6113.9,
    "pct2ResTime" : 6371.0,
    "pct3ResTime" : 6800.959999999999,
    "throughput" : 3.4362171202675995,
    "receivedKBytesPerSec" : 27.083699587577925,
    "sentKBytesPerSec" : 1.486566586209518
  },
  "NCPPServerEastGFSAreaUS-1time-1zedd" : {
    "transaction" : "NCPPServerEastGFSAreaUS-1time-1zedd",
    "sampleCount" : 230,
    "errorCount" : 0,
    "errorPct" : 0.0,
    "meanResTime" : 5145.695652173913,
    "medianResTime" : 5207.0,
    "minResTime" : 2950.0,
    "maxResTime" : 6987.0,
    "pct1ResTime" : 6371.0,
    "pct2ResTime" : 6633.0,
    "pct3ResTime" : 6981.42,
    "throughput" : 3.5139181715403183,
    "receivedKBytesPerSec" : 164.9448288588169,
    "sentKBytesPerSec" : 3.987473550126807
  },
  "NCPPServerEastGFSPosition-fulltime-1zedd" : {
    "transaction" : "NCPPServerEastGFSPosition-fulltime-1zedd",
    "sampleCount" : 230,
    "errorCount" : 0,
    "errorPct" : 0.0,
    "meanResTime" : 5065.234782608693,
    "medianResTime" : 5224.0,
    "minResTime" : 2917.0,
    "maxResTime" : 6464.0,
    "pct1ResTime" : 5946.0,
    "pct2ResTime" : 6075.0,
    "pct3ResTime" : 6429.28,
    "throughput" : 3.5366660003382897,
    "receivedKBytesPerSec" : 45.11321415665893,
    "sentKBytesPerSec" : 1.530022498193225
  },
  "NCPPServerEastCollections" : {
    "transaction" : "NCPPServerEastCollections",
    "sampleCount" : 1814,
    "errorCount" : 0,
    "errorPct" : 0.0,
    "meanResTime" : 614.5854465270118,
    "medianResTime" : 621.0,
    "minResTime" : 382.0,
    "maxResTime" : 791.0,
    "pct1ResTime" : 694.0,
    "pct2ResTime" : 719.0,
    "pct3ResTime" : 763.7999999999993,
    "throughput" : 29.997354147373994,
    "receivedKBytesPerSec" : 1208.5945703693444,
    "sentKBytesPerSec" : 4.9800294971226355
  },
  "NCPPServerEastGFSCollectionMeta" : {
    "transaction" : "NCPPServerEastGFSCollectionMeta",
    "sampleCount" : 1234,
    "errorCount" : 0,
    "errorPct" : 0.0,
    "meanResTime" : 908.2965964343606,
    "medianResTime" : 915.0,
    "minResTime" : 518.0,
    "maxResTime" : 2038.0,
    "pct1ResTime" : 1065.0,
    "pct2ResTime" : 1097.0,
    "pct3ResTime" : 1510.5500000000225,
    "throughput" : 20.246103363412633,
    "receivedKBytesPerSec" : 221.1056385869565,
    "sentKBytesPerSec" : 5.101069011484824
  },
  "NCPPServerEastGFSAreaUS-1time-fullzedd" : {
    "transaction" : "NCPPServerEastGFSAreaUS-1time-fullzedd",
    "sampleCount" : 172,
    "errorCount" : 0,
    "errorPct" : 0.0,
    "meanResTime" : 6819.465116279072,
    "medianResTime" : 7208.5,
    "minResTime" : 3704.0,
    "maxResTime" : 10059.0,
    "pct1ResTime" : 8746.0,
    "pct2ResTime" : 8807.65,
    "pct3ResTime" : 10059.0,
    "throughput" : 2.6185184057485613,
    "receivedKBytesPerSec" : 4531.029014934688,
    "sentKBytesPerSec" : 2.9586189408702004
  },
  "NCPPServerEastNWM-position-1day" : {
    "transaction" : "NCPPServerEastNWM-position-1day",
    "sampleCount" : 32,
    "errorCount" : 0,
    "errorPct" : 0.0,
    "meanResTime" : 51440.812500000015,
    "medianResTime" : 53622.5,
    "minResTime" : 33790.0,
    "maxResTime" : 69493.0,
    "pct1ResTime" : 68905.0,
    "pct2ResTime" : 69493.0,
    "pct3ResTime" : 69493.0,
    "throughput" : 0.2967634239080033,
    "receivedKBytesPerSec" : 1.2615343596401745,
    "sentKBytesPerSec" : 0.10172261893721599
  },
  "NCPPServerEastNWM-position-1month" : {
    "transaction" : "NCPPServerEastNWM-position-1month",
    "sampleCount" : 32,
    "errorCount" : 0,
    "errorPct" : 0.0,
    "meanResTime" : 47953.43750000001,
    "medianResTime" : 48512.5,
    "minResTime" : 33313.0,
    "maxResTime" : 62340.0,
    "pct1ResTime" : 61948.0,
    "pct2ResTime" : 62340.0,
    "pct3ResTime" : 62340.0,
    "throughput" : 0.3179302739168016,
    "receivedKBytesPerSec" : 17.343034346404906,
    "sentKBytesPerSec" : 0.10897805287577869
  },
  "NCPPServerEastGFSAreaUS-1time-halfzedd" : {
    "transaction" : "NCPPServerEastGFSAreaUS-1time-halfzedd",
    "sampleCount" : 192,
    "errorCount" : 0,
    "errorPct" : 0.0,
    "meanResTime" : 6017.44791666667,
    "medianResTime" : 6390.0,
    "minResTime" : 3593.0,
    "maxResTime" : 8646.0,
    "pct1ResTime" : 7977.0,
    "pct2ResTime" : 8073.0,
    "pct3ResTime" : 8646.0,
    "throughput" : 2.9825242718446603,
    "receivedKBytesPerSec" : 2645.097087378641,
    "sentKBytesPerSec" : 3.3815533980582524
  },
  "NCPPServerEastGFSAreaUS-fulltime-1zedd" : {
    "transaction" : "NCPPServerEastGFSAreaUS-fulltime-1zedd",
    "sampleCount" : 174,
    "errorCount" : 0,
    "errorPct" : 0.0,
    "meanResTime" : 6762.7816091954,
    "medianResTime" : 6985.0,
    "minResTime" : 4417.0,
    "maxResTime" : 8007.0,
    "pct1ResTime" : 7465.0,
    "pct2ResTime" : 7629.75,
    "pct3ResTime" : 8007.0,
    "throughput" : 2.6178798182529412,
    "receivedKBytesPerSec" : 14138.028689010172,
    "sentKBytesPerSec" : 2.9706800281346855
  },
  "NCPPServerEastGFSPosition-halftime-halfzedd" : {
    "transaction" : "NCPPServerEastGFSPosition-halftime-halfzedd",
    "sampleCount" : 208,
    "errorCount" : 0,
    "errorPct" : 0.0,
    "meanResTime" : 5719.259615384612,
    "medianResTime" : 5693.0,
    "minResTime" : 3634.0,
    "maxResTime" : 7769.0,
    "pct1ResTime" : 6780.2,
    "pct2ResTime" : 6898.549999999999,
    "pct3ResTime" : 7757.929999999999,
    "throughput" : 3.122513623466891,
    "receivedKBytesPerSec" : 165.7280204314473,
    "sentKBytesPerSec" : 1.3478037320042635
  },
  "NCPPServerEastGFSAreaGlobe-1time-1zedd" : {
    "transaction" : "NCPPServerEastGFSAreaGlobe-1time-1zedd",
    "sampleCount" : 200,
    "errorCount" : 0,
    "errorPct" : 0.0,
    "meanResTime" : 5862.219999999998,
    "medianResTime" : 6019.5,
    "minResTime" : 3829.0,
    "maxResTime" : 7682.0,
    "pct1ResTime" : 6748.0,
    "pct2ResTime" : 7010.849999999999,
    "pct3ResTime" : 7681.780000000001,
    "throughput" : 3.0070666065253344,
    "receivedKBytesPerSec" : 5994.064567358291,
    "sentKBytesPerSec" : 1.5828211923019093
  },
  "NCPPServerEastGFSAreaTexas-1time-1zedd" : {
    "transaction" : "NCPPServerEastGFSAreaTexas-1time-1zedd",
    "sampleCount" : 234,
    "errorCount" : 0,
    "errorPct" : 0.0,
    "meanResTime" : 4981.555555555552,
    "medianResTime" : 5049.0,
    "minResTime" : 3401.0,
    "maxResTime" : 6420.0,
    "pct1ResTime" : 5880.0,
    "pct2ResTime" : 6043.0,
    "pct3ResTime" : 6363.300000000001,
    "throughput" : 3.6176429664672325,
    "receivedKBytesPerSec" : 25.305836492973423,
    "sentKBytesPerSec" : 2.7980207318769996
  },
  "NCPPServerEastGFSAreaUS-halftime-1zedd" : {
    "transaction" : "NCPPServerEastGFSAreaUS-halftime-1zedd",
    "sampleCount" : 200,
    "errorCount" : 0,
    "errorPct" : 0.0,
    "meanResTime" : 5827.350000000001,
    "medianResTime" : 5920.5,
    "minResTime" : 4062.0,
    "maxResTime" : 7490.0,
    "pct1ResTime" : 6635.7,
    "pct2ResTime" : 6794.549999999999,
    "pct3ResTime" : 7489.89,
    "throughput" : 3.0635377734207463,
    "receivedKBytesPerSec" : 8343.598977161326,
    "sentKBytesPerSec" : 3.4763973561669013
  },
  "NCPPServerEastGFSPosition-fulltime-fullzedd" : {
    "transaction" : "NCPPServerEastGFSPosition-fulltime-fullzedd",
    "sampleCount" : 198,
    "errorCount" : 0,
    "errorPct" : 0.0,
    "meanResTime" : 5927.464646464651,
    "medianResTime" : 6056.0,
    "minResTime" : 3744.0,
    "maxResTime" : 8972.0,
    "pct1ResTime" : 7543.0,
    "pct2ResTime" : 7619.0,
    "pct3ResTime" : 8972.0,
    "throughput" : 2.9940572500037805,
    "receivedKBytesPerSec" : 573.3181051152259,
    "sentKBytesPerSec" : 1.2806612065445857
  },
  "NCPPServerEastGFSPosition-1time-fullzedd" : {
    "transaction" : "NCPPServerEastGFSPosition-1time-fullzedd",