{
  "NCPPServerlessWestGFSPosition-1time-fullzedd" : {
    "transaction" : "NCPPServerlessWestGFSPosition-1time-fullzedd",
    "sampleCount" : 372,
    "errorCount" : 2,
    "errorPct" : 0.53763443,
    "meanResTime" : 3065.430107526882,
    "medianResTime" : 2902.5,
    "minResTime" : 2462.0,
    "maxResTime" : 29313.0,
    "pct1ResTime" : 3175.0,
    "pct2ResTime" : 3324.7999999999997,
    "pct3ResTime" : 5734.0,
    "throughput" : 5.922623786021334,
    "receivedKBytesPerSec" : 32.55934937708963,
    "sentKBytesPerSec" : 2.49860690972775
  },
  "NCPPServerlessWestGFSTrajectory20waypoints" : {
    "transaction" : "NCPPServerlessWestGFSTrajectory20waypoints",
    "sampleCount" : 422,
    "errorCount" : 0,
    "errorPct" : 0.0,
    "meanResTime" : 2688.91943127962,
    "medianResTime" : 2659.0,
    "minResTime" : 2265.0,
    "maxResTime" : 3540.0,
    "pct1ResTime" : 2950.8,
    "pct2ResTime" : 3182.0,
    "pct3ResTime" : 3497.969999999999,
    "throughput" : 6.745093024742664,
    "receivedKBytesPerSec" : 51.872663642430155,
    "sentKBytesPerSec" : 11.744629749136884
  },
  "NCPPServerlessWestGFSCorridor5waypoints" : {
    "transaction" : "NCPPServerlessWestGFSCorridor5waypoints",
    "sampleCount" : 252,
    "errorCount" : 0,
    "errorPct" : 0.0,
    "meanResTime" : 4717.809523809524,
    "medianResTime" : 4217.0,
    "minResTime" : 3408.0,
    "maxResTime" : 9816.0,
    "pct1ResTime" : 6902.0,
    "pct2ResTime" : 8834.5,
    "pct3ResTime" : 9478.39,
    "throughput" : 3.795237880088555,
    "receivedKBytesPerSec" : 54.34157988072109,
    "sentKBytesPerSec" : 2.8427221230741426
  },
  "NCPPServerlessWestGFSAreaGlobe-1time-1zedd" : {
    "transaction" : "NCPPServerlessWestGFSAreaGlobe-1time-1zedd",
    "sampleCount" : 586,
    "errorCount" : 0,
    "errorPct" : 0.0,
    "meanResTime" : 1931.4675767918066,
    "medianResTime" : 1897.0,
    "minResTime" : 1266.0,
    "maxResTime" : 3070.0,
    "pct1ResTime" : 2243.4000000000005,
    "pct2ResTime" : 2524.0,
    "pct3ResTime" : 3005.0,
    "throughput" : 9.372550901268333,
    "receivedKBytesPerSec" : 18736.177742840635,
    "sentKBytesPerSec" : 4.8784859671640834
  },
  "NCPPServerlessWestGFSPosition-halftime-fullzedd" : {
    "transaction" : "NCPPServerlessWestGFSPosition-halftime-fullzedd",
    "sampleCount" : 350,
    "errorCount" : 0,
    "errorPct" : 0.0,
    "meanResTime" : 3264.805714285715,
    "medianResTime" : 3277.0,
    "minResTime" : 2686.0,
    "maxResTime" : 4354.0,
    "pct1ResTime" : 3590.0,
    "pct2ResTime" : 3746.0,
    "pct3ResTime" : 3965.0,
    "throughput" : 5.541043299295496,
    "receivedKBytesPerSec" : 549.2072164667933,
    "sentKBytesPerSec" : 2.3376276418902875
  },
  "NCPPServerlessWestGFSPosition-1time-1zedd" : {
    "transaction" : "NCPPServerlessWestGFSPosition-1time-1zedd",
    "sampleCount" : 1892,
    "errorCount" : 0,
    "errorPct" : 0.0,
    "meanResTime" : 588.4133192389032,
    "medianResTime" : 539.0,
    "minResTime" : 415.0,
    "maxResTime" : 4141.0,
    "pct1ResTime" : 687.0,
    "pct2ResTime" : 736.0,
    "pct3ResTime" : 3425.7899999999872,
    "throughput" : 31.16711967712709,
    "receivedKBytesPerSec" : 95.23624752903386,
    "sentKBytesPerSec" : 12.38771260604563
  },
  "NCPPServerlessWestGFSPosition-fulltime-1zedd" : {
    "transaction" : "NCPPServerlessWestGFSPosition-fulltime-1zedd",
    "sampleCount" : 1976,
    "errorCount" : 0,
    "errorPct" : 0.0,
    "meanResTime" : 564.2550607287443,
    "medianResTime" : 515.0,
    "minResTime" : 408.0,
    "maxResTime" : 1582.0,
    "pct1ResTime" : 677.0,
    "pct2ResTime" : 773.1499999999999,
    "pct3ResTime" : 1456.0,
    "throughput" : 32.610489487407996,
    "receivedKBytesPerSec" : 429.445752673532,
    "sentKBytesPerSec" : 13.916781158200482
  },
  "NCPPServerlessWestGFSCorridor10waypoints" : {
    "transaction" : "NCPPServerlessWestGFSCorridor10waypoints",
    "sampleCount" : 214,
    "errorCount" : 0,
    "errorPct" : 0.0,
    "meanResTime" : 5470.785046728969,
    "medianResTime" : 5493.0,
    "minResTime" : 4342.0,
    "maxResTime" : 7145.0,
    "pct1ResTime" : 6000.0,
    "pct2ResTime" : 6118.75,
    "pct3ResTime" : 7105.549999999998,
    "throughput" : 3.3132063786963926,
    "receivedKBytesPerSec" : 71.9328166124787,
    "sentKBytesPerSec" : 3.659410560845332
  },
  "NCPPServerlessWestGFSPosition-halftime-1zedd" : {
    "transaction" : "NCPPServerlessWestGFSPosition-halftime-1zedd",
    "sampleCount" : 1992,
    "errorCount" : 0,
    "errorPct" : 0.0,
    "meanResTime" : 559.9226907630534,
    "medianResTime" : 524.0,
    "minResTime" : 404.0,
    "maxResTime" : 2890.0,
    "pct1ResTime" : 670.0,
    "pct2ResTime" : 733.0,
    "pct3ResTime" : 1056.0,
    "throughput" : 32.797141775194696,
    "receivedKBytesPerSec" : 279.8006157696297,
    "sentKBytesPerSec" : 13.996436480234452
  },
  "NCPPServerlessWestGFSAreaTexas-halftime-1zedd" : {
    "transaction" : "NCPPServerlessWestGFSAreaTexas-halftime-1zedd",
    "sampleCount" : 1176,
    "errorCount" : 0,
    "errorPct" : 0.0,
    "meanResTime" : 952.2653061224486,
    "medianResTime" : 996.5,
    "minResTime" : 606.0,
    "maxResTime" : 3345.0,
    "pct1ResTime" : 1170.0,
    "pct2ResTime" : 1213.2999999999997,
    "pct3ResTime" : 1386.0,
    "throughput" : 19.38195302843016,
    "receivedKBytesPerSec" : 4506.493355995056,
    "sentKBytesPerSec" : 14.877163164400494
  },
  "NCPPServerlessWestGFSAreaTexas-fulltime-1zedd" : {
    "transaction" : "NCPPServerlessWestGFSAreaTexas-fulltime-1zedd",
    "sampleCount" : 1058,
    "errorCount" : 0,
    "errorPct" : 0.0,
    "meanResTime" : 1058.6710775047268,
    "medianResTime" : 1089.0,
    "minResTime" : 627.0,
    "maxResTime" : 3207.0,
    "pct1ResTime" : 1263.0,
    "pct2ResTime" : 1386.0,
    "pct3ResTime" : 1603.8800000000056,
    "throughput" : 17.327219128725844,
    "receivedKBytesPerSec" : 7329.7859559245,
    "sentKBytesPerSec" : 13.299994370291516
  },
  "NCPPServerlessWestGFSCorridor20waypoints" : {
    "transaction" : "NCPPServerlessWestGFSCorridor20waypoints",
    "sampleCount" : 434,
    "errorCount" : 434,
    "errorPct" : 100.0,
    "meanResTime" : 2618.972350230416,
    "medianResTime" : 2566.0,
    "minResTime" : 1954.0,
    "maxResTime" : 3816.0,
    "pct1ResTime" : 2952.0,
    "pct2ResTime" : 3439.0,
    "pct3ResTime" : 3789.6,
    "throughput" : 6.950783965149986,
    "receivedKBytesPerSec" : 3.48217985754096,
    "sentKBytesPerSec" : 12.530417187174683
  },
  "NCPPServerlessWestGFSCollectionMeta" : {
    "transaction" : "NCPPServerlessWestGFSCollectionMeta",
    "sampleCount" : 1662,
    "errorCount" : 0,
    "errorPct" : 0.0,
    "meanResTime" : 671.6654632972331,
    "medianResTime" : 568.0,
    "minResTime" : 443.0,
    "maxResTime" : 6836.0,
    "pct1ResTime" : 748.0,
    "pct2ResTime" : 848.0,
    "pct3ResTime" : 6320.8499999999885,
    "throughput" : 27.422574950088272,
    "receivedKBytesPerSec" : 208.4276375356807,
    "sentKBytesPerSec" : 6.561065295675417
  },
  "NCPPServerlessWestGFSAreaUS-1time-halfzedd" : {
    "transaction" : "NCPPServerlessWestGFSAreaUS-1time-halfzedd",
    "sampleCount" : 336,
    "errorCount" : 0,
    "errorPct" : 0.0,
    "meanResTime" : 3393.1488095238074,
    "medianResTime" : 3384.0,
    "minResTime" : 2619.0,
    "maxResTime" : 5637.0,
    "pct1ResTime" : 3811.0,
    "pct2ResTime" : 4031.7499999999964,
    "pct3ResTime" : 5266.0,
    "throughput" : 5.3488705286785425,
    "receivedKBytesPerSec" : 4743.345999092602,
    "sentKBytesPerSec" : 6.0331498638903485
  },
  "NCPPServerlessWestNWM-position-1month" : {
    "transaction" : "NCPPServerlessWestNWM-position-1month",
    "sampleCount" : 190,
    "errorCount" : 0,
    "errorPct" : 0.0,
    "meanResTime" : 6204.736842105264,
    "medianResTime" : 6115.0,
    "minResTime" : 5512.0,
    "maxResTime" : 7988.0,
    "pct1ResTime" : 6819.0,
    "pct2ResTime" : 7150.0,
    "pct3ResTime" : 7988.0,
    "throughput" : 2.901737988331959,
    "receivedKBytesPerSec" : 163.6789921328538,