{
  "NCPPServerlessWestGFSPosition-1time-fullzedd" : {
    "transaction" : "NCPPServerlessWestGFSPosition-1time-fullzedd",
    "sampleCount" : 396,
    "errorCount" : 0,
    "errorPct" : 0.0,
    "meanResTime" : 2904.090909090907,
    "medianResTime" : 2923.0,
    "minResTime" : 2454.0,
    "maxResTime" : 4191.0,
    "pct1ResTime" : 3168.0,
    "pct2ResTime" : 3270.0,
    "pct3ResTime" : 3757.0,
    "throughput" : 6.294506612410987,
    "receivedKBytesPerSec" : 34.773460846102495,
    "sentKBytesPerSec" : 2.655494977110885
  },
  "NCPPServerlessWestGFSTrajectory20waypoints" : {
    "transaction" : "NCPPServerlessWestGFSTrajectory20waypoints",
    "sampleCount" : 426,
    "errorCount" : 0,
    "errorPct" : 0.0,
    "meanResTime" : 2674.633802816904,
    "medianResTime" : 2645.0,
    "minResTime" : 2323.0,
    "maxResTime" : 3422.0,
    "pct1ResTime" : 2898.2,
    "pct2ResTime" : 3170.0,
    "pct3ResTime" : 3389.990000000001,
    "throughput" : 6.772332003243089,
    "receivedKBytesPerSec" : 52.08214309134699,
    "sentKBytesPerSec" : 11.792058556428152
  },
  "NCPPServerlessWestGFSCorridor5waypoints" : {
    "transaction" : "NCPPServerlessWestGFSCorridor5waypoints",
    "sampleCount" : 264,
    "errorCount" : 0,
    "errorPct" : 0.0,
    "meanResTime" : 4421.106060606065,
    "medianResTime" : 4087.5,
    "minResTime" : 3214.0,
    "maxResTime" : 9025.0,
    "pct1ResTime" : 4923.5,
    "pct2ResTime" : 8387.0,
    "pct3ResTime" : 8890.450000000004,
    "throughput" : 4.118371995070433,
    "receivedKBytesPerSec" : 58.9683302653542,
    "sentKBytesPerSec" : 3.0847571486513896
  },
  "NCPPServerlessWestGFSAreaGlobe-1time-1zedd" : {
    "transaction" : "NCPPServerlessWestGFSAreaGlobe-1time-1zedd",
    "sampleCount" : 640,
    "errorCount" : 0,
    "errorPct" : 0.0,
    "meanResTime" : 1765.353124999999,
    "medianResTime" : 1800.5,
    "minResTime" : 1185.0,
    "maxResTime" : 3001.0,
    "pct1ResTime" : 2018.0,
    "pct2ResTime" : 2148.7999999999997,
    "pct3ResTime" : 2357.8500000000035,
    "throughput" : 10.34176294740244,
    "receivedKBytesPerSec" : 20673.679001373515,
    "sentKBytesPerSec" : 5.382968409145997
  },
  "NCPPServerlessWestGFSPosition-halftime-fullzedd" : {
    "transaction" : "NCPPServerlessWestGFSPosition-halftime-fullzedd",
    "sampleCount" : 374,
    "errorCount" : 0,
    "errorPct" : 0.0,
    "meanResTime" : 3046.5935828877014,
    "medianResTime" : 3004.0,
    "minResTime" : 2448.0,
    "maxResTime" : 4183.0,
    "pct1ResTime" : 3355.0,
    "pct2ResTime" : 3461.0,
    "pct3ResTime" : 3897.0,
    "throughput" : 5.973963740915262,
    "receivedKBytesPerSec" : 592.1166502775337,
    "sentKBytesPerSec" : 2.5202659531986265
  },
  "NCPPServerlessWestGFSPosition-1time-1zedd" : {
    "transaction" : "NCPPServerlessWestGFSPosition-1time-1zedd",
    "sampleCount" : 1860,
    "errorCount" : 2,
    "errorPct" : 0.10752688,
    "meanResTime" : 598.4107526881735,
    "medianResTime" : 497.0,
    "minResTime" : 394.0,
    "maxResTime" : 29176.0,
    "pct1ResTime" : 696.0,
    "pct2ResTime" : 746.0,
    "pct3ResTime" : 2251.449999999955,
    "throughput" : 30.783998940765628,
    "receivedKBytesPerSec" : 93.98128729042882,
    "sentKBytesPerSec" : 12.235437078995714
  },
  "NCPPServerlessWestGFSPosition-fulltime-1zedd" : {
    "transaction" : "NCPPServerlessWestGFSPosition-fulltime-1zedd",
    "sampleCount" : 2126,
    "errorCount" : 0,
    "errorPct" : 0.0,
    "meanResTime" : 524.0602069614288,
    "medianResTime" : 483.0,
    "minResTime" : 368.0,
    "maxResTime" : 1118.0,
    "pct1ResTime" : 655.0,
    "pct2ResTime" : 691.2999999999997,
    "pct3ResTime" : 890.0,
    "throughput" : 35.149791680444416,
    "receivedKBytesPerSec" : 462.88568438553995,
    "sentKBytesPerSec" : 15.000448207377158
  },
  "NCPPServerlessWestGFSCorridor10waypoints" : {
    "transaction" : "NCPPServerlessWestGFSCorridor10waypoints",
    "sampleCount" : 234,
    "errorCount" : 0,
    "errorPct" : 0.0,
    "meanResTime" : 4920.478632478634,
    "medianResTime" : 4901.0,
    "minResTime" : 3923.0,
    "maxResTime" : 6044.0,
    "pct1ResTime" : 5453.0,
    "pct2ResTime" : 5651.0,
    "pct3ResTime" : 5985.550000000001,
    "throughput" : 3.676701652944504,
    "receivedKBytesPerSec" : 79.82463979322482,
    "sentKBytesPerSec" : 4.060888251445541
  },
  "NCPPServerlessWestGFSPosition-halftime-1zedd" : {
    "transaction" : "NCPPServerlessWestGFSPosition-halftime-1zedd",
    "sampleCount" : 2100,
    "errorCount" : 0,
    "errorPct" : 0.0,
    "meanResTime" : 530.3161904761906,
    "medianResTime" : 489.0,
    "minResTime" : 403.0,
    "maxResTime" : 1124.0,
    "pct1ResTime" : 663.0,
    "pct2ResTime" : 712.0,
    "pct3ResTime" : 799.0,
    "throughput" : 34.75037646241168,
    "receivedKBytesPerSec" : 296.46414919494964,
    "sentKBytesPerSec" : 14.829994642650297
  },
  "NCPPServerlessWestGFSAreaTexas-halftime-1zedd" : {
    "transaction" : "NCPPServerlessWestGFSAreaTexas-halftime-1zedd",
    "sampleCount" : 1160,
    "errorCount" : 0,
    "errorPct" : 0.0,
    "meanResTime" : 967.475862068966,
    "medianResTime" : 1013.0,
    "minResTime" : 563.0,
    "maxResTime" : 1901.0,
    "pct1ResTime" : 1179.0,
    "pct2ResTime" : 1242.6500000000003,
    "pct3ResTime" : 1516.0,
    "throughput" : 19.02512628747622,
    "receivedKBytesPerSec" : 4423.527654087122,
    "sentKBytesPerSec" : 14.603270763629206
  },
  "NCPPServerlessWestGFSAreaTexas-fulltime-1zedd" : {
    "transaction" : "NCPPServerlessWestGFSAreaTexas-fulltime-1zedd",
    "sampleCount" : 1054,
    "errorCount" : 0,
    "errorPct" : 0.0,
    "meanResTime" : 1061.4857685009508,
    "medianResTime" : 1085.0,
    "minResTime" : 661.0,
    "maxResTime" : 1761.0,
    "pct1ResTime" : 1282.0,
    "pct2ResTime" : 1350.25,
    "pct3ResTime" : 1567.5500000000009,
    "throughput" : 17.288324639963257,
    "receivedKBytesPerSec" : 7313.332751554145,
    "sentKBytesPerSec" : 13.270139811534298
  },
  "NCPPServerlessWestGFSCorridor20waypoints" : {
    "transaction" : "NCPPServerlessWestGFSCorridor20waypoints",
    "sampleCount" : 458,
    "errorCount" : 458,
    "errorPct" : 100.0,
    "meanResTime" : 2486.6288209607,
    "medianResTime" : 2444.0,
    "minResTime" : 2006.0,
    "maxResTime" : 3625.0,
    "pct1ResTime" : 2780.0,
    "pct2ResTime" : 3145.399999999998,
    "pct3ResTime" : 3538.4299999999994,
    "throughput" : 7.349401457042909,
    "receivedKBytesPerSec" : 3.681877878381848,
    "sentKBytesPerSec" : 13.249018642286337
  },
  "NCPPServerlessWestGFSCollectionMeta" : {
    "transaction" : "NCPPServerlessWestGFSCollectionMeta",
    "sampleCount" : 1612,
    "errorCount" : 0,
    "errorPct" : 0.0,
    "meanResTime" : 690.9689826302719,
    "medianResTime" : 581.5,
    "minResTime" : 456.0,
    "maxResTime" : 7619.0,
    "pct1ResTime" : 770.0,
    "pct2ResTime" : 882.7999999999993,
    "pct3ResTime" : 6176.949999999991,
    "throughput" : 26.713509213840645,
    "receivedKBytesPerSec" : 203.0383224719939,
    "sentKBytesPerSec" : 6.3914157787021075
  },
  "NCPPServerlessWestGFSAreaUS-1time-halfzedd" : {
    "transaction" : "NCPPServerlessWestGFSAreaUS-1time-halfzedd",
    "sampleCount" : 348,
    "errorCount" : 0,
    "errorPct" : 0.0,
    "meanResTime" : 3295.0344827586205,
    "medianResTime" : 3285.5,
    "minResTime" : 2666.0,
    "maxResTime" : 4177.0,
    "pct1ResTime" : 3627.7000000000003,
    "pct2ResTime" : 3754.0,
    "pct3ResTime" : 4120.0,
    "throughput" : 5.50545799715235,
    "receivedKBytesPerSec" : 4882.206818046986,
    "sentKBytesPerSec" : 6.2097695182724255
  },
  "NCPPServerlessWestNWM-position-1month" : {
    "transaction" : "NCPPServerlessWestNWM-position-1month",
    "sampleCount" : 204,
    "errorCount" : 0,
    "errorPct" : 0.0,
    "meanResTime" : 5629.607843137253,
    "medianResTime" : 5516.0,
    "minResTime" : 4843.0,
    "maxResTime" : 7149.0,
    "pct1ResTime" : 6428.5,
    "pct2ResTime" : 6714.75,
    "pct3ResTime" : 7135.599999999997,
    "throughput" : 3.1847133757961785,