{
  "NCPPServerlessWestGFSPosition-1time-fullzedd" : {
    "transaction" : "NCPPServerlessWestGFSPosition-1time-fullzedd",
    "sampleCount" : 374,
    "errorCount" : 0,
    "errorPct" : 0.0,
    "meanResTime" : 3100.262032085561,
    "medianResTime" : 2992.0,
    "minResTime" : 2551.0,
    "maxResTime" : 5035.0,
    "pct1ResTime" : 3421.0,
    "pct2ResTime" : 4382.5,
    "pct3ResTime" : 4971.0,
    "throughput" : 5.796023370062144,
    "receivedKBytesPerSec" : 23.359559031490694,
    "sentKBytesPerSec" : 2.4451973592449674
  },
  "NCPPServerlessWestGFSTrajectory20waypoints" : {
    "transaction" : "NCPPServerlessWestGFSTrajectory20waypoints",
    "sampleCount" : 422,
    "errorCount" : 0,
    "errorPct" : 0.0,
    "meanResTime" : 2694.9146919431287,
    "medianResTime" : 2657.0,
    "minResTime" : 2281.0,
    "maxResTime" : 3800.0,
    "pct1ResTime" : 2989.4,
    "pct2ResTime" : 3128.0,
    "pct3ResTime" : 3532.549999999998,
    "throughput" : 6.750811857113148,
    "receivedKBytesPerSec" : 51.91005133096575,
    "sentKBytesPerSec" : 11.7545874426101
  },
  "NCPPServerlessWestGFSCorridor5waypoints" : {
    "transaction" : "NCPPServerlessWestGFSCorridor5waypoints",
    "sampleCount" : 68,
    "errorCount" : 0,
    "errorPct" : 0.0,
    "meanResTime" : 18929.44117647058,
    "medianResTime" : 17545.5,
    "minResTime" : 13843.0,
    "maxResTime" : 26505.0,
    "pct1ResTime" : 25773.4,
    "pct2ResTime" : 26224.0,
    "pct3ResTime" : 26505.0,
    "throughput" : 0.9288094847839152,
    "receivedKBytesPerSec" : 13.306284318144566,
    "sentKBytesPerSec" : 0.6957000730754521
  },
  "NCPPServerlessWestGFSAreaGlobe-1time-1zedd" : {
    "transaction" : "NCPPServerlessWestGFSAreaGlobe-1time-1zedd",
    "sampleCount" : 1232,
    "errorCount" : 0,
    "errorPct" : 0.0,
    "meanResTime" : 908.7305194805191,
    "medianResTime" : 902.5,
    "minResTime" : 519.0,
    "maxResTime" : 1665.0,
    "pct1ResTime" : 1086.0,
    "pct2ResTime" : 1160.0,
    "pct3ResTime" : 1310.3700000000008,
    "throughput" : 20.301891767187396,
    "receivedKBytesPerSec" : 328.18087345923146,
    "sentKBytesPerSec" : 10.567293273350472
  },
  "NCPPServerlessWestGFSPosition-halftime-fullzedd" : {
    "transaction" : "NCPPServerlessWestGFSPosition-halftime-fullzedd",
    "sampleCount" : 366,
    "errorCount" : 0,
    "errorPct" : 0.0,
    "meanResTime" : 3122.7322404371607,
    "medianResTime" : 3080.0,
    "minResTime" : 2516.0,
    "maxResTime" : 5498.0,
    "pct1ResTime" : 3462.5,
    "pct2ResTime" : 3534.7499999999995,
    "pct3ResTime" : 4081.0,
    "throughput" : 5.807772259159936,
    "receivedKBytesPerSec" : 23.406910267141658,
    "sentKBytesPerSec" : 2.450153921833098
  },
  "NCPPServerlessWestGFSPosition-1time-1zedd" : {
    "transaction" : "NCPPServerlessWestGFSPosition-1time-1zedd",
    "sampleCount" : 1182,
    "errorCount" : 0,
    "errorPct" : 0.0,
    "meanResTime" : 946.191201353638,
    "medianResTime" : 898.0,
    "minResTime" : 584.0,
    "maxResTime" : 4077.0,
    "pct1ResTime" : 1061.7,
    "pct2ResTime" : 1117.0,
    "pct3ResTime" : 3609.0,
    "throughput" : 19.425453589271626,
    "receivedKBytesPerSec" : 57.1381505965685,
    "sentKBytesPerSec" : 7.720858994954641
  },
  "NCPPServerlessWestGFSPosition-fulltime-1zedd" : {
    "transaction" : "NCPPServerlessWestGFSPosition-fulltime-1zedd",
    "sampleCount" : 1212,
    "errorCount" : 0,
    "errorPct" : 0.0,
    "meanResTime" : 926.2013201320124,
    "medianResTime" : 902.0,
    "minResTime" : 532.0,
    "maxResTime" : 1994.0,
    "pct1ResTime" : 1099.0,
    "pct2ResTime" : 1187.0,
    "pct3ResTime" : 1703.6099999999997,
    "throughput" : 19.82173521956006,
    "receivedKBytesPerSec" : 58.30377586065909,
    "sentKBytesPerSec" : 8.459080362253658
  },
  "NCPPServerlessWestGFSCorridor10waypoints" : {
    "transaction" : "NCPPServerlessWestGFSCorridor10waypoints",
    "sampleCount" : 64,
    "errorCount" : 0,
    "errorPct" : 0.0,
    "meanResTime" : 21802.156250000004,
    "medianResTime" : 22605.5,
    "minResTime" : 12938.0,
    "maxResTime" : 25199.0,
    "pct1ResTime" : 24625.0,
    "pct2ResTime" : 24725.0,
    "pct3ResTime" : 25199.0,
    "throughput" : 0.8266384231872078,
    "receivedKBytesPerSec" : 17.946287876830876,
    "sentKBytesPerSec" : 0.9130156802975898
  },
  "NCPPServerlessWestGFSPosition-halftime-1zedd" : {
    "transaction" : "NCPPServerlessWestGFSPosition-halftime-1zedd",
    "sampleCount" : 1216,
    "errorCount" : 0,
    "errorPct" : 0.0,
    "meanResTime" : 918.8947368421051,
    "medianResTime" : 905.5,
    "minResTime" : 526.0,
    "maxResTime" : 1958.0,
    "pct1ResTime" : 1079.0,
    "pct2ResTime" : 1103.1499999999999,
    "pct3ResTime" : 1270.7799999999952,
    "throughput" : 19.99079371342145,
    "receivedKBytesPerSec" : 58.801045571118564,
    "sentKBytesPerSec" : 8.53122739527849
  },
  "NCPPServerlessWestGFSAreaTexas-halftime-1zedd" : {
    "transaction" : "NCPPServerlessWestGFSAreaTexas-halftime-1zedd",
    "sampleCount" : 1222,
    "errorCount" : 0,
    "errorPct" : 0.0,
    "meanResTime" : 914.6219312602302,
    "medianResTime" : 899.0,
    "minResTime" : 544.0,
    "maxResTime" : 2862.0,
    "pct1ResTime" : 1091.7,
    "pct2ResTime" : 1174.0,
    "pct3ResTime" : 1463.5099999999989,
    "throughput" : 20.09868421052632,
    "receivedKBytesPerSec" : 67.6367829975329,
    "sentKBytesPerSec" : 15.427310341282896
  },
  "NCPPServerlessWestGFSAreaTexas-fulltime-1zedd" : {
    "transaction" : "NCPPServerlessWestGFSAreaTexas-fulltime-1zedd",
    "sampleCount" : 1278,
    "errorCount" : 0,
    "errorPct" : 0.0,
    "meanResTime" : 875.6729264475752,
    "medianResTime" : 892.0,
    "minResTime" : 512.0,
    "maxResTime" : 1991.0,
    "pct1ResTime" : 1017.0,
    "pct2ResTime" : 1101.0,
    "pct3ResTime" : 1298.63,
    "throughput" : 21.01628021706956,
    "receivedKBytesPerSec" : 70.72470862111494,
    "sentKBytesPerSec" : 16.131636963492845
  },
  "NCPPServerlessWestGFSCorridor20waypoints" : {
    "transaction" : "NCPPServerlessWestGFSCorridor20waypoints",
    "sampleCount" : 144,
    "errorCount" : 144,
    "errorPct" : 100.0,
    "meanResTime" : 7933.6805555555575,
    "medianResTime" : 8028.5,
    "minResTime" : 3293.0,
    "maxResTime" : 11804.0,
    "pct1ResTime" : 10661.0,
    "pct2ResTime" : 10902.0,
    "pct3ResTime" : 11804.0,
    "throughput" : 2.3083211772438004,
    "receivedKBytesPerSec" : 1.1564148085215522,
    "sentKBytesPerSec" : 4.161289934757867
  },
  "NCPPServerlessWestGFSCollectionMeta" : {
    "transaction" : "NCPPServerlessWestGFSCollectionMeta",
    "sampleCount" : 1450,
    "errorCount" : 0,
    "errorPct" : 0.0,
    "meanResTime" : 768.2496551724145,
    "medianResTime" : 687.0,
    "minResTime" : 481.0,
    "maxResTime" : 7263.0,
    "pct1ResTime" : 868.0,
    "pct2ResTime" : 912.2500000000002,
    "pct3ResTime" : 6331.4000000000015,
    "throughput" : 23.948733194595846,
    "receivedKBytesPerSec" : 182.02440473978461,
    "sentKBytesPerSec" : 5.729921516285138
  },
  "NCPPServerlessWestGFSAreaUS-1time-halfzedd" : {
    "transaction" : "NCPPServerlessWestGFSAreaUS-1time-halfzedd",
    "sampleCount" : 1182,
    "errorCount" : 0,
    "errorPct" : 0.0,
    "meanResTime" : 945.4906937394253,
    "medianResTime" : 913.0,
    "minResTime" : 596.0,
    "maxResTime" : 2072.0,
    "pct1ResTime" : 1103.0,
    "pct2ResTime" : 1191.0,
    "pct3ResTime" : 1588.0,
    "throughput" : 19.45903231648091,
    "receivedKBytesPerSec" : 107.91781691923349,
    "sentKBytesPerSec" : 21.948420239780713
  },
  "NCPPServerlessWestNWM-position-1month" : {
    "transaction" : "NCPPServerlessWestNWM-position-1month",
    "sampleCount" : 130,
    "errorCount" : 0,
    "errorPct" : 0.0,
    "meanResTime" : 9021.230769230768,
    "medianResTime" : 9077.0,
    "minResTime" : 6396.0,
    "maxResTime" : 10832.0,
    "pct1ResTime" : 9942.0,
    "pct2ResTime" : 10390.25,
    "pct3ResTime" : 10832.0,
    "throughput" : 1.9807712818637533,
    "receivedKBytesPerSec" : 4.845539122137405,