{
  "NCPPServerlessWestGFSPosition-1time-fullzedd" : {
    "transaction" : "NCPPServerlessWestGFSPosition-1time-fullzedd",
    "sampleCount" : 386,
    "errorCount" : 0,
    "errorPct" : 0.0,
    "meanResTime" : 2938.865284974093,
    "medianResTime" : 2911.0,
    "minResTime" : 2472.0,
    "maxResTime" : 4398.0,
    "pct1ResTime" : 3209.7000000000003,
    "pct2ResTime" : 3655.0,
    "pct3ResTime" : 4387.0,
    "throughput" : 6.144637768827902,
    "receivedKBytesPerSec" : 24.764570382766358,
    "sentKBytesPerSec" : 2.592269058724271
  },
  "NCPPServerlessWestGFSTrajectory20waypoints" : {
    "transaction" : "NCPPServerlessWestGFSTrajectory20waypoints",
    "sampleCount" : 414,
    "errorCount" : 0,
    "errorPct" : 0.0,
    "meanResTime" : 2739.154589371981,
    "medianResTime" : 2700.0,
    "minResTime" : 2290.0,
    "maxResTime" : 3970.0,
    "pct1ResTime" : 2991.0,
    "pct2ResTime" : 3294.25,
    "pct3ResTime" : 3719.9000000000015,
    "throughput" : 6.645904902558835,
    "receivedKBytesPerSec" : 51.103374221433846,
    "sentKBytesPerSec" : 11.571922305920314
  },
  "NCPPServerlessWestGFSCorridor5waypoints" : {
    "transaction" : "NCPPServerlessWestGFSCorridor5waypoints",
    "sampleCount" : 282,
    "errorCount" : 0,
    "errorPct" : 0.0,
    "meanResTime" : 4097.66666666667,
    "medianResTime" : 3709.0,
    "minResTime" : 3282.0,
    "maxResTime" : 9477.0,
    "pct1ResTime" : 4367.200000000001,
    "pct2ResTime" : 8965.099999999999,
    "pct3ResTime" : 9307.680000000004,
    "throughput" : 4.439476708490106,
    "receivedKBytesPerSec" : 63.60070636088852,
    "sentKBytesPerSec" : 3.3252721048944442
  },
  "NCPPServerlessWestGFSAreaGlobe-1time-1zedd" : {
    "transaction" : "NCPPServerlessWestGFSAreaGlobe-1time-1zedd",
    "sampleCount" : 1844,
    "errorCount" : 0,
    "errorPct" : 0.0,
    "meanResTime" : 607.4587852494584,
    "medianResTime" : 567.0,
    "minResTime" : 437.0,
    "maxResTime" : 1509.0,
    "pct1ResTime" : 774.0,
    "pct2ResTime" : 834.75,
    "pct3ResTime" : 899.8499999999997,
    "throughput" : 30.33543356309737,
    "receivedKBytesPerSec" : 490.3734685253426,
    "sentKBytesPerSec" : 15.789830165166894
  },
  "NCPPServerlessWestGFSPosition-halftime-fullzedd" : {
    "transaction" : "NCPPServerlessWestGFSPosition-halftime-fullzedd",
    "sampleCount" : 386,
    "errorCount" : 0,
    "errorPct" : 0.0,
    "meanResTime" : 2942.492227979274,
    "medianResTime" : 2947.0,
    "minResTime" : 2469.0,
    "maxResTime" : 4007.0,
    "pct1ResTime" : 3223.3,
    "pct2ResTime" : 3304.0,
    "pct3ResTime" : 3681.0,
    "throughput" : 6.148650801236102,
    "receivedKBytesPerSec" : 24.780744000684955,
    "sentKBytesPerSec" : 2.5939620567714807
  },
  "NCPPServerlessWestGFSPosition-1time-1zedd" : {
    "transaction" : "NCPPServerlessWestGFSPosition-1time-1zedd",
    "sampleCount" : 1928,
    "errorCount" : 0,
    "errorPct" : 0.0,
    "meanResTime" : 577.8153526970939,
    "medianResTime" : 504.0,
    "minResTime" : 410.0,
    "maxResTime" : 3930.0,
    "pct1ResTime" : 685.2000000000003,
    "pct2ResTime" : 760.55,
    "pct3ResTime" : 3014.0,
    "throughput" : 31.914717518332754,
    "receivedKBytesPerSec" : 93.87414957540845,
    "sentKBytesPerSec" : 12.68485354488421
  },
  "NCPPServerlessWestGFSPosition-fulltime-1zedd" : {
    "transaction" : "NCPPServerlessWestGFSPosition-fulltime-1zedd",
    "sampleCount" : 2074,
    "errorCount" : 0,
    "errorPct" : 0.0,
    "meanResTime" : 536.5284474445509,
    "medianResTime" : 512.0,
    "minResTime" : 383.0,
    "maxResTime" : 1652.0,
    "pct1ResTime" : 660.0,
    "pct2ResTime" : 712.0,
    "pct3ResTime" : 800.0,
    "throughput" : 34.37531077004674,
    "receivedKBytesPerSec" : 101.11175394470779,
    "sentKBytesPerSec" : 14.669932428232837
  },
  "NCPPServerlessWestGFSCorridor10waypoints" : {
    "transaction" : "NCPPServerlessWestGFSCorridor10waypoints",
    "sampleCount" : 266,
    "errorCount" : 0,
    "errorPct" : 0.0,
    "meanResTime" : 4311.0751879699255,
    "medianResTime" : 4249.0,
    "minResTime" : 3628.0,
    "maxResTime" : 5666.0,
    "pct1ResTime" : 4757.200000000001,
    "pct2ResTime" : 5111.0,
    "pct3ResTime" : 5560.809999999998,
    "throughput" : 4.197304888440054,
    "receivedKBytesPerSec" : 91.12332517081137,
    "sentKBytesPerSec" : 4.635890457837599
  },
  "NCPPServerlessWestGFSPosition-halftime-1zedd" : {
    "transaction" : "NCPPServerlessWestGFSPosition-halftime-1zedd",
    "sampleCount" : 2142,
    "errorCount" : 0,
    "errorPct" : 0.0,
    "meanResTime" : 520.0494864612492,
    "medianResTime" : 478.0,
    "minResTime" : 386.0,
    "maxResTime" : 985.0,
    "pct1ResTime" : 643.7,
    "pct2ResTime" : 693.0,
    "pct3ResTime" : 821.0,
    "throughput" : 35.39091930473862,
    "receivedKBytesPerSec" : 104.09907123620381,
    "sentKBytesPerSec" : 15.103351304854272
  },
  "NCPPServerlessWestGFSAreaTexas-halftime-1zedd" : {
    "transaction" : "NCPPServerlessWestGFSAreaTexas-halftime-1zedd",
    "sampleCount" : 2056,
    "errorCount" : 0,
    "errorPct" : 0.0,
    "meanResTime" : 543.023346303502,
    "medianResTime" : 517.0,
    "minResTime" : 411.0,
    "maxResTime" : 1116.0,
    "pct1ResTime" : 673.0,
    "pct2ResTime" : 727.0,
    "pct3ResTime" : 855.1500000000003,
    "throughput" : 33.966628118288455,
    "receivedKBytesPerSec" : 114.30566454650587,
    "sentKBytesPerSec" : 26.07204072360813
  },
  "NCPPServerlessWestGFSAreaTexas-fulltime-1zedd" : {
    "transaction" : "NCPPServerlessWestGFSAreaTexas-fulltime-1zedd",
    "sampleCount" : 2046,
    "errorCount" : 0,
    "errorPct" : 0.0,
    "meanResTime" : 545.1124144672528,
    "medianResTime" : 516.0,
    "minResTime" : 396.0,
    "maxResTime" : 1755.0,
    "pct1ResTime" : 665.5999999999999,
    "pct2ResTime" : 737.2999999999997,
    "pct3ResTime" : 946.1799999999998,
    "throughput" : 33.54043376338093,
    "receivedKBytesPerSec" : 112.87142065294012,
    "sentKBytesPerSec" : 25.744903259782628
  },
  "NCPPServerlessWestGFSCorridor20waypoints" : {
    "transaction" : "NCPPServerlessWestGFSCorridor20waypoints",
    "sampleCount" : 472,
    "errorCount" : 472,
    "errorPct" : 100.0,
    "meanResTime" : 2389.1525423728817,
    "medianResTime" : 2326.5,
    "minResTime" : 1821.0,
    "maxResTime" : 4252.0,
    "pct1ResTime" : 2659.0,
    "pct2ResTime" : 3226.0,
    "pct3ResTime" : 3523.359999999997,
    "throughput" : 7.6012561397858125,
    "receivedKBytesPerSec" : 3.8080511715919156,
    "sentKBytesPerSec" : 13.703045736371688
  },
  "NCPPServerlessWestGFSCollectionMeta" : {
    "transaction" : "NCPPServerlessWestGFSCollectionMeta",
    "sampleCount" : 1538,
    "errorCount" : 0,
    "errorPct" : 0.0,
    "meanResTime" : 726.5773732119644,
    "medianResTime" : 625.0,
    "minResTime" : 465.0,
    "maxResTime" : 7116.0,
    "pct1ResTime" : 816.0,
    "pct2ResTime" : 950.8999999999992,
    "pct3ResTime" : 6343.0,
    "throughput" : 25.021556282232744,
    "receivedKBytesPerSec" : 190.17848881310297,
    "sentKBytesPerSec" : 5.986602821432639
  },
  "NCPPServerlessWestGFSAreaUS-1time-halfzedd" : {
    "transaction" : "NCPPServerlessWestGFSAreaUS-1time-halfzedd",
    "sampleCount" : 1584,
    "errorCount" : 0,
    "errorPct" : 0.0,
    "meanResTime" : 706.9065656565657,
    "medianResTime" : 688.0,
    "minResTime" : 509.0,
    "maxResTime" : 2168.0,
    "pct1ResTime" : 864.0,
    "pct2ResTime" : 937.0,
    "pct3ResTime" : 1215.0,
    "throughput" : 25.553745140110024,
    "receivedKBytesPerSec" : 141.71847524480938,
    "sentKBytesPerSec" : 28.82282777033894
  },
  "NCPPServerlessWestNWM-position-1month" : {
    "transaction" : "NCPPServerlessWestNWM-position-1month",
    "sampleCount" : 212,
    "errorCount" : 0,
    "errorPct" : 0.0,
    "meanResTime" : 5417.603773584907,
    "medianResTime" : 5405.0,
    "minResTime" : 4801.0,
    "maxResTime" : 6267.0,
    "pct1ResTime" : 5790.0,
    "pct2ResTime" : 5879.95,
    "pct3ResTime" : 6240.610000000001,
    "throughput" : 3.3151935947957716,