{
  "NCPPServerlessWestGFSPosition-1time-fullzedd" : {
    "transaction" : "NCPPServerlessWestGFSPosition-1time-fullzedd",
    "sampleCount" : 181,
    "errorCount" : 0,
    "errorPct" : 0.0,
    "meanResTime" : 3137.790055248619,
    "medianResTime" : 3131.0,
    "minResTime" : 2547.0,
    "maxResTime" : 4542.0,
    "pct1ResTime" : 3463.4,
    "pct2ResTime" : 3761.5000000000005,
    "pct3ResTime" : 4419.820000000001,
    "throughput" : 2.8781783198435287,
    "receivedKBytesPerSec" : 11.599845630853753,
    "sentKBytesPerSec" : 1.2142314786839887
  },
  "NCPPServerlessWestGFSTrajectory20waypoints" : {
    "transaction" : "NCPPServerlessWestGFSTrajectory20waypoints",
    "sampleCount" : 204,
    "errorCount" : 0,
    "errorPct" : 0.0,
    "meanResTime" : 2781.4068627450984,
    "medianResTime" : 2762.5,
    "minResTime" : 2280.0,
    "maxResTime" : 3718.0,
    "pct1ResTime" : 3060.0,
    "pct2ResTime" : 3276.5,
    "pct3ResTime" : 3567.0499999999993,
    "throughput" : 3.266822534669955,
    "receivedKBytesPerSec" : 25.120078748038306,
    "sentKBytesPerSec" : 5.688227128238799
  },
  "NCPPServerlessWestGFSCorridor5waypoints" : {
    "transaction" : "NCPPServerlessWestGFSCorridor5waypoints",
    "sampleCount" : 27,
    "errorCount" : 9,
    "errorPct" : 33.333332,
    "meanResTime" : 22680.7037037037,
    "medianResTime" : 23789.0,
    "minResTime" : 11579.0,
    "maxResTime" : 29671.0,
    "pct1ResTime" : 29549.8,
    "pct2ResTime" : 29628.6,
    "pct3ResTime" : 29671.0,
    "throughput" : 0.373614512848188,
    "receivedKBytesPerSec" : 3.631795762588734,
    "sentKBytesPerSec" : 0.27984602671343767
  },
  "NCPPServerlessWestGFSAreaGlobe-1time-1zedd" : {
    "transaction" : "NCPPServerlessWestGFSAreaGlobe-1time-1zedd",
    "sampleCount" : 635,
    "errorCount" : 0,
    "errorPct" : 0.0,
    "meanResTime" : 880.8393700787398,
    "medianResTime" : 868.0,
    "minResTime" : 545.0,
    "maxResTime" : 1821.0,
    "pct1ResTime" : 1086.8,
    "pct2ResTime" : 1180.6,
    "pct3ResTime" : 1371.0799999999997,
    "throughput" : 10.447687523651261,
    "receivedKBytesPerSec" : 168.88727693261652,
    "sentKBytesPerSec" : 5.43810297861926
  },
  "NCPPServerlessWestGFSPosition-halftime-fullzedd" : {
    "transaction" : "NCPPServerlessWestGFSPosition-halftime-fullzedd",
    "sampleCount" : 183,
    "errorCount" : 0,
    "errorPct" : 0.0,
    "meanResTime" : 3105.2950819672114,
    "medianResTime" : 3102.0,
    "minResTime" : 2412.0,
    "maxResTime" : 5554.0,
    "pct1ResTime" : 3380.0,
    "pct2ResTime" : 3571.999999999998,
    "pct3ResTime" : 5053.359999999998,
    "throughput" : 2.9059150456530367,
    "receivedKBytesPerSec" : 11.711632220127035,
    "sentKBytesPerSec" : 1.225932909884875
  },
  "NCPPServerlessWestGFSPosition-1time-1zedd" : {
    "transaction" : "NCPPServerlessWestGFSPosition-1time-1zedd",
    "sampleCount" : 624,
    "errorCount" : 0,
    "errorPct" : 0.0,
    "meanResTime" : 893.0544871794875,
    "medianResTime" : 836.5,
    "minResTime" : 423.0,
    "maxResTime" : 3732.0,
    "pct1ResTime" : 1031.0,
    "pct2ResTime" : 1161.75,
    "pct3ResTime" : 3055.5,
    "throughput" : 10.313708637730985,
    "receivedKBytesPerSec" : 30.3368070477009,
    "sentKBytesPerSec" : 4.099296304254405
  },
  "NCPPServerlessWestGFSPosition-fulltime-1zedd" : {
    "transaction" : "NCPPServerlessWestGFSPosition-fulltime-1zedd",
    "sampleCount" : 671,
    "errorCount" : 0,
    "errorPct" : 0.0,
    "meanResTime" : 833.7123695976151,
    "medianResTime" : 813.0,
    "minResTime" : 499.0,
    "maxResTime" : 1260.0,
    "pct1ResTime" : 991.8000000000001,
    "pct2ResTime" : 1022.1999999999999,
    "pct3ResTime" : 1183.1999999999996,
    "throughput" : 11.06056110506709,
    "receivedKBytesPerSec" : 32.53360356295124,
    "sentKBytesPerSec" : 4.720180862221014
  },
  "NCPPServerlessWestGFSCorridor10waypoints" : {
    "transaction" : "NCPPServerlessWestGFSCorridor10waypoints",
    "sampleCount" : 27,
    "errorCount" : 5,
    "errorPct" : 18.518518,
    "meanResTime" : 25315.407407407405,
    "medianResTime" : 27813.0,
    "minResTime" : 4788.0,
    "maxResTime" : 33115.0,
    "pct1ResTime" : 29315.0,
    "pct2ResTime" : 31601.39999999999,
    "pct3ResTime" : 33115.0,
    "throughput" : 0.34166835391779715,
    "receivedKBytesPerSec" : 6.10670393646234,
    "sentKBytesPerSec" : 0.36339335992862926
  },
  "NCPPServerlessWestGFSPosition-halftime-1zedd" : {
    "transaction" : "NCPPServerlessWestGFSPosition-halftime-1zedd",
    "sampleCount" : 670,
    "errorCount" : 0,
    "errorPct" : 0.0,
    "meanResTime" : 833.1820895522386,
    "medianResTime" : 811.5,
    "minResTime" : 557.0,
    "maxResTime" : 1600.0,
    "pct1ResTime" : 996.0,
    "pct2ResTime" : 1048.4499999999998,
    "pct3ResTime" : 1331.1599999999999,
    "throughput" : 11.032983681064435,
    "receivedKBytesPerSec" : 32.45248715563094,
    "sentKBytesPerSec" : 4.708411981079257
  },
  "NCPPServerlessWestGFSAreaTexas-halftime-1zedd" : {
    "transaction" : "NCPPServerlessWestGFSAreaTexas-halftime-1zedd",
    "sampleCount" : 642,
    "errorCount" : 0,
    "errorPct" : 0.0,
    "meanResTime" : 867.8317757009349,
    "medianResTime" : 820.5,
    "minResTime" : 489.0,
    "maxResTime" : 3693.0,
    "pct1ResTime" : 1062.9000000000003,
    "pct2ResTime" : 1200.8000000000002,
    "pct3ResTime" : 1725.3700000000022,
    "throughput" : 10.625796520961948,
    "receivedKBytesPerSec" : 35.75829571409656,
    "sentKBytesPerSec" : 8.156128970191496
  },
  "NCPPServerlessWestGFSAreaTexas-fulltime-1zedd" : {
    "transaction" : "NCPPServerlessWestGFSAreaTexas-fulltime-1zedd",
    "sampleCount" : 674,
    "errorCount" : 0,
    "errorPct" : 0.0,
    "meanResTime" : 829.0400593471813,
    "medianResTime" : 802.0,
    "minResTime" : 489.0,
    "maxResTime" : 1920.0,
    "pct1ResTime" : 999.0,
    "pct2ResTime" : 1069.25,
    "pct3ResTime" : 1314.25,
    "throughput" : 11.103972058847758,
    "receivedKBytesPerSec" : 37.367468471474,
    "sentKBytesPerSec" : 8.52316605298275
  },
  "NCPPServerlessWestGFSCorridor20waypoints" : {
    "transaction" : "NCPPServerlessWestGFSCorridor20waypoints",
    "sampleCount" : 65,
    "errorCount" : 65,
    "errorPct" : 100.0,
    "meanResTime" : 9771.630769230767,
    "medianResTime" : 10228.0,
    "minResTime" : 2906.0,
    "maxResTime" : 11320.0,
    "pct1ResTime" : 11000.2,
    "pct2ResTime" : 11167.0,
    "pct3ResTime" : 11320.0,
    "throughput" : 0.9504452470426531,
    "receivedKBytesPerSec" : 0.4761507927078916,
    "sentKBytesPerSec" : 1.713400318399158
  },
  "NCPPServerlessWestGFSCollectionMeta" : {
    "transaction" : "NCPPServerlessWestGFSCollectionMeta",
    "sampleCount" : 712,
    "errorCount" : 0,
    "errorPct" : 0.0,
    "meanResTime" : 783.595505617978,
    "medianResTime" : 662.0,
    "minResTime" : 476.0,
    "maxResTime" : 7552.0,
    "pct1ResTime" : 886.3000000000004,
    "pct2ResTime" : 1124.7,
    "pct3ResTime" : 6201.32,
    "throughput" : 11.764900279251144,
    "receivedKBytesPerSec" : 89.42013561856608,
    "sentKBytesPerSec" : 2.814844305094268
  },
  "NCPPServerlessWestGFSAreaUS-1time-halfzedd" : {
    "transaction" : "NCPPServerlessWestGFSAreaUS-1time-halfzedd",
    "sampleCount" : 631,
    "errorCount" : 0,
    "errorPct" : 0.0,
    "meanResTime" : 885.3565768621246,
    "medianResTime" : 887.0,
    "minResTime" : 573.0,
    "maxResTime" : 2903.0,
    "pct1ResTime" : 1087.8000000000002,
    "pct2ResTime" : 1149.999999999999,
    "pct3ResTime" : 1426.239999999999,
    "throughput" : 10.388541323674678,
    "receivedKBytesPerSec" : 57.613795094871584,
    "sentKBytesPerSec" : 11.717544168793216
  },
  "NCPPServerlessWestNWM-position-1month" : {
    "transaction" : "NCPPServerlessWestNWM-position-1month",
    "sampleCount" : 64,
    "errorCount" : 0,
    "errorPct" : 0.0,
    "meanResTime" : 9329.90625,
    "medianResTime" : 9282.5,
    "minResTime" : 6908.0,
    "maxResTime" : 14797.0,
    "pct1ResTime" : 11175.5,
    "pct2ResTime" : 11631.0,