{
  "WIFSOpmetNamCarAllDataVarFiveMinuteTAC" : {
    "transaction" : "WIFSOpmetNamCarAllDataVarFiveMinuteTAC",
    "sampleCount" : 942,
    "errorCount" : 0,
    "errorPct" : 0.0,
    "meanResTime" : 2152.68789808917,
    "medianResTime" : 2082.0,
    "minResTime" : 274.0,
    "maxResTime" : 6861.0,
    "pct1ResTime" : 2717.1000000000004,
    "pct2ResTime" : 2925.5499999999997,
    "pct3ResTime" : 4271.359999999991,
    "throughput" : 0.5232993188776063,
    "receivedKBytesPerSec" : 32.3903881143559,
    "sentKBytesPerSec" : 0.1885717272127312
  },
  "WIFSOpmetEurNatAllDataVarOneMinuteIWXXM" : {
    "transaction" : "WIFSOpmetEurNatAllDataVarOneMinuteIWXXM",
    "sampleCount" : 941,
    "errorCount" : 0,
    "errorPct" : 0.0,
    "meanResTime" : 2170.0170031881003,
    "medianResTime" : 2103.0,
    "minResTime" : 652.0,
    "maxResTime" : 7138.0,
    "pct1ResTime" : 2653.2000000000003,
    "pct2ResTime" : 2922.8,
    "pct3ResTime" : 3964.940000000002,
    "throughput" : 0.523395093212717,
    "receivedKBytesPerSec" : 0.1778725512090093,
    "sentKBytesPerSec" : 0.18451721547831137
  },
  "WIFSOpmetNamCarAllDataVarOneMinuteTAC" : {
    "transaction" : "WIFSOpmetNamCarAllDataVarOneMinuteTAC",
    "sampleCount" : 944,
    "errorCount" : 0,
    "errorPct" : 0.0,
    "meanResTime" : 2074.875000000005,
    "medianResTime" : 1996.0,
    "minResTime" : 154.0,
    "maxResTime" : 7732.0,
    "pct1ResTime" : 2613.5,
    "pct2ResTime" : 2914.0,
    "pct3ResTime" : 4650.399999999992,
    "throughput" : 0.5242708525399368,
    "receivedKBytesPerSec" : 11.170962628485235,
    "sentKBytesPerSec" : 0.1889218208859733
  },
  "WIFSOpmetGlobalAllDataVarOneMinuteTAC" : {
    "transaction" : "WIFSOpmetGlobalAllDataVarOneMinuteTAC",
    "sampleCount" : 951,
    "errorCount" : 0,
    "errorPct" : 0.0,
    "meanResTime" : 2053.1167192429034,
    "medianResTime" : 1973.0,
    "minResTime" : 148.0,
    "maxResTime" : 6681.0,
    "pct1ResTime" : 2587.6000000000004,
    "pct2ResTime" : 2767.999999999999,
    "pct3ResTime" : 4872.560000000003,
    "throughput" : 0.5284111271937257,
    "receivedKBytesPerSec" : 30.38209173416503,
    "sentKBytesPerSec" : 0.1898977488352452
  },
  "WIFSOpmetGlobalAllDataVarFiveMinuteTAC" : {
    "transaction" : "WIFSOpmetGlobalAllDataVarFiveMinuteTAC",
    "sampleCount" : 948,
    "errorCount" : 0,
    "errorPct" : 0.0,
    "meanResTime" : 2136.789029535866,
    "medianResTime" : 2080.0,
    "minResTime" : 199.0,
    "maxResTime" : 6420.0,
    "pct1ResTime" : 2673.1000000000004,
    "pct2ResTime" : 2901.2999999999997,
    "pct3ResTime" : 4096.209999999999,
    "throughput" : 0.5268033428672884,
    "receivedKBytesPerSec" : 65.32618679749135,
    "sentKBytesPerSec" : 0.18931995134293175
  },
  "WIFSOpmetGlobalAllDataVarOneMinuteIWXXM" : {
    "transaction" : "WIFSOpmetGlobalAllDataVarOneMinuteIWXXM",
    "sampleCount" : 951,
    "errorCount" : 1,
    "errorPct" : 0.10515247,
    "meanResTime" : 2187.685594111458,
    "medianResTime" : 2103.0,
    "minResTime" : 234.0,
    "maxResTime" : 32161.0,
    "pct1ResTime" : 2660.4000000000005,
    "pct2ResTime" : 2882.2,
    "pct3ResTime" : 4053.080000000001,
    "throughput" : 0.5276658360507291,
    "receivedKBytesPerSec" : 28.868194732794958,
    "sentKBytesPerSec" : 0.1853124547447479
  },
  "WIFSOpmetEurNatAllDataVarOneMinuteTAC" : {
    "transaction" : "WIFSOpmetEurNatAllDataVarOneMinuteTAC",
    "sampleCount" : 941,
    "errorCount" : 0,
    "errorPct" : 0.0,
    "meanResTime" : 2042.588735387887,
    "medianResTime" : 1981.0,
    "minResTime" : 605.0,
    "maxResTime" : 6214.0,
    "pct1ResTime" : 2596.600000000001,
    "pct2ResTime" : 2765.9,
    "pct3ResTime" : 3440.9400000000037,
    "throughput" : 0.5239242987849523,
    "receivedKBytesPerSec" : 3.8061258385363863,
    "sentKBytesPerSec" : 0.18879693969887437
  },
  "WIFSGriddedLowResItemGlobal" : {
    "transaction" : "WIFSGriddedLowResItemGlobal",
    "sampleCount" : 6788,
    "errorCount" : 0,
    "errorPct" : 0.0,
    "meanResTime" : 7223.326605774909,
    "medianResTime" : 7056.0,
    "minResTime" : 397.0,
    "maxResTime" : 11573.0,
    "pct1ResTime" : 7837.4000000000015,
    "pct2ResTime" : 8333.55,
    "pct3ResTime" : 10370.769999999997,
    "throughput" : 3.755629571433314,
    "receivedKBytesPerSec" : 23926.452162734033,
    "sentKBytesPerSec" : 1.0782764589857365
  },
  "WIFSOpmetNamCarAllDataVarFiveMinuteIWXXM" : {
    "transaction" : "WIFSOpmetNamCarAllDataVarFiveMinuteIWXXM",
    "sampleCount" : 941,
    "errorCount" : 0,
    "errorPct" : 0.0,
    "meanResTime" : 2530.2316684378325,
    "medianResTime" : 2459.0,
    "minResTime" : 1019.0,
    "maxResTime" : 6418.0,
    "pct1ResTime" : 3093.000000000001,
    "pct2ResTime" : 3282.8,
    "pct3ResTime" : 4802.580000000023,
    "throughput" : 0.5242392402820752,
    "receivedKBytesPerSec" : 104.50637581689539,
    "sentKBytesPerSec" : 0.18481481029475505
  },
  "WIFSOpmetEurNatAllDataVarFiveMinuteTAC" : {
    "transaction" : "WIFSOpmetEurNatAllDataVarFiveMinuteTAC",
    "sampleCount" : 940,
    "errorCount" : 0,
    "errorPct" : 0.0,
    "meanResTime" : 2128.5319148936146,
    "medianResTime" : 2050.5,
    "minResTime" : 1183.0,
    "maxResTime" : 6817.0,
    "pct1ResTime" : 2699.3999999999996,
    "pct2ResTime" : 2944.5499999999993,
    "pct3ResTime" : 4695.360000000001,
    "throughput" : 0.5233899633849746,
    "receivedKBytesPerSec" : 11.282529347421804,
    "sentKBytesPerSec" : 0.18860439110259336
  },
  "WIFSOpmetGlobalAllDataVarFiveMinuteIWXXM" : {
    "transaction" : "WIFSOpmetGlobalAllDataVarFiveMinuteIWXXM",
    "sampleCount" : 948,
    "errorCount" : 0,
    "errorPct" : 0.0,
    "meanResTime" : 2509.819620253166,
    "medianResTime" : 2443.5,
    "minResTime" : 604.0,
    "maxResTime" : 7163.0,
    "pct1ResTime" : 3036.3,
    "pct2ResTime" : 3261.6499999999996,
    "pct3ResTime" : 5032.409999999996,
    "throughput" : 0.5260748324801265,
    "receivedKBytesPerSec" : 104.87178486702459,
    "sentKBytesPerSec" : 0.18494818329379448
  },
  "Total" : {
    "transaction" : "Total",
    "sampleCount" : 31782,
    "errorCount" : 3,
    "errorPct" : 0.009439305,
    "meanResTime" : 5432.554905292327,
    "medianResTime" : 2744.5,
    "minResTime" : 148.0,
    "maxResTime" : 32680.0,
    "pct1ResTime" : 7417.9000000000015,
    "pct2ResTime" : 7846.950000000001,
    "pct3ResTime" : 9495.980000000003,
    "throughput" : 8.802383417995781,
    "receivedKBytesPerSec" : 24860.47103694286,
    "sentKBytesPerSec" : 2.7601961218219735
  },
  "WIFSOpmetNamCarAllDataVarOneMinuteIWXXM" : {
    "transaction" : "WIFSOpmetNamCarAllDataVarOneMinuteIWXXM",
    "sampleCount" : 942,
    "errorCount" : 0,
    "errorPct" : 0.0,
    "meanResTime" : 2196.14755838641,
    "medianResTime" : 2162.5,
    "minResTime" : 509.0,
    "maxResTime" : 6614.0,
    "pct1ResTime" : 2670.4,
    "pct2ResTime" : 2894.0999999999995,
    "pct3ResTime" : 4615.469999999996,
    "throughput" : 0.5238729224434501,
    "receivedKBytesPerSec" : 28.690228018192073,
    "sentKBytesPerSec" : 0.1846856689473491
  },
  "WIFSGriddedHighResItemGlobal" : {
    "transaction" : "WIFSGriddedHighResItemGlobal",
    "sampleCount" : 6839,
    "errorCount" : 0,
    "errorPct" : 0.0,
    "meanResTime" : 7215.477408977916,
    "medianResTime" : 7092.0,
    "minResTime" : 242.0,
    "maxResTime" : 12689.0,
    "pct1ResTime" : 7892.0,
    "pct2ResTime" : 8340.0,
    "pct3ResTime" : 10367.400000000009,
    "throughput" : 3.787616559621316,
    "receivedKBytesPerSec" : 22949.78644174307,
    "sentKBytesPerSec" : 1.1022556003585469
  },
  "WIFSGriddedHighResItemSector" : {
    "transaction" : "WIFSGriddedHighResItemSector",
    "sampleCount" : 6827,
    "errorCount" : 1,
    "errorPct" : 0.014647722,
    "meanResTime" : 7195.613593086265,
    "medianResTime" : 7027.0,
    "minResTime" : 160.0,
    "maxResTime" : 11516.0,
    "pct1ResTime" : 7824.2,
    "pct2ResTime" : 8313.8,
    "pct3ResTime" : 10430.44,
    "throughput" : 3.77675593980204,