{
  "WIFSGriddedHighResCubeFullTimeFullVertUSA" : {
    "transaction" : "WIFSGriddedHighResCubeFullTimeFullVertUSA",
    "sampleCount" : 8524,
    "errorCount" : 6,
    "errorPct" : 0.07038949,
    "meanResTime" : 3527.3608634444095,
    "medianResTime" : 2290.5,
    "minResTime" : 817.0,
    "maxResTime" : 40497.0,
    "pct1ResTime" : 6904.0,
    "pct2ResTime" : 10464.75,
    "pct3ResTime" : 19031.75,
    "throughput" : 2.3656992481328207,
    "receivedKBytesPerSec" : 0.6770646287026149,
    "sentKBytesPerSec" : 0.8340013950936996
  },
  "WIFSOpmetNamCarAllDataVarFiveMinuteTAC" : {
    "transaction" : "WIFSOpmetNamCarAllDataVarFiveMinuteTAC",
    "sampleCount" : 13899,
    "errorCount" : 0,
    "errorPct" : 0.0,
    "meanResTime" : 434.73523275055607,
    "medianResTime" : 375.0,
    "minResTime" : 197.0,
    "maxResTime" : 5448.0,
    "pct1ResTime" : 633.0,
    "pct2ResTime" : 763.0,
    "pct3ResTime" : 985.0,
    "throughput" : 3.86400718590242,
    "receivedKBytesPerSec" : 1.3773072488812337,
    "sentKBytesPerSec" : 1.1546740223497467
  },
  "WIFSOpmetEurNatAllDataVarOneMinuteIWXXM" : {
    "transaction" : "WIFSOpmetEurNatAllDataVarOneMinuteIWXXM",
    "sampleCount" : 13892,
    "errorCount" : 0,
    "errorPct" : 0.0,
    "meanResTime" : 164.2790814857462,
    "medianResTime" : 126.0,
    "minResTime" : 62.0,
    "maxResTime" : 4129.0,
    "pct1ResTime" : 284.0,
    "pct2ResTime" : 381.0,
    "pct3ResTime" : 544.0,
    "throughput" : 3.864749351864397,
    "receivedKBytesPerSec" : 1.3851201290373374,
    "sentKBytesPerSec" : 1.1247024481011623
  },
  "WIFSGriddedHighResCubeFullTimeFullVertRoughlyGlobal" : {
    "transaction" : "WIFSGriddedHighResCubeFullTimeFullVertRoughlyGlobal",
    "sampleCount" : 8499,
    "errorCount" : 332,
    "errorPct" : 3.906342,
    "meanResTime" : 10255.552064948815,
    "medianResTime" : 7280.0,
    "minResTime" : 1649.0,
    "maxResTime" : 59170.0,
    "pct1ResTime" : 22495.0,
    "pct2ResTime" : 28565.0,
    "pct3ResTime" : 31809.0,
    "throughput" : 2.3632924704428553,
    "receivedKBytesPerSec" : 0.6802692185917625,
    "sentKBytesPerSec" : 0.8285371063368995
  },
  "WIFSGriddedLowResCubeFullTimeFullVertUSA" : {
    "transaction" : "WIFSGriddedLowResCubeFullTimeFullVertUSA",
    "sampleCount" : 8476,
    "errorCount" : 64,
    "errorPct" : 0.75507313,
    "meanResTime" : 2751.139924492687,
    "medianResTime" : 1320.5,
    "minResTime" : 670.0,
    "maxResTime" : 35912.0,
    "pct1ResTime" : 5784.100000000001,
    "pct2ResTime" : 9317.89999999999,
    "pct3ResTime" : 25689.17999999997,
    "throughput" : 2.364072128186484,
    "receivedKBytesPerSec" : 0.6796112498009254,
    "sentKBytesPerSec" : 0.8011064731256933
  },
  "WIFSOpmetNamCarAllDataVarOneMinuteTAC" : {
    "transaction" : "WIFSOpmetNamCarAllDataVarOneMinuteTAC",
    "sampleCount" : 13900,
    "errorCount" : 0,
    "errorPct" : 0.0,
    "meanResTime" : 163.54359712230152,
    "medianResTime" : 125.0,
    "minResTime" : 63.0,
    "maxResTime" : 4151.0,
    "pct1ResTime" : 285.0,
    "pct2ResTime" : 384.0,
    "pct3ResTime" : 537.0,
    "throughput" : 3.8641498356068342,
    "receivedKBytesPerSec" : 1.3773580956997016,
    "sentKBytesPerSec" : 1.1547166500934485
  },
  "WIFSOpmetGlobalAllDataVarOneMinuteTAC" : {
    "transaction" : "WIFSOpmetGlobalAllDataVarOneMinuteTAC",
    "sampleCount" : 13904,
    "errorCount" : 0,
    "errorPct" : 0.0,
    "meanResTime" : 163.25179804372792,
    "medianResTime" : 125.0,
    "minResTime" : 65.0,
    "maxResTime" : 4182.0,
    "pct1ResTime" : 282.0,
    "pct2ResTime" : 380.0,
    "pct3ResTime" : 538.0,
    "throughput" : 3.8622179308689657,
    "receivedKBytesPerSec" : 1.3728977801135778,
    "sentKBytesPerSec" : 1.1503676454248384
  },
  "WIFSOpmetGlobalAllDataVarFiveMinuteTAC" : {
    "transaction" : "WIFSOpmetGlobalAllDataVarFiveMinuteTAC",
    "sampleCount" : 13903,
    "errorCount" : 0,
    "errorPct" : 0.0,
    "meanResTime" : 431.63446738114294,
    "medianResTime" : 374.0,
    "minResTime" : 195.0,
    "maxResTime" : 4361.0,
    "pct1ResTime" : 629.0,
    "pct2ResTime" : 757.0,
    "pct3ResTime" : 951.0,
    "throughput" : 3.862714841460047,
    "receivedKBytesPerSec" : 1.3730744163002508,
    "sentKBytesPerSec" : 1.1505156510208148
  },
  "WIFSGriddedHighResCubeFullTimeFullVertNorthAmerica" : {
    "transaction" : "WIFSGriddedHighResCubeFullTimeFullVertNorthAmerica",
    "sampleCount" : 8512,
    "errorCount" : 24,
    "errorPct" : 0.28195488,
    "meanResTime" : 4011.9937734962377,
    "medianResTime" : 2829.0,
    "minResTime" : 1103.0,
    "maxResTime" : 47030.0,
    "pct1ResTime" : 7281.799999999999,
    "pct2ResTime" : 10574.999999999989,
    "pct3ResTime" : 22056.770000000055,
    "throughput" : 2.3635371088098958,
    "receivedKBytesPerSec" : 0.6763961550038291,
    "sentKBytesPerSec" : 0.8355472982316233
  },
  "WIFSOpmetGlobalAllDataVarOneMinuteIWXXM" : {
    "transaction" : "WIFSOpmetGlobalAllDataVarOneMinuteIWXXM",
    "sampleCount" : 13903,
    "errorCount" : 0,
    "errorPct" : 0.0,
    "meanResTime" : 163.3937279723798,
    "medianResTime" : 126.0,
    "minResTime" : 63.0,
    "maxResTime" : 2481.0,
    "pct1ResTime" : 286.0,
    "pct2ResTime" : 380.0,
    "pct3ResTime" : 538.9599999999991,
    "throughput" : 3.862898365735316,
    "receivedKBytesPerSec" : 1.3806843768155526,
    "sentKBytesPerSec" : 1.1203914205306533
  },
  "WIFSOpmetEurNatAllDataVarOneMinuteTAC" : {
    "transaction" : "WIFSOpmetEurNatAllDataVarOneMinuteTAC",
    "sampleCount" : 13892,
    "errorCount" : 0,
    "errorPct" : 0.0,
    "meanResTime" : 162.50539879067128,
    "medianResTime" : 125.0,
    "minResTime" : 64.0,
    "maxResTime" : 2341.0,
    "pct1ResTime" : 286.0,
    "pct2ResTime" : 378.0,
    "pct3ResTime" : 540.0699999999997,
    "throughput" : 3.8647256982281295,
    "receivedKBytesPerSec" : 1.3775633592317063,
    "sentKBytesPerSec" : 1.1548887340408278
  },
  "WIFSGriddedLowResItemGlobal" : {
    "transaction" : "WIFSGriddedLowResItemGlobal",
    "sampleCount" : 8524,
    "errorCount" : 0,
    "errorPct" : 0.0,
    "meanResTime" : 170.89101360863464,
    "medianResTime" : 129.0,
    "minResTime" : 44.0,
    "maxResTime" : 1889.0,
    "pct1ResTime" : 415.0,
    "pct2ResTime" : 541.0,
    "pct3ResTime" : 805.0,
    "throughput" : 2.3681099709820406,
    "receivedKBytesPerSec" : 37.932758188995955,
    "sentKBytesPerSec" : 0.5226492709393957
  },
  "WIFSOpmetNamCarAllDataVarFiveMinuteIWXXM" : {
    "transaction" : "WIFSOpmetNamCarAllDataVarFiveMinuteIWXXM",
    "sampleCount" : 13892,
    "errorCount" : 0,
    "errorPct" : 0.0,
    "meanResTime" : 429.90642096170325,
    "medianResTime" : 374.0,
    "minResTime" : 182.0,
    "maxResTime" : 4797.0,
    "pct1ResTime" : 619.7000000000007,
    "pct2ResTime" : 746.0,
    "pct3ResTime" : 956.0699999999997,
    "throughput" : 3.8638077307861645,
    "receivedKBytesPerSec" : 1.384782653514182,
    "sentKBytesPerSec" : 1.1244284216545675
  },
  "WIFSOpmetEurNatAllDataVarFiveMinuteTAC" : {
    "transaction" : "WIFSOpmetEurNatAllDataVarFiveMinuteTAC",
    "sampleCount" : 13892,
    "errorCount" : 0,
    "errorPct" : 0.0,
    "meanResTime" : 431.59141952202646,
    "medianResTime" : 375.0,
    "minResTime" : 186.0,
    "maxResTime" : 4328.0,
    "pct1ResTime" : 627.0,
    "pct2ResTime" : 756.3499999999985,
    "pct3ResTime" : 952.0699999999997,
    "throughput" : 3.8644934779022577,
    "receivedKBytesPerSec" : 1.377480585385082,
    "sentKBytesPerSec" : 1.1548193400762605
  },
  "WIFSGriddedLowResCubeFullTimeFullVertRoughlyGlobal" : {
    "transaction" : "WIFSGriddedLowResCubeFullTimeFullVertRoughlyGlobal",
    "sampleCount" : 8450,
    "errorCount" : 2,
    "errorPct" : 0.02366864,
    "meanResTime" : 2588.5036686390617,
    "medianResTime" : 1624.0,
    "minResTime" : 833.0,
    "maxResTime" : 44138.0,
    "pct1ResTime" : 4996.900000000001,
    "pct2ResTime" : 7382.699999999999,
    "pct3ResTime" : 15694.759999999995,
    "throughput" : 2.355132195381767,