{
  "WIFSGriddedHighResCubeFullTimeFullVertUSA" : {
    "transaction" : "WIFSGriddedHighResCubeFullTimeFullVertUSA",
    "sampleCount" : 4307,
    "errorCount" : 0,
    "errorPct" : 0.0,
    "meanResTime" : 7476.4873461806455,
    "medianResTime" : 5275.0,
    "minResTime" : 812.0,
    "maxResTime" : 45059.0,
    "pct1ResTime" : 16405.4,
    "pct2ResTime" : 21289.199999999997,
    "pct3ResTime" : 31154.520000000033,
    "throughput" : 1.1895838086236676,
    "receivedKBytesPerSec" : 0.3403789608659518,
    "sentKBytesPerSec" : 0.4193747606573673
  },
  "WIFSOpmetNamCarAllDataVarFiveMinuteTAC" : {
    "transaction" : "WIFSOpmetNamCarAllDataVarFiveMinuteTAC",
    "sampleCount" : 9483,
    "errorCount" : 0,
    "errorPct" : 0.0,
    "meanResTime" : 566.0496678266367,
    "medianResTime" : 560.0,
    "minResTime" : 169.0,
    "maxResTime" : 5592.0,
    "pct1ResTime" : 851.0,
    "pct2ResTime" : 962.0,
    "pct3ResTime" : 1190.0,
    "throughput" : 2.6358206441208525,
    "receivedKBytesPerSec" : 0.9395259131876086,
    "sentKBytesPerSec" : 0.7876573409189266
  },
  "WIFSOpmetEurNatAllDataVarOneMinuteIWXXM" : {
    "transaction" : "WIFSOpmetEurNatAllDataVarOneMinuteIWXXM",
    "sampleCount" : 9475,
    "errorCount" : 0,
    "errorPct" : 0.0,
    "meanResTime" : 330.01340369393273,
    "medianResTime" : 315.0,
    "minResTime" : 61.0,
    "maxResTime" : 6102.0,
    "pct1ResTime" : 615.0,
    "pct2ResTime" : 696.1999999999989,
    "pct3ResTime" : 894.0,
    "throughput" : 2.6360346916075885,
    "receivedKBytesPerSec" : 0.9447507146679541,
    "sentKBytesPerSec" : 0.7671272832998647
  },
  "WIFSGriddedHighResCubeFullTimeFullVertRoughlyGlobal" : {
    "transaction" : "WIFSGriddedHighResCubeFullTimeFullVertRoughlyGlobal",
    "sampleCount" : 4264,
    "errorCount" : 139,
    "errorPct" : 3.25985,
    "meanResTime" : 18699.29690431512,
    "medianResTime" : 17382.0,
    "minResTime" : 4486.0,
    "maxResTime" : 57869.0,
    "pct1ResTime" : 30420.0,
    "pct2ResTime" : 33363.25,
    "pct3ResTime" : 40585.250000000015,
    "throughput" : 1.1807137170745214,
    "receivedKBytesPerSec" : 0.33810080345090165,
    "sentKBytesPerSec" : 0.4139416254196809
  },
  "WIFSGriddedLowResCubeFullTimeFullVertUSA" : {
    "transaction" : "WIFSGriddedLowResCubeFullTimeFullVertUSA",
    "sampleCount" : 4236,
    "errorCount" : 0,
    "errorPct" : 0.0,
    "meanResTime" : 5153.693342776203,
    "medianResTime" : 3058.5,
    "minResTime" : 635.0,
    "maxResTime" : 36695.0,
    "pct1ResTime" : 12167.000000000004,
    "pct2ResTime" : 17686.15,
    "pct3ResTime" : 25687.490000000013,
    "throughput" : 1.1800501326302804,
    "receivedKBytesPerSec" : 0.3376510633405002,
    "sentKBytesPerSec" : 0.39988026955342515
  },
  "WIFSOpmetNamCarAllDataVarOneMinuteTAC" : {
    "transaction" : "WIFSOpmetNamCarAllDataVarOneMinuteTAC",
    "sampleCount" : 9485,
    "errorCount" : 0,
    "errorPct" : 0.0,
    "meanResTime" : 302.08191881918725,
    "medianResTime" : 249.0,
    "minResTime" : 59.0,
    "maxResTime" : 5236.0,
    "pct1ResTime" : 586.0,
    "pct2ResTime" : 670.0,
    "pct3ResTime" : 861.2799999999988,
    "throughput" : 2.6358036338797888,
    "receivedKBytesPerSec" : 0.939519849966917,
    "sentKBytesPerSec" : 0.7876522577804838
  },
  "WIFSOpmetGlobalAllDataVarOneMinuteTAC" : {
    "transaction" : "WIFSOpmetGlobalAllDataVarOneMinuteTAC",
    "sampleCount" : 9489,
    "errorCount" : 0,
    "errorPct" : 0.0,
    "meanResTime" : 302.09020971651404,
    "medianResTime" : 256.0,
    "minResTime" : 59.0,
    "maxResTime" : 2161.0,
    "pct1ResTime" : 585.0,
    "pct2ResTime" : 667.0,
    "pct3ResTime" : 849.1000000000004,
    "throughput" : 2.63563785685895,
    "receivedKBytesPerSec" : 0.9368868944303298,
    "sentKBytesPerSec" : 0.7850288538495895
  },
  "WIFSOpmetGlobalAllDataVarFiveMinuteTAC" : {
    "transaction" : "WIFSOpmetGlobalAllDataVarFiveMinuteTAC",
    "sampleCount" : 9488,
    "errorCount" : 0,
    "errorPct" : 0.0,
    "meanResTime" : 565.6580944350776,
    "medianResTime" : 559.0,
    "minResTime" : 170.0,
    "maxResTime" : 4379.0,
    "pct1ResTime" : 854.0,
    "pct2ResTime" : 947.0,
    "pct3ResTime" : 1189.2200000000012,
    "throughput" : 2.6357869190740075,
    "receivedKBytesPerSec" : 0.9369398813895886,
    "sentKBytesPerSec" : 0.7850732522632542
  },
  "WIFSGriddedHighResCubeFullTimeFullVertNorthAmerica" : {
    "transaction" : "WIFSGriddedHighResCubeFullTimeFullVertNorthAmerica",
    "sampleCount" : 4277,
    "errorCount" : 0,
    "errorPct" : 0.0,
    "meanResTime" : 8434.51087210665,
    "medianResTime" : 6344.0,
    "minResTime" : 1272.0,
    "maxResTime" : 43603.0,
    "pct1ResTime" : 17919.600000000006,
    "pct2ResTime" : 22296.6,
    "pct3ResTime" : 31023.28000000007,
    "throughput" : 1.1846313129326729,
    "receivedKBytesPerSec" : 0.33896188934499333,
    "sentKBytesPerSec" : 0.41878567898596447
  },
  "WIFSOpmetGlobalAllDataVarOneMinuteIWXXM" : {
    "transaction" : "WIFSOpmetGlobalAllDataVarOneMinuteIWXXM",
    "sampleCount" : 9488,
    "errorCount" : 0,
    "errorPct" : 0.0,
    "meanResTime" : 327.90145446880297,
    "medianResTime" : 314.0,
    "minResTime" : 59.0,
    "maxResTime" : 5980.0,
    "pct1ResTime" : 613.0,
    "pct2ResTime" : 692.0,
    "pct3ResTime" : 906.2200000000012,
    "throughput" : 2.63639041251952,
    "receivedKBytesPerSec" : 0.9423036044747503,
    "sentKBytesPerSec" : 0.7646562036311498
  },
  "WIFSOpmetEurNatAllDataVarOneMinuteTAC" : {
    "transaction" : "WIFSOpmetEurNatAllDataVarOneMinuteTAC",
    "sampleCount" : 9478,
    "errorCount" : 0,
    "errorPct" : 0.0,
    "meanResTime" : 306.86642751635407,
    "medianResTime" : 265.5,
    "minResTime" : 59.0,
    "maxResTime" : 3223.0,
    "pct1ResTime" : 592.1000000000004,
    "pct2ResTime" : 679.0499999999993,
    "pct3ResTime" : 881.4199999999983,
    "throughput" : 2.6347611674343745,
    "receivedKBytesPerSec" : 0.9391482676890104,
    "sentKBytesPerSec" : 0.7873407394872252
  },
  "WIFSGriddedLowResItemGlobal" : {
    "transaction" : "WIFSGriddedLowResItemGlobal",
    "sampleCount" : 4307,
    "errorCount" : 0,
    "errorPct" : 0.0,
    "meanResTime" : 375.3967959136294,
    "medianResTime" : 401.0,
    "minResTime" : 44.0,
    "maxResTime" : 3974.0,
    "pct1ResTime" : 736.2000000000003,
    "pct2ResTime" : 822.0,
    "pct3ResTime" : 1034.92,
    "throughput" : 1.1969341588946074,
    "receivedKBytesPerSec" : 19.172376389435048,
    "sentKBytesPerSec" : 0.26416710928728643
  },
  "WIFSOpmetNamCarAllDataVarFiveMinuteIWXXM" : {
    "transaction" : "WIFSOpmetNamCarAllDataVarFiveMinuteIWXXM",
    "sampleCount" : 9483,
    "errorCount" : 0,
    "errorPct" : 0.0,
    "meanResTime" : 542.6705683855322,
    "medianResTime" : 514.0,
    "minResTime" : 174.0,
    "maxResTime" : 5401.0,
    "pct1ResTime" : 836.6000000000004,
    "pct2ResTime" : 937.0,
    "pct3ResTime" : 1161.1599999999999,
    "throughput" : 2.635612593019782,
    "receivedKBytesPerSec" : 0.9445994351936131,
    "sentKBytesPerSec" : 0.7670044460155224
  },
  "WIFSOpmetEurNatAllDataVarFiveMinuteTAC" : {
    "transaction" : "WIFSOpmetEurNatAllDataVarFiveMinuteTAC",
    "sampleCount" : 9475,
    "errorCount" : 0,
    "errorPct" : 0.0,
    "meanResTime" : 565.2626912928748,
    "medianResTime" : 555.0,
    "minResTime" : 183.0,
    "maxResTime" : 2682.0,
    "pct1ResTime" : 858.0,
    "pct2ResTime" : 960.0,
    "pct3ResTime" : 1216.7199999999993,
    "throughput" : 2.6354312664227697,
    "receivedKBytesPerSec" : 0.9393871213323349,
    "sentKBytesPerSec" : 0.7875409839114917
  },
  "WIFSGriddedLowResCubeFullTimeFullVertRoughlyGlobal" : {
    "transaction" : "WIFSGriddedLowResCubeFullTimeFullVertRoughlyGlobal",
    "sampleCount" : 4227,
    "errorCount" : 0,
    "errorPct" : 0.0,
    "meanResTime" : 5812.153300212913,
    "medianResTime" : 3549.0,
    "minResTime" : 919.0,
    "maxResTime" : 38091.0,
    "pct1ResTime" : 13702.000000000002,
    "pct2ResTime" : 18968.799999999996,