{
  "NCPPServerlessEastGFSPosition-fulltime-fullzedd" : {
    "transaction" : "NCPPServerlessEastGFSPosition-fulltime-fullzedd",
    "sampleCount" : 162,
    "errorCount" : 0,
    "errorPct" : 0.0,
    "meanResTime" : 3524.8703703703704,
    "medianResTime" : 3519.0,
    "minResTime" : 3098.0,
    "maxResTime" : 4164.0,
    "pct1ResTime" : 3816.5000000000005,
    "pct2ResTime" : 3917.1,
    "pct3ResTime" : 4136.280000000001,
    "throughput" : 2.5569796072984405,
    "receivedKBytesPerSec" : 492.87779570995644,
    "sentKBytesPerSec" : 1.0787257718290295
  },
  "NCPPServerlessEastGFSAreaUS-1time-1zedd" : {
    "transaction" : "NCPPServerlessEastGFSAreaUS-1time-1zedd",
    "sampleCount" : 393,
    "errorCount" : 0,
    "errorPct" : 0.0,
    "meanResTime" : 1429.1145038167951,
    "medianResTime" : 1405.0,
    "minResTime" : 1023.0,
    "maxResTime" : 2616.0,
    "pct1ResTime" : 1594.0,
    "pct2ResTime" : 1657.2999999999995,
    "pct3ResTime" : 1989.060000000001,
    "throughput" : 6.425243194637456,
    "receivedKBytesPerSec" : 301.15190149084447,
    "sentKBytesPerSec" : 7.253497200196191
  },
  "NCPPServerlessEastGFSTrajectory20waypoints" : {
    "transaction" : "NCPPServerlessEastGFSTrajectory20waypoints",
    "sampleCount" : 174,
    "errorCount" : 0,
    "errorPct" : 0.0,
    "meanResTime" : 3253.649425287355,
    "medianResTime" : 3074.0,
    "minResTime" : 2765.0,
    "maxResTime" : 6692.0,
    "pct1ResTime" : 3621.5,
    "pct2ResTime" : 5312.25,
    "pct3ResTime" : 6410.75,
    "throughput" : 2.8067685061216587,
    "receivedKBytesPerSec" : 21.58525584541803,
    "sentKBytesPerSec" : 4.887176021889568
  },
  "NCPPServerlessEastGFSPosition-fulltime-1zedd" : {
    "transaction" : "NCPPServerlessEastGFSPosition-fulltime-1zedd",
    "sampleCount" : 455,
    "errorCount" : 0,
    "errorPct" : 0.0,
    "meanResTime" : 1229.3802197802197,
    "medianResTime" : 1212.0,
    "minResTime" : 803.0,
    "maxResTime" : 2350.0,
    "pct1ResTime" : 1362.2,
    "pct2ResTime" : 1396.6,
    "pct3ResTime" : 1603.0,
    "throughput" : 7.479493038318019,
    "receivedKBytesPerSec" : 104.93202830905923,
    "sentKBytesPerSec" : 3.191932087641576
  },
  "NCPPServerlessEastGFSAreaGlobe-1time-1zedd" : {
    "transaction" : "NCPPServerlessEastGFSAreaGlobe-1time-1zedd",
    "sampleCount" : 239,
    "errorCount" : 0,
    "errorPct" : 0.0,
    "meanResTime" : 2375.9790794979076,
    "medianResTime" : 2305.0,
    "minResTime" : 1554.0,
    "maxResTime" : 5374.0,
    "pct1ResTime" : 3030.0,
    "pct2ResTime" : 3235.0,
    "pct3ResTime" : 3858.399999999997,
    "throughput" : 3.818013355059267,
    "receivedKBytesPerSec" : 7632.3913946681605,
    "sentKBytesPerSec" : 1.987305779537685
  },
  "NCPPServerlessEastCollections" : {
    "transaction" : "NCPPServerlessEastCollections",
    "sampleCount" : 30,
    "errorCount" : 0,
    "errorPct" : 0.0,
    "meanResTime" : 23057.03333333333,
    "medianResTime" : 22377.0,
    "minResTime" : 21029.0,
    "maxResTime" : 26085.0,
    "pct1ResTime" : 25793.8,
    "pct2ResTime" : 25955.75,
    "pct3ResTime" : 26085.0,
    "throughput" : 0.3824335521703104,
    "receivedKBytesPerSec" : 12.900783391229526,
    "sentKBytesPerSec" : 0.06236953438715024
  },
  "NCPPServerlessEastGFSPosition-fulltime-halfzedd" : {
    "transaction" : "NCPPServerlessEastGFSPosition-fulltime-halfzedd",
    "sampleCount" : 243,
    "errorCount" : 0,
    "errorPct" : 0.0,
    "meanResTime" : 2339.8930041152266,
    "medianResTime" : 2297.0,
    "minResTime" : 1916.0,
    "maxResTime" : 3700.0,
    "pct1ResTime" : 2598.4,
    "pct2ResTime" : 2724.5999999999995,
    "pct3ResTime" : 3454.640000000001,
    "throughput" : 3.9174592938900528,
    "receivedKBytesPerSec" : 404.1524923676044,
    "sentKBytesPerSec" : 1.6679807149766241
  },
  "NCPPServerlessEastNWM-position-1day" : {
    "transaction" : "NCPPServerlessEastNWM-position-1day",
    "sampleCount" : 57,
    "errorCount" : 0,
    "errorPct" : 0.0,
    "meanResTime" : 10292.561403508773,
    "medianResTime" : 10274.0,
    "minResTime" : 8749.0,
    "maxResTime" : 11541.0,
    "pct1ResTime" : 11160.6,
    "pct2ResTime" : 11414.3,
    "pct3ResTime" : 11541.0,
    "throughput" : 0.8491240614944583,
    "receivedKBytesPerSec" : 3.6518968425992133,
    "sentKBytesPerSec" : 0.2943740642876296
  },
  "NCPPServerlessEastGFSPosition-1time-fullzedd" : {
    "transaction" : "NCPPServerlessEastGFSPosition-1time-fullzedd",
    "sampleCount" : 173,
    "errorCount" : 0,
    "errorPct" : 0.0,
    "meanResTime" : 3275.508670520232,
    "medianResTime" : 3222.0,
    "minResTime" : 2859.0,
    "maxResTime" : 4201.0,
    "pct1ResTime" : 3623.0,
    "pct2ResTime" : 3733.899999999999,
    "pct3ResTime" : 4141.799999999999,
    "throughput" : 2.756313231896758,
    "receivedKBytesPerSec" : 15.227015578945272,
    "sentKBytesPerSec" : 1.1628196447064447
  },
  "NCPPServerlessEastGFSAreaHalfGlobe-1time-1zedd" : {
    "transaction" : "NCPPServerlessEastGFSAreaHalfGlobe-1time-1zedd",
    "sampleCount" : 300,
    "errorCount" : 0,
    "errorPct" : 0.0,
    "meanResTime" : 1895.7733333333326,
    "medianResTime" : 1776.0,
    "minResTime" : 1307.0,
    "maxResTime" : 5406.0,
    "pct1ResTime" : 1969.0,
    "pct2ResTime" : 2324.2499999999995,
    "pct3ResTime" : 5291.82,
    "throughput" : 4.7762334622916365,
    "receivedKBytesPerSec" : 4207.357936905956,
    "sentKBytesPerSec" : 2.453416798013087
  },
  "NCPPServerlessEastGFSTrajectory10waypoints" : {
    "transaction" : "NCPPServerlessEastGFSTrajectory10waypoints",
    "sampleCount" : 174,
    "errorCount" : 0,
    "errorPct" : 0.0,
    "meanResTime" : 3298.77011494253,
    "medianResTime" : 3273.0,
    "minResTime" : 2917.0,
    "maxResTime" : 4204.0,
    "pct1ResTime" : 3566.0,
    "pct2ResTime" : 3788.5,
    "pct3ResTime" : 4080.25,
    "throughput" : 2.7487283182205933,
    "receivedKBytesPerSec" : 14.508668515607722,
    "sentKBytesPerSec" : 2.8265731631702
  },
  "NCPPServerlessEastGFSPosition-halftime-1zedd" : {
    "transaction" : "NCPPServerlessEastGFSPosition-halftime-1zedd",
    "sampleCount" : 457,
    "errorCount" : 0,
    "errorPct" : 0.0,
    "meanResTime" : 1227.3698030634566,
    "medianResTime" : 1208.0,
    "minResTime" : 687.0,
    "maxResTime" : 2282.0,
    "pct1ResTime" : 1395.2,
    "pct2ResTime" : 1461.599999999999,
    "pct3ResTime" : 1955.0600000000006,
    "throughput" : 7.514469876348329,
    "receivedKBytesPerSec" : 64.10782113259668,
    "sentKBytesPerSec" : 3.2068587265275585
  },
  "NCPPServerlessEastGFSCorridor20waypoints" : {
    "transaction" : "NCPPServerlessEastGFSCorridor20waypoints",
    "sampleCount" : 34,
    "errorCount" : 34,
    "errorPct" : 100.0,
    "meanResTime" : 20116.79411764706,
    "medianResTime" : 21189.5,
    "minResTime" : 10946.0,
    "maxResTime" : 26698.0,
    "pct1ResTime" : 24412.0,
    "pct2ResTime" : 25999.75,
    "pct3ResTime" : 26698.0,
    "throughput" : 0.4452476362588722,
    "receivedKBytesPerSec" : 0.22305863027422018,
    "sentKBytesPerSec" : 0.8026632192713654
  },
  "NCPPServerlessEastGFSCorridor5waypoints" : {
    "transaction" : "NCPPServerlessEastGFSCorridor5waypoints",
    "sampleCount" : 22,
    "errorCount" : 20,
    "errorPct" : 90.90909,
    "meanResTime" : 29258.68181818182,
    "medianResTime" : 29143.0,
    "minResTime" : 28433.0,
    "maxResTime" : 30276.0,
    "pct1ResTime" : 30044.3,
    "pct2ResTime" : 30265.95,
    "pct3ResTime" : 30276.0,
    "throughput" : 0.25015350328610736,
    "receivedKBytesPerSec" : 0.4415440298592318,
    "sentKBytesPerSec" : 0.1873708369340277
  },
  "NCPPServerlessEastGFSAreaUS-1time-fullzedd" : {
    "transaction" : "NCPPServerlessEastGFSAreaUS-1time-fullzedd",
    "sampleCount" : 102,
    "errorCount" : 0,
    "errorPct" : 0.0,
    "meanResTime" : 5773.098039215688,
    "medianResTime" : 5743.5,
    "minResTime" : 5212.0,
    "maxResTime" : 6566.0,
    "pct1ResTime" : 6271.1,
    "pct2ResTime" : 6390.4,
    "pct3ResTime" : 6565.22,