{
  "NCPPServerlessEastGFSPosition-fulltime-fullzedd" : {
    "transaction" : "NCPPServerlessEastGFSPosition-fulltime-fullzedd",
    "sampleCount" : 396,
    "errorCount" : 0,
    "errorPct" : 0.0,
    "meanResTime" : 2884.89898989899,
    "medianResTime" : 2838.0,
    "minResTime" : 2556.0,
    "maxResTime" : 3499.0,
    "pct1ResTime" : 3161.0,
    "pct2ResTime" : 3232.0,
    "pct3ResTime" : 3439.0,
    "throughput" : 6.2942064690455375,
    "receivedKBytesPerSec" : 1213.2574703965668,
    "sentKBytesPerSec" : 2.655368354128586
  },
  "NCPPServerlessEastGFSAreaUS-1time-1zedd" : {
    "transaction" : "NCPPServerlessEastGFSAreaUS-1time-1zedd",
    "sampleCount" : 2100,
    "errorCount" : 0,
    "errorPct" : 0.0,
    "meanResTime" : 531.0180952380955,
    "medianResTime" : 508.0,
    "minResTime" : 428.0,
    "maxResTime" : 2490.0,
    "pct1ResTime" : 636.9000000000001,
    "pct2ResTime" : 666.0,
    "pct3ResTime" : 741.0,
    "throughput" : 34.72222222222222,
    "receivedKBytesPerSec" : 1627.4346245659724,
    "sentKBytesPerSec" : 39.19813368055556
  },
  "NCPPServerlessEastGFSTrajectory20waypoints" : {
    "transaction" : "NCPPServerlessEastGFSTrajectory20waypoints",
    "sampleCount" : 438,
    "errorCount" : 0,
    "errorPct" : 0.0,
    "meanResTime" : 2612.721461187215,
    "medianResTime" : 2587.0,
    "minResTime" : 2178.0,
    "maxResTime" : 3498.0,
    "pct1ResTime" : 2814.0,
    "pct2ResTime" : 3150.0,
    "pct3ResTime" : 3408.2300000000005,
    "throughput" : 6.977744499848656,
    "receivedKBytesPerSec" : 53.66185345342594,
    "sentKBytesPerSec" : 12.149725042216946
  },
  "NCPPServerlessEastGFSPosition-fulltime-1zedd" : {
    "transaction" : "NCPPServerlessEastGFSPosition-fulltime-1zedd",
    "sampleCount" : 2772,
    "errorCount" : 0,
    "errorPct" : 0.0,
    "meanResTime" : 401.18470418470406,
    "medianResTime" : 383.0,
    "minResTime" : 323.0,
    "maxResTime" : 1563.0,
    "pct1ResTime" : 446.0,
    "pct2ResTime" : 514.3499999999999,
    "pct3ResTime" : 590.0,
    "throughput" : 45.92141011198728,
    "receivedKBytesPerSec" : 644.2450953796965,
    "sentKBytesPerSec" : 19.597320526307072
  },
  "NCPPServerlessEastGFSAreaGlobe-1time-1zedd" : {
    "transaction" : "NCPPServerlessEastGFSAreaGlobe-1time-1zedd",
    "sampleCount" : 714,
    "errorCount" : 0,
    "errorPct" : 0.0,
    "meanResTime" : 1577.0756302521,
    "medianResTime" : 1546.0,
    "minResTime" : 1194.0,
    "maxResTime" : 2872.0,
    "pct1ResTime" : 1801.0,
    "pct2ResTime" : 1921.0,
    "pct3ResTime" : 2245.0,
    "throughput" : 11.63378032685383,
    "receivedKBytesPerSec" : 23256.483567947223,
    "sentKBytesPerSec" : 6.055473549036221
  },
  "NCPPServerlessEastCollections" : {
    "transaction" : "NCPPServerlessEastCollections",
    "sampleCount" : 60,
    "errorCount" : 0,
    "errorPct" : 0.0,
    "meanResTime" : 23003.666666666668,
    "medianResTime" : 22141.0,
    "minResTime" : 21186.0,
    "maxResTime" : 25867.0,
    "pct1ResTime" : 25408.7,
    "pct2ResTime" : 25778.0,
    "pct3ResTime" : 25867.0,
    "throughput" : 0.7687379884689303,
    "receivedKBytesPerSec" : 25.932144859064703,
    "sentKBytesPerSec" : 0.12537035554131967
  },
  "NCPPServerlessEastGFSPosition-fulltime-halfzedd" : {
    "transaction" : "NCPPServerlessEastGFSPosition-fulltime-halfzedd",
    "sampleCount" : 672,
    "errorCount" : 0,
    "errorPct" : 0.0,
    "meanResTime" : 1670.2678571428576,
    "medianResTime" : 1658.0,
    "minResTime" : 1387.0,
    "maxResTime" : 2139.0,
    "pct1ResTime" : 1818.0,
    "pct2ResTime" : 1869.0,
    "pct3ResTime" : 1968.3199999999997,
    "throughput" : 10.972324271369091,
    "receivedKBytesPerSec" : 1131.9816923830517,
    "sentKBytesPerSec" : 4.671809943668871
  },
  "NCPPServerlessEastNWM-position-1day" : {
    "transaction" : "NCPPServerlessEastNWM-position-1day",
    "sampleCount" : 176,
    "errorCount" : 0,
    "errorPct" : 0.0,
    "meanResTime" : 6583.045454545453,
    "medianResTime" : 6545.5,
    "minResTime" : 6001.0,
    "maxResTime" : 8136.0,
    "pct1ResTime" : 6935.0,
    "pct2ResTime" : 7090.0,
    "pct3ResTime" : 8136.0,
    "throughput" : 2.686243685037928,
    "receivedKBytesPerSec" : 11.552946473542026,
    "sentKBytesPerSec" : 0.9312661212777972
  },
  "NCPPServerlessEastGFSPosition-1time-fullzedd" : {
    "transaction" : "NCPPServerlessEastGFSPosition-1time-fullzedd",
    "sampleCount" : 396,
    "errorCount" : 0,
    "errorPct" : 0.0,
    "meanResTime" : 2851.5606060606074,
    "medianResTime" : 2833.5,
    "minResTime" : 2518.0,
    "maxResTime" : 3495.0,
    "pct1ResTime" : 3115.0,
    "pct2ResTime" : 3161.0,
    "pct3ResTime" : 3282.0,
    "throughput" : 6.3566463874664905,
    "receivedKBytesPerSec" : 35.11674669325971,
    "sentKBytesPerSec" : 2.681710194712426
  },
  "NCPPServerlessEastGFSAreaHalfGlobe-1time-1zedd" : {
    "transaction" : "NCPPServerlessEastGFSAreaHalfGlobe-1time-1zedd",
    "sampleCount" : 1150,
    "errorCount" : 0,
    "errorPct" : 0.0,
    "meanResTime" : 971.7426086956516,
    "medianResTime" : 948.0,
    "minResTime" : 829.0,
    "maxResTime" : 2278.0,
    "pct1ResTime" : 1091.0,
    "pct2ResTime" : 1124.0,
    "pct3ResTime" : 1307.0,
    "throughput" : 18.904523934771174,
    "receivedKBytesPerSec" : 16652.891750024657,
    "sentKBytesPerSec" : 9.710722255556286
  },
  "NCPPServerlessEastGFSTrajectory10waypoints" : {
    "transaction" : "NCPPServerlessEastGFSTrajectory10waypoints",
    "sampleCount" : 406,
    "errorCount" : 0,
    "errorPct" : 0.0,
    "meanResTime" : 2802.6650246305453,
    "medianResTime" : 2744.0,
    "minResTime" : 2519.0,
    "maxResTime" : 3601.0,
    "pct1ResTime" : 3085.5,
    "pct2ResTime" : 3226.7999999999997,
    "pct3ResTime" : 3479.02,
    "throughput" : 6.507244518528016,
    "receivedKBytesPerSec" : 34.34732092055071,
    "sentKBytesPerSec" : 6.691531716806642
  },
  "NCPPServerlessEastGFSPosition-halftime-1zedd" : {
    "transaction" : "NCPPServerlessEastGFSPosition-halftime-1zedd",
    "sampleCount" : 2746,
    "errorCount" : 0,
    "errorPct" : 0.0,
    "meanResTime" : 405.4209759650399,
    "medianResTime" : 387.0,
    "minResTime" : 328.0,
    "maxResTime" : 1406.0,
    "pct1ResTime" : 497.0,
    "pct2ResTime" : 532.0,
    "pct3ResTime" : 576.0,
    "throughput" : 45.48089504281432,
    "receivedKBytesPerSec" : 388.0088858340096,
    "sentKBytesPerSec" : 19.40932727901353
  },
  "NCPPServerlessEastGFSCorridor20waypoints" : {
    "transaction" : "NCPPServerlessEastGFSCorridor20waypoints",
    "sampleCount" : 506,
    "errorCount" : 506,
    "errorPct" : 100.0,
    "meanResTime" : 2250.4229249011846,
    "medianResTime" : 2194.0,
    "minResTime" : 1727.0,
    "maxResTime" : 3444.0,
    "pct1ResTime" : 2600.500000000001,
    "pct2ResTime" : 3067.0,
    "pct3ResTime" : 3324.0,
    "throughput" : 8.129036403945635,
    "receivedKBytesPerSec" : 4.072456714086045,
    "sentKBytesPerSec" : 14.654493361019181
  },
  "NCPPServerlessEastGFSCorridor5waypoints" : {
    "transaction" : "NCPPServerlessEastGFSCorridor5waypoints",
    "sampleCount" : 298,
    "errorCount" : 0,
    "errorPct" : 0.0,
    "meanResTime" : 3847.7785234899334,
    "medianResTime" : 3463.0,
    "minResTime" : 3009.0,
    "maxResTime" : 10099.0,
    "pct1ResTime" : 4092.0,
    "pct2ResTime" : 8412.7,
    "pct3ResTime" : 9225.819999999992,
    "throughput" : 4.69018052473362,
    "receivedKBytesPerSec" : 67.15569028676205,
    "sentKBytesPerSec" : 3.51305513913153
  },
  "NCPPServerlessEastGFSAreaUS-1time-fullzedd" : {
    "transaction" : "NCPPServerlessEastGFSAreaUS-1time-fullzedd",
    "sampleCount" : 222,
    "errorCount" : 0,
    "errorPct" : 0.0,
    "meanResTime" : 5225.783783783785,
    "medianResTime" : 5202.0,
    "minResTime" : 4727.0,
    "maxResTime" : 6888.0,
    "pct1ResTime" : 5621.3,
    "pct2ResTime" : 5691.0,
    "pct3ResTime" : 6660.30000000001,
    "throughput" : 3.405795989751929,
    "receivedKBytesPerSec" : 5893.074743654403,
    "sentKBytesPerSec" : 3.828194515824678
  },