{
  "NCPPServerlessEastGFSPosition-fulltime-fullzedd" : {
    "transaction" : "NCPPServerlessEastGFSPosition-fulltime-fullzedd",
    "sampleCount" : 308,
    "errorCount" : 0,
    "errorPct" : 0.0,
    "meanResTime" : 3712.1233766233736,
    "medianResTime" : 3707.0,
    "minResTime" : 3166.0,
    "maxResTime" : 4919.0,
    "pct1ResTime" : 4005.2000000000007,
    "pct2ResTime" : 4079.0,
    "pct3ResTime" : 4278.0,
    "throughput" : 4.86126456011869,
    "receivedKBytesPerSec" : 937.0467225922536,
    "sentKBytesPerSec" : 2.0508459863000725
  },
  "NCPPServerlessEastGFSAreaUS-1time-1zedd" : {
    "transaction" : "NCPPServerlessEastGFSAreaUS-1time-1zedd",
    "sampleCount" : 746,
    "errorCount" : 0,
    "errorPct" : 0.0,
    "meanResTime" : 1513.1554959785537,
    "medianResTime" : 1507.0,
    "minResTime" : 1020.0,
    "maxResTime" : 2542.0,
    "pct1ResTime" : 1650.2000000000003,
    "pct2ResTime" : 1694.0,
    "pct3ResTime" : 1890.0,
    "throughput" : 12.133632607917765,
    "receivedKBytesPerSec" : 568.7047822431769,
    "sentKBytesPerSec" : 13.697733686282165
  },
  "NCPPServerlessEastGFSTrajectory20waypoints" : {
    "transaction" : "NCPPServerlessEastGFSTrajectory20waypoints",
    "sampleCount" : 350,
    "errorCount" : 0,
    "errorPct" : 0.0,
    "meanResTime" : 3273.0628571428547,
    "medianResTime" : 3241.0,
    "minResTime" : 2631.0,
    "maxResTime" : 5294.0,
    "pct1ResTime" : 3531.0,
    "pct2ResTime" : 3695.0,
    "pct3ResTime" : 4343.0,
    "throughput" : 5.5420084238528045,
    "receivedKBytesPerSec" : 42.620426111172684,
    "sentKBytesPerSec" : 9.649805683329639
  },
  "NCPPServerlessEastGFSPosition-fulltime-1zedd" : {
    "transaction" : "NCPPServerlessEastGFSPosition-fulltime-1zedd",
    "sampleCount" : 768,
    "errorCount" : 0,
    "errorPct" : 0.0,
    "meanResTime" : 1466.497395833333,
    "medianResTime" : 1477.5,
    "minResTime" : 1103.0,
    "maxResTime" : 2501.0,
    "pct1ResTime" : 1600.0,
    "pct2ResTime" : 1638.0,
    "pct3ResTime" : 1758.0,
    "throughput" : 12.516909236109978,
    "receivedKBytesPerSec" : 175.60343563081636,
    "sentKBytesPerSec" : 5.341688804863341
  },
  "NCPPServerlessEastGFSAreaGlobe-1time-1zedd" : {
    "transaction" : "NCPPServerlessEastGFSAreaGlobe-1time-1zedd",
    "sampleCount" : 536,
    "errorCount" : 0,
    "errorPct" : 0.0,
    "meanResTime" : 2120.944029850748,
    "medianResTime" : 2112.0,
    "minResTime" : 1733.0,
    "maxResTime" : 2794.0,
    "pct1ResTime" : 2300.0,
    "pct2ResTime" : 2378.15,
    "pct3ResTime" : 2627.0,
    "throughput" : 8.628461043142304,
    "receivedKBytesPerSec" : 17248.706510584354,
    "sentKBytesPerSec" : 4.491181382807469
  },
  "NCPPServerlessEastCollections" : {
    "transaction" : "NCPPServerlessEastCollections",
    "sampleCount" : 60,
    "errorCount" : 0,
    "errorPct" : 0.0,
    "meanResTime" : 22957.1,
    "medianResTime" : 22166.0,
    "minResTime" : 21201.0,
    "maxResTime" : 26695.0,
    "pct1ResTime" : 25372.2,
    "pct2ResTime" : 25476.0,
    "pct3ResTime" : 26695.0,
    "throughput" : 0.7808941237717186,
    "receivedKBytesPerSec" : 26.34221261469383,
    "sentKBytesPerSec" : 0.12735285026355178
  },
  "NCPPServerlessEastGFSPosition-fulltime-halfzedd" : {
    "transaction" : "NCPPServerlessEastGFSPosition-fulltime-halfzedd",
    "sampleCount" : 452,
    "errorCount" : 0,
    "errorPct" : 0.0,
    "meanResTime" : 2507.831858407078,
    "medianResTime" : 2488.0,
    "minResTime" : 2223.0,
    "maxResTime" : 3041.0,
    "pct1ResTime" : 2680.0,
    "pct2ResTime" : 2776.649999999999,
    "pct3ResTime" : 2930.5799999999995,
    "throughput" : 7.284330631254936,
    "receivedKBytesPerSec" : 751.5024813258449,
    "sentKBytesPerSec" : 3.1015314015890154
  },
  "NCPPServerlessEastNWM-position-1day" : {
    "transaction" : "NCPPServerlessEastNWM-position-1day",
    "sampleCount" : 110,
    "errorCount" : 0,
    "errorPct" : 0.0,
    "meanResTime" : 11208.963636363635,
    "medianResTime" : 11249.0,
    "minResTime" : 8731.0,
    "maxResTime" : 13241.0,
    "pct1ResTime" : 12297.0,
    "pct2ResTime" : 12560.0,
    "pct3ResTime" : 13241.0,
    "throughput" : 1.5832121936124584,
    "receivedKBytesPerSec" : 6.809049317059831,
    "sentKBytesPerSec" : 0.5488675085277566
  },
  "NCPPServerlessEastGFSPosition-1time-fullzedd" : {
    "transaction" : "NCPPServerlessEastGFSPosition-1time-fullzedd",
    "sampleCount" : 306,
    "errorCount" : 0,
    "errorPct" : 0.0,
    "meanResTime" : 3724.000000000001,
    "medianResTime" : 3608.0,
    "minResTime" : 3188.0,
    "maxResTime" : 10215.0,
    "pct1ResTime" : 3988.6,
    "pct2ResTime" : 4602.0,
    "pct3ResTime" : 7006.0,
    "throughput" : 4.796087896931131,
    "receivedKBytesPerSec" : 26.49557542279239,
    "sentKBytesPerSec" : 2.0233495815178206
  },
  "NCPPServerlessEastGFSAreaHalfGlobe-1time-1zedd" : {
    "transaction" : "NCPPServerlessEastGFSAreaHalfGlobe-1time-1zedd",
    "sampleCount" : 574,
    "errorCount" : 0,
    "errorPct" : 0.0,
    "meanResTime" : 1966.3693379790948,
    "medianResTime" : 1861.0,
    "minResTime" : 1487.0,
    "maxResTime" : 4942.0,
    "pct1ResTime" : 2107.0,
    "pct2ResTime" : 2421.5,
    "pct3ResTime" : 4744.0,
    "throughput" : 9.313645951646926,
    "receivedKBytesPerSec" : 8204.339784804479,
    "sentKBytesPerSec" : 4.7841579790686355
  },
  "NCPPServerlessEastGFSTrajectory10waypoints" : {
    "transaction" : "NCPPServerlessEastGFSTrajectory10waypoints",
    "sampleCount" : 334,
    "errorCount" : 0,
    "errorPct" : 0.0,
    "meanResTime" : 3431.5808383233525,
    "medianResTime" : 3378.0,
    "minResTime" : 3021.0,
    "maxResTime" : 4178.0,
    "pct1ResTime" : 3784.0,
    "pct2ResTime" : 3901.0,
    "pct3ResTime" : 4079.0,
    "throughput" : 5.243410414606195,
    "receivedKBytesPerSec" : 27.676399698189925,
    "sentKBytesPerSec" : 5.391905436113597
  },
  "NCPPServerlessEastGFSPosition-halftime-1zedd" : {
    "transaction" : "NCPPServerlessEastGFSPosition-halftime-1zedd",
    "sampleCount" : 766,
    "errorCount" : 0,
    "errorPct" : 0.0,
    "meanResTime" : 1471.9921671018294,
    "medianResTime" : 1475.0,
    "minResTime" : 1012.0,
    "maxResTime" : 1994.0,
    "pct1ResTime" : 1622.0,
    "pct2ResTime" : 1700.0,
    "pct3ResTime" : 1857.0,
    "throughput" : 12.493068467234236,
    "receivedKBytesPerSec" : 106.58149036109208,
    "sentKBytesPerSec" : 5.3315145704896105
  },
  "NCPPServerlessEastGFSCorridor20waypoints" : {
    "transaction" : "NCPPServerlessEastGFSCorridor20waypoints",
    "sampleCount" : 70,
    "errorCount" : 70,
    "errorPct" : 100.0,
    "meanResTime" : 16670.42857142857,
    "medianResTime" : 18494.0,
    "minResTime" : 6483.0,
    "maxResTime" : 21398.0,
    "pct1ResTime" : 20501.0,
    "pct2ResTime" : 20700.0,
    "pct3ResTime" : 21398.0,
    "throughput" : 1.032539752780482,
    "receivedKBytesPerSec" : 0.5172782159925657,
    "sentKBytesPerSec" : 1.8613949058913768
  },
  "NCPPServerlessEastGFSCorridor5waypoints" : {
    "transaction" : "NCPPServerlessEastGFSCorridor5waypoints",
    "sampleCount" : 44,
    "errorCount" : 40,
    "errorPct" : 90.90909,
    "meanResTime" : 29035.272727272724,
    "medianResTime" : 29070.0,
    "minResTime" : 27950.0,
    "maxResTime" : 29148.0,
    "pct1ResTime" : 29145.5,
    "pct2ResTime" : 29147.5,
    "pct3ResTime" : 29148.0,
    "throughput" : 0.5048824427130547,
    "receivedKBytesPerSec" : 0.8911641269549851,
    "sentKBytesPerSec" : 0.378168782774329
  },
  "NCPPServerlessEastGFSAreaUS-1time-fullzedd" : {
    "transaction" : "NCPPServerlessEastGFSAreaUS-1time-fullzedd",
    "sampleCount" : 198,
    "errorCount" : 0,
    "errorPct" : 0.0,
    "meanResTime" : 5892.777777777782,
    "medianResTime" : 5839.0,
    "minResTime" : 5247.0,
    "maxResTime" : 7022.0,
    "pct1ResTime" : 6334.0,
    "pct2ResTime" : 6541.0,
    "pct3ResTime" : 7022.0,
    "throughput" : 3.0070620396385452,
    "receivedKBytesPerSec" : 5203.142352541955,
    "sentKBytesPerSec" : 3.3800082105702787
  },