{
  "WIFSOpmetNamCarAllDataVarFiveMinuteTAC" : {
    "transaction" : "WIFSOpmetNamCarAllDataVarFiveMinuteTAC",
    "sampleCount" : 7752,
    "errorCount" : 8,
    "errorPct" : 0.10319918,
    "meanResTime" : 765.2329721362206,
    "medianResTime" : 582.0,
    "minResTime" : 216.0,
    "maxResTime" : 31530.0,
    "pct1ResTime" : 1243.0,
    "pct2ResTime" : 1547.3499999999995,
    "pct3ResTime" : 2449.4700000000003,
    "throughput" : 2.1546033523093335,
    "receivedKBytesPerSec" : 0.7678071803713188,
    "sentKBytesPerSec" : 0.6417519750530729
  },
  "WIFSGriddedHighResCubeFullTimeFullVertUSA" : {
    "transaction" : "WIFSGriddedHighResCubeFullTimeFullVertUSA",
    "sampleCount" : 3248,
    "errorCount" : 2,
    "errorPct" : 0.061576355,
    "meanResTime" : 10326.368842364538,
    "medianResTime" : 6869.0,
    "minResTime" : 795.0,
    "maxResTime" : 60000.0,
    "pct1ResTime" : 23802.0,
    "pct2ResTime" : 30188.6,
    "pct3ResTime" : 45416.009999999944,
    "throughput" : 0.8978070068750788,
    "receivedKBytesPerSec" : 1184.2660395326013,
    "sentKBytesPerSec" : 0.3156352758545199
  },
  "WIFSOpmetEurNatAllDataVarOneMinuteIWXXM" : {
    "transaction" : "WIFSOpmetEurNatAllDataVarOneMinuteIWXXM",
    "sampleCount" : 7749,
    "errorCount" : 0,
    "errorPct" : 0.0,
    "meanResTime" : 352.34494773519106,
    "medianResTime" : 204.0,
    "minResTime" : 75.0,
    "maxResTime" : 16184.0,
    "pct1ResTime" : 755.0,
    "pct2ResTime" : 1021.5,
    "pct3ResTime" : 1664.0,
    "throughput" : 2.1553744312901735,
    "receivedKBytesPerSec" : 0.7724828284018492,
    "sentKBytesPerSec" : 0.6251427793878725
  },
  "WIFSGriddedHighResCubeFullTimeFullVertRoughlyGlobal" : {
    "transaction" : "WIFSGriddedHighResCubeFullTimeFullVertRoughlyGlobal",
    "sampleCount" : 3223,
    "errorCount" : 10,
    "errorPct" : 0.31026992,
    "meanResTime" : 16490.23921811973,
    "medianResTime" : 13364.0,
    "minResTime" : 4591.0,
    "maxResTime" : 60002.0,
    "pct1ResTime" : 29971.0,
    "pct2ResTime" : 36231.19999999998,
    "pct3ResTime" : 51116.32,
    "throughput" : 0.8930840161237272,
    "receivedKBytesPerSec" : 23235.691473531562,
    "sentKBytesPerSec" : 0.3122305446995062
  },
  "WIFSGriddedLowResCubeFullTimeFullVertUSA" : {
    "transaction" : "WIFSGriddedLowResCubeFullTimeFullVertUSA",
    "sampleCount" : 3203,
    "errorCount" : 0,
    "errorPct" : 0.0,
    "meanResTime" : 9017.835154542587,
    "medianResTime" : 5411.0,
    "minResTime" : 630.0,
    "maxResTime" : 56782.0,
    "pct1ResTime" : 22328.199999999997,
    "pct2ResTime" : 29327.999999999996,
    "pct3ResTime" : 44312.20000000001,
    "throughput" : 0.8907480670794754,
    "receivedKBytesPerSec" : 66.20577280633475,
    "sentKBytesPerSec" : 0.3009754211030259
  },
  "WIFSOpmetNamCarAllDataVarOneMinuteTAC" : {
    "transaction" : "WIFSOpmetNamCarAllDataVarOneMinuteTAC",
    "sampleCount" : 7755,
    "errorCount" : 0,
    "errorPct" : 0.0,
    "meanResTime" : 314.93139909735663,
    "medianResTime" : 192.0,
    "minResTime" : 75.0,
    "maxResTime" : 9455.0,
    "pct1ResTime" : 677.0,
    "pct2ResTime" : 938.1999999999998,
    "pct3ResTime" : 1471.4399999999996,
    "throughput" : 2.155141868362101,
    "receivedKBytesPerSec" : 0.7681902167501627,
    "sentKBytesPerSec" : 0.6419123729008209
  },
  "WIFSOpmetGlobalAllDataVarOneMinuteTAC" : {
    "transaction" : "WIFSOpmetGlobalAllDataVarOneMinuteTAC",
    "sampleCount" : 7760,
    "errorCount" : 0,
    "errorPct" : 0.0,
    "meanResTime" : 313.5131443298972,
    "medianResTime" : 193.0,
    "minResTime" : 75.0,
    "maxResTime" : 16339.0,
    "pct1ResTime" : 669.9000000000005,
    "pct2ResTime" : 934.0,
    "pct3ResTime" : 1461.1200000000026,
    "throughput" : 2.155520228974025,
    "receivedKBytesPerSec" : 0.7662200813931105,
    "sentKBytesPerSec" : 0.6399200679766637
  },
  "WIFSOpmetGlobalAllDataVarFiveMinuteTAC" : {
    "transaction" : "WIFSOpmetGlobalAllDataVarFiveMinuteTAC",
    "sampleCount" : 7757,
    "errorCount" : 4,
    "errorPct" : 0.05156633,
    "meanResTime" : 741.0511795797352,
    "medianResTime" : 576.0,
    "minResTime" : 216.0,
    "maxResTime" : 30612.0,
    "pct1ResTime" : 1216.0,
    "pct2ResTime" : 1531.0,
    "pct3ResTime" : 2335.2000000000007,
    "throughput" : 2.154925144339981,
    "receivedKBytesPerSec" : 0.765980604232593,
    "sentKBytesPerSec" : 0.6397434022259318
  },
  "WIFSGriddedHighResCubeFullTimeFullVertNorthAmerica" : {
    "transaction" : "WIFSGriddedHighResCubeFullTimeFullVertNorthAmerica",
    "sampleCount" : 3245,
    "errorCount" : 1,
    "errorPct" : 0.03081664,
    "meanResTime" : 11221.005546995333,
    "medianResTime" : 7630.0,
    "minResTime" : 1256.0,
    "maxResTime" : 59976.0,
    "pct1ResTime" : 25214.200000000004,
    "pct2ResTime" : 31644.499999999985,
    "pct3ResTime" : 45653.619999999995,
    "throughput" : 0.891470536280653,
    "receivedKBytesPerSec" : 4323.1956026593225,
    "sentKBytesPerSec" : 0.31427818710675365
  },
  "WIFSOpmetGlobalAllDataVarOneMinuteIWXXM" : {
    "transaction" : "WIFSOpmetGlobalAllDataVarOneMinuteIWXXM",
    "sampleCount" : 7757,
    "errorCount" : 2,
    "errorPct" : 0.025783164,
    "meanResTime" : 360.3710197241205,
    "medianResTime" : 202.0,
    "minResTime" : 75.0,
    "maxResTime" : 31059.0,
    "pct1ResTime" : 761.1999999999998,
    "pct2ResTime" : 1015.0999999999995,
    "pct3ResTime" : 1671.7200000000012,
    "throughput" : 2.1550843961276827,
    "receivedKBytesPerSec" : 0.7702260119408956,
    "sentKBytesPerSec" : 0.6229540832556583
  },
  "WIFSOpmetEurNatAllDataVarOneMinuteTAC" : {
    "transaction" : "WIFSOpmetEurNatAllDataVarOneMinuteTAC",
    "sampleCount" : 7749,
    "errorCount" : 0,
    "errorPct" : 0.0,
    "meanResTime" : 323.7514518002331,
    "medianResTime" : 191.0,
    "minResTime" : 75.0,
    "maxResTime" : 31584.0,
    "pct1ResTime" : 678.0,
    "pct2ResTime" : 939.5,
    "pct3ResTime" : 1587.0,
    "throughput" : 2.155330667610128,
    "receivedKBytesPerSec" : 0.7682575133571257,
    "sentKBytesPerSec" : 0.6419686070518448
  },
  "WIFSGriddedLowResItemGlobal" : {
    "transaction" : "WIFSGriddedLowResItemGlobal",
    "sampleCount" : 3249,
    "errorCount" : 0,
    "errorPct" : 0.0,
    "meanResTime" : 506.67497691597566,
    "medianResTime" : 192.0,
    "minResTime" : 60.0,
    "maxResTime" : 33213.0,
    "pct1ResTime" : 981.0,
    "pct2ResTime" : 1309.5,
    "pct3ResTime" : 3255.5,
    "throughput" : 0.9024984958358403,
    "receivedKBytesPerSec" : 40.56267355222811,
    "sentKBytesPerSec" : 0.19830289215142977
  },
  "WIFSOpmetNamCarAllDataVarFiveMinuteIWXXM" : {
    "transaction" : "WIFSOpmetNamCarAllDataVarFiveMinuteIWXXM",
    "sampleCount" : 7750,
    "errorCount" : 5,
    "errorPct" : 0.06451613,
    "meanResTime" : 704.0637419354837,
    "medianResTime" : 542.0,
    "minResTime" : 215.0,
    "maxResTime" : 46474.0,
    "pct1ResTime" : 1122.0,
    "pct2ResTime" : 1444.0,
    "pct3ResTime" : 2315.9199999999983,
    "throughput" : 2.154440886450957,
    "receivedKBytesPerSec" : 0.7720260827733408,
    "sentKBytesPerSec" : 0.6248720149179047
  },
  "WIFSOpmetEurNatAllDataVarFiveMinuteTAC" : {
    "transaction" : "WIFSOpmetEurNatAllDataVarFiveMinuteTAC",
    "sampleCount" : 7749,
    "errorCount" : 8,
    "errorPct" : 0.10323913,
    "meanResTime" : 762.4763195251005,
    "medianResTime" : 578.0,
    "minResTime" : 228.0,
    "maxResTime" : 33589.0,
    "pct1ResTime" : 1237.0,
    "pct2ResTime" : 1533.0,
    "pct3ResTime" : 2406.0,
    "throughput" : 2.1546678352497985,
    "receivedKBytesPerSec" : 0.7678300853143079,
    "sentKBytesPerSec" : 0.641771181397645
  },
  "WIFSGriddedLowResCubeFullTimeFullVertRoughlyGlobal" : {
    "transaction" : "WIFSGriddedLowResCubeFullTimeFullVertRoughlyGlobal",
    "sampleCount" : 3177,
    "errorCount" : 0,
    "errorPct" : 0.0,
    "meanResTime" : 9841.944287063256,
    "medianResTime" : 6323.0,
    "minResTime" : 882.0,
    "maxResTime" : 58443.0,
    "pct1ResTime" : 23810.400000000023,