{
  "NDFD_Line_Summaries_24Hourly_REST" : {
    "transaction" : "NDFD_Line_Summaries_24Hourly_REST",
    "sampleCount" : 13859,
    "errorCount" : 0,
    "errorPct" : 0.0,
    "meanResTime" : 199.4718955191576,
    "medianResTime" : 95.0,
    "minResTime" : 57.0,
    "maxResTime" : 5859.0,
    "pct1ResTime" : 332.0,
    "pct2ResTime" : 1086.0,
    "pct3ResTime" : 1760.0,
    "throughput" : 227.8578827088437,
    "receivedKBytesPerSec" : 172.6735517402956,
    "sentKBytesPerSec" : 106.80838251977048
  },
  "NDFD_1Point-wspd-wdir_REST" : {
    "transaction" : "NDFD_1Point-wspd-wdir_REST",
    "sampleCount" : 8679,
    "errorCount" : 0,
    "errorPct" : 0.0,
    "meanResTime" : 320.17905288627855,
    "medianResTime" : 111.0,
    "minResTime" : 67.0,
    "maxResTime" : 15396.0,
    "pct1ResTime" : 1018.0,
    "pct2ResTime" : 1134.0,
    "pct3ResTime" : 2755.4000000000124,
    "throughput" : 135.3534723413546,
    "receivedKBytesPerSec" : 655.3540194027698,
    "sentKBytesPerSec" : 48.378291872007615
  },
  "NDFD_1Point-conhazo-ptotsvrtstm_REST" : {
    "transaction" : "NDFD_1Point-conhazo-ptotsvrtstm_REST",
    "sampleCount" : 6043,
    "errorCount" : 0,
    "errorPct" : 0.0,
    "meanResTime" : 463.3878868111849,
    "medianResTime" : 190.0,
    "minResTime" : 67.0,
    "maxResTime" : 62678.0,
    "pct1ResTime" : 1123.6000000000004,
    "pct2ResTime" : 1616.4000000000015,
    "pct3ResTime" : 3245.0,
    "throughput" : 72.92496319358965,
    "receivedKBytesPerSec" : 704.4665389755751,
    "sentKBytesPerSec" : 27.987803256914777
  },
  "NDFD_MultiCitiesLevel3-sky-icons-dryfireo-phail-pxhail-pxtstmwinds-tmpabv90d-tcsurge-tctornado-snowlvl-snow48e10-snow72e90-ceil-llwswindspd_REST" : {
    "transaction" : "NDFD_MultiCitiesLevel3-sky-icons-dryfireo-phail-pxhail-pxtstmwinds-tmpabv90d-tcsurge-tctornado-snowlvl-snow48e10-snow72e90-ceil-llwswindspd_REST",
    "sampleCount" : 66,
    "errorCount" : 0,
    "errorPct" : 0.0,
    "meanResTime" : 45179.66666666667,
    "medianResTime" : 55708.0,
    "minResTime" : 4932.0,
    "maxResTime" : 66305.0,
    "pct1ResTime" : 62978.3,
    "pct2ResTime" : 65017.299999999996,
    "pct3ResTime" : 66305.0,
    "throughput" : 0.9256142712891282,
    "receivedKBytesPerSec" : 551.1020594917536,
    "sentKBytesPerSec" : 0.5269854689077751
  },
  "NDFD_CityLevel1234_Summaries_24hourly_REST" : {
    "transaction" : "NDFD_CityLevel1234_Summaries_24hourly_REST",
    "sampleCount" : 227,
    "errorCount" : 0,
    "errorPct" : 0.0,
    "meanResTime" : 13109.251101321577,
    "medianResTime" : 5980.0,
    "minResTime" : 1121.0,
    "maxResTime" : 92470.0,
    "pct1ResTime" : 36098.200000000004,
    "pct2ResTime" : 44876.19999999998,
    "pct3ResTime" : 80438.19999999998,
    "throughput" : 2.454850221693522,
    "receivedKBytesPerSec" : 713.9286833736618,
    "sentKBytesPerSec" : 0.8390601343679032
  },
  "NDFD_line_glance_SOAP" : {
    "transaction" : "NDFD_line_glance_SOAP",
    "sampleCount" : 269,
    "errorCount" : 0,
    "errorPct" : 0.0,
    "meanResTime" : 11028.31598513011,
    "medianResTime" : 9019.0,
    "minResTime" : 658.0,
    "maxResTime" : 74702.0,
    "pct1ResTime" : 18108.0,
    "pct2ResTime" : 22754.5,
    "pct3ResTime" : 65695.80000000002,
    "throughput" : 3.2925739605135926,
    "receivedKBytesPerSec" : 1340.2448029504646,
    "sentKBytesPerSec" : 1.1864841713178864
  },
  "NDFD_MultiPoint_AllElems_REST" : {
    "transaction" : "NDFD_MultiPoint_AllElems_REST",
    "sampleCount" : 50,
    "errorCount" : 50,
    "errorPct" : 100.0,
    "meanResTime" : 60074.24,
    "medianResTime" : 60071.0,
    "minResTime" : 60067.0,
    "maxResTime" : 60135.0,
    "pct1ResTime" : 60078.8,
    "pct2ResTime" : 60099.75,
    "pct3ResTime" : 60135.0,
    "throughput" : 0.7157069037087932,
    "receivedKBytesPerSec" : 0.2711858189834099,
    "sentKBytesPerSec" : 0.3068313776642189
  },
  "NDFD_1Point_maxt_SOAP" : {
    "transaction" : "NDFD_1Point_maxt_SOAP",
    "sampleCount" : 9347,
    "errorCount" : 0,
    "errorPct" : 0.0,
    "meanResTime" : 296.54381084839986,
    "medianResTime" : 113.0,
    "minResTime" : 66.0,
    "maxResTime" : 10258.0,
    "pct1ResTime" : 959.4000000000051,
    "pct2ResTime" : 1130.0,
    "pct3ResTime" : 2473.040000000001,
    "throughput" : 146.949235147075,
    "receivedKBytesPerSec" : 411.8596727266653,
    "sentKBytesPerSec" : 47.069676883047464
  },
  "NDFD_1Point_ptotsvrtsm_SOAP" : {
    "transaction" : "NDFD_1Point_ptotsvrtsm_SOAP",
    "sampleCount" : 9251,
    "errorCount" : 5,
    "errorPct" : 0.05404821,
    "meanResTime" : 300.03156415522824,
    "medianResTime" : 116.0,
    "minResTime" : 2.0,
    "maxResTime" : 15487.0,
    "pct1ResTime" : 685.0,
    "pct2ResTime" : 1136.0,
    "pct3ResTime" : 2696.399999999998,
    "throughput" : 150.085985917778,
    "receivedKBytesPerSec" : 458.5641891720611,
    "sentKBytesPerSec" : 48.634390513968654
  },
  "NDFD_MultiPoint_waveh-wdir-wgust-wspd_SOAP" : {
    "transaction" : "NDFD_MultiPoint_waveh-wdir-wgust-wspd_SOAP",
    "sampleCount" : 896,
    "errorCount" : 0,
    "errorPct" : 0.0,
    "meanResTime" : 3217.8370535714266,
    "medianResTime" : 1871.0,
    "minResTime" : 292.0,
    "maxResTime" : 62994.0,
    "pct1ResTime" : 6627.700000000002,
    "pct2ResTime" : 9204.199999999997,
    "pct3ResTime" : 23236.5999999999,
    "throughput" : 11.853419764519117,
    "receivedKBytesPerSec" : 1156.576597433523,
    "sentKBytesPerSec" : 14.214843233231909
  },
  "NDFD_MultiPoint_Glance_SOAP" : {
    "transaction" : "NDFD_MultiPoint_Glance_SOAP",
    "sampleCount" : 986,
    "errorCount" : 0,
    "errorPct" : 0.0,
    "meanResTime" : 3005.4563894523335,
    "medianResTime" : 1014.5,
    "minResTime" : 214.0,
    "maxResTime" : 71320.0,
    "pct1ResTime" : 7329.300000000001,
    "pct2ResTime" : 14506.04999999999,
    "pct3ResTime" : 30939.349999999995,
    "throughput" : 11.880376894715281,
    "receivedKBytesPerSec" : 743.7997682814421,
    "sentKBytesPerSec" : 4.4203355438344945
  },
  "NDFD_bbox_glance_REST" : {
    "transaction" : "NDFD_bbox_glance_REST",
    "sampleCount" : 231,
    "errorCount" : 0,
    "errorPct" : 0.0,
    "meanResTime" : 12957.675324675327,
    "medianResTime" : 10206.0,
    "minResTime" : 2516.0,
    "maxResTime" : 74155.0,
    "pct1ResTime" : 21882.800000000007,
    "pct2ResTime" : 31899.79999999995,
    "pct3ResTime" : 69066.60000000002,
    "throughput" : 2.542596750759477,
    "receivedKBytesPerSec" : 1034.9659938003565,
    "sentKBytesPerSec" : 0.9162287119436006
  },
  "Total" : {
    "transaction" : "Total",
    "sampleCount" : 52495,
    "errorCount" : 55,
    "errorPct" : 0.10477188,
    "meanResTime" : 770.4117154014716,
    "medianResTime" : 120.0,
    "minResTime" : 2.0,
    "maxResTime" : 92470.0,
    "pct1ResTime" : 2029.9000000000015,
    "pct2ResTime" : 5609.0,
    "pct3ResTime" : 28526.790000000354,
    "throughput" : 49.41691895229919,
    "receivedKBytesPerSec" : 745.62760735848,
    "sentKBytesPerSec" : 19.39459405664942
  },
  "NDFD_bbox_Summaries_12Hourly_SOAP" : {
    "transaction" : "NDFD_bbox_Summaries_12Hourly_SOAP",
    "sampleCount" : 427,
    "errorCount" : 0,
    "errorPct" : 0.0,
    "meanResTime" : 6884.086651053862,
    "medianResTime" : 4386.0,
    "minResTime" : 704.0,
    "maxResTime" : 71166.0,
    "pct1ResTime" : 13587.599999999999,
    "pct2ResTime" : 22316.79999999997,
    "pct3ResTime" : 44435.79999999981,
    "throughput" : 5.063261119609169,
    "receivedKBytesPerSec" : 1099.627578505745,
    "sentKBytesPerSec" : 2.0421160570298698
  },
  "NDFD_MultiZip-glance_REST" : {
    "transaction" : "NDFD_MultiZip-glance_REST",
    "sampleCount" : 2164,
    "errorCount" : 0,
    "errorPct" : 0.0,
    "meanResTime" : 1314.4782809611827,
    "medianResTime" : 464.0,
    "minResTime" : 131.0,
    "maxResTime" : 59405.0,
    "pct1ResTime" : 3027.5,
    "pct2ResTime" : 4470.0,
    "pct3ResTime" : 12065.8,
    "throughput" : 27.019940316398007,
    "receivedKBytesPerSec" : 948.4421237623144,