{
  "WIFSOpmetNamCarAllDataVarFiveMinuteTAC" : {
    "transaction" : "WIFSOpmetNamCarAllDataVarFiveMinuteTAC",
    "sampleCount" : 26768,
    "errorCount" : 2,
    "errorPct" : 0.007471608,
    "meanResTime" : 226.43219515839883,
    "medianResTime" : 161.0,
    "minResTime" : 96.0,
    "maxResTime" : 60001.0,
    "pct1ResTime" : 256.0,
    "pct2ResTime" : 284.0,
    "pct3ResTime" : 381.9900000000016,
    "throughput" : 7.438429682135514,
    "receivedKBytesPerSec" : 2.6513537722144864,
    "sentKBytesPerSec" : 2.215547903370441
  },
  "WIFSGriddedHighResCubeFullTimeFullVertUSA" : {
    "transaction" : "WIFSGriddedHighResCubeFullTimeFullVertUSA",
    "sampleCount" : 1585,
    "errorCount" : 0,
    "errorPct" : 0.0,
    "meanResTime" : 22306.07003154579,
    "medianResTime" : 24171.0,
    "minResTime" : 1349.0,
    "maxResTime" : 49459.0,
    "pct1ResTime" : 40225.200000000004,
    "pct2ResTime" : 42460.89999999999,
    "pct3ResTime" : 45759.14,
    "throughput" : 0.4367133476957378,
    "receivedKBytesPerSec" : 0.12495801843247187,
    "sentKBytesPerSec" : 0.15353203629928283
  },
  "WIFSOpmetEurNatAllDataVarOneMinuteIWXXM" : {
    "transaction" : "WIFSOpmetEurNatAllDataVarOneMinuteIWXXM",
    "sampleCount" : 26765,
    "errorCount" : 1,
    "errorPct" : 0.0037362226,
    "meanResTime" : 85.86422566784985,
    "medianResTime" : 57.0,
    "minResTime" : 33.0,
    "maxResTime" : 60002.0,
    "pct1ResTime" : 90.0,
    "pct2ResTime" : 101.0,
    "pct3ResTime" : 143.0,
    "throughput" : 7.439173327596567,
    "receivedKBytesPerSec" : 2.6661677396697914,
    "sentKBytesPerSec" : 2.157650857711114
  },
  "WIFSGriddedHighResCubeFullTimeFullVertRoughlyGlobal" : {
    "transaction" : "WIFSGriddedHighResCubeFullTimeFullVertRoughlyGlobal",
    "sampleCount" : 1560,
    "errorCount" : 0,
    "errorPct" : 0.0,
    "meanResTime" : 26941.980769230766,
    "medianResTime" : 29206.5,
    "minResTime" : 5137.0,
    "maxResTime" : 54416.0,
    "pct1ResTime" : 46037.4,
    "pct2ResTime" : 48063.0,
    "pct3ResTime" : 50677.46,
    "throughput" : 0.430499569914372,
    "receivedKBytesPerSec" : 0.12318005271963964,
    "sentKBytesPerSec" : 0.15050668557553237
  },
  "WIFSGriddedLowResCubeFullTimeFullVertUSA" : {
    "transaction" : "WIFSGriddedLowResCubeFullTimeFullVertUSA",
    "sampleCount" : 1545,
    "errorCount" : 0,
    "errorPct" : 0.0,
    "meanResTime" : 22458.590938511294,
    "medianResTime" : 26029.0,
    "minResTime" : 1272.0,
    "maxResTime" : 49132.0,
    "pct1ResTime" : 40624.0,
    "pct2ResTime" : 42462.5,
    "pct3ResTime" : 45028.94,
    "throughput" : 0.4271240644738937,
    "receivedKBytesPerSec" : 0.12221420985434656,
    "sentKBytesPerSec" : 0.14432121709762424
  },
  "WIFSOpmetNamCarAllDataVarOneMinuteTAC" : {
    "transaction" : "WIFSOpmetNamCarAllDataVarOneMinuteTAC",
    "sampleCount" : 26769,
    "errorCount" : 0,
    "errorPct" : 0.0,
    "meanResTime" : 83.00650005603575,
    "medianResTime" : 57.0,
    "minResTime" : 34.0,
    "maxResTime" : 5110.0,
    "pct1ResTime" : 90.0,
    "pct2ResTime" : 101.0,
    "pct3ResTime" : 139.0,
    "throughput" : 7.438529800385973,
    "receivedKBytesPerSec" : 2.651429079239141,
    "sentKBytesPerSec" : 2.215577723747775
  },
  "WIFSOpmetGlobalAllDataVarOneMinuteTAC" : {
    "transaction" : "WIFSOpmetGlobalAllDataVarOneMinuteTAC",
    "sampleCount" : 26775,
    "errorCount" : 0,
    "errorPct" : 0.0,
    "meanResTime" : 83.1607096171795,
    "medianResTime" : 57.0,
    "minResTime" : 33.0,
    "maxResTime" : 3143.0,
    "pct1ResTime" : 90.0,
    "pct2ResTime" : 101.0,
    "pct3ResTime" : 144.0,
    "throughput" : 7.437473142458097,
    "receivedKBytesPerSec" : 2.643789281108152,
    "sentKBytesPerSec" : 2.2079998391672473
  },
  "WIFSOpmetGlobalAllDataVarFiveMinuteTAC" : {
    "transaction" : "WIFSOpmetGlobalAllDataVarFiveMinuteTAC",
    "sampleCount" : 26773,
    "errorCount" : 1,
    "errorPct" : 0.0037351062,
    "meanResTime" : 220.44612109214512,
    "medianResTime" : 161.0,
    "minResTime" : 95.0,
    "maxResTime" : 60002.0,
    "pct1ResTime" : 253.0,
    "pct2ResTime" : 284.0,
    "pct3ResTime" : 361.0,
    "throughput" : 7.437830785946437,
    "receivedKBytesPerSec" : 2.643896878614146,
    "sentKBytesPerSec" : 2.208106014577848
  },
  "WIFSGriddedHighResCubeFullTimeFullVertNorthAmerica" : {
    "transaction" : "WIFSGriddedHighResCubeFullTimeFullVertNorthAmerica",
    "sampleCount" : 1577,
    "errorCount" : 0,
    "errorPct" : 0.0,
    "meanResTime" : 22858.58972733034,
    "medianResTime" : 25213.0,
    "minResTime" : 1659.0,
    "maxResTime" : 48468.0,
    "pct1ResTime" : 40564.0,
    "pct2ResTime" : 42410.1,
    "pct3ResTime" : 45190.64,
    "throughput" : 0.4347497666355882,
    "receivedKBytesPerSec" : 0.12439617346115951,
    "sentKBytesPerSec" : 0.15326627515180405
  },
  "WIFSOpmetGlobalAllDataVarOneMinuteIWXXM" : {
    "transaction" : "WIFSOpmetGlobalAllDataVarOneMinuteIWXXM",
    "sampleCount" : 26773,
    "errorCount" : 2,
    "errorPct" : 0.0074702124,
    "meanResTime" : 87.79281365554849,
    "medianResTime" : 57.0,
    "minResTime" : 34.0,
    "maxResTime" : 60000.0,
    "pct1ResTime" : 90.0,
    "pct2ResTime" : 101.0,
    "pct3ResTime" : 141.0,
    "throughput" : 7.437677882124487,
    "receivedKBytesPerSec" : 2.6583486227461317,
    "sentKBytesPerSec" : 2.1499537628016094
  },
  "WIFSOpmetEurNatAllDataVarOneMinuteTAC" : {
    "transaction" : "WIFSOpmetEurNatAllDataVarOneMinuteTAC",
    "sampleCount" : 26765,
    "errorCount" : 0,
    "errorPct" : 0.0,
    "meanResTime" : 83.81494489071562,
    "medianResTime" : 57.0,
    "minResTime" : 34.0,
    "maxResTime" : 5113.0,
    "pct1ResTime" : 91.0,
    "pct2ResTime" : 102.0,
    "pct3ResTime" : 140.0,
    "throughput" : 7.439030660813277,
    "receivedKBytesPerSec" : 2.6516076085906697,
    "sentKBytesPerSec" : 2.215726905808642
  },
  "WIFSGriddedLowResItemGlobal" : {
    "transaction" : "WIFSGriddedLowResItemGlobal",
    "sampleCount" : 1585,
    "errorCount" : 0,
    "errorPct" : 0.0,
    "meanResTime" : 165.8258675078864,
    "medianResTime" : 131.0,
    "minResTime" : 46.0,
    "maxResTime" : 2575.0,
    "pct1ResTime" : 351.4000000000001,
    "pct2ResTime" : 433.0,
    "pct3ResTime" : 733.7199999999939,
    "throughput" : 0.44102887445257466,
    "receivedKBytesPerSec" : 7.111750649595881,
    "sentKBytesPerSec" : 0.0969057585467083
  },
  "WIFSOpmetNamCarAllDataVarFiveMinuteIWXXM" : {
    "transaction" : "WIFSOpmetNamCarAllDataVarFiveMinuteIWXXM",
    "sampleCount" : 26767,
    "errorCount" : 3,
    "errorPct" : 0.01120783,
    "meanResTime" : 226.98524302312455,
    "medianResTime" : 161.0,
    "minResTime" : 94.0,
    "maxResTime" : 60001.0,
    "pct1ResTime" : 255.0,
    "pct2ResTime" : 283.0,
    "pct3ResTime" : 388.9900000000016,
    "throughput" : 7.4386954450739315,
    "receivedKBytesPerSec" : 2.665955761341461,
    "sentKBytesPerSec" : 2.1575122531122632
  },
  "WIFSOpmetEurNatAllDataVarFiveMinuteTAC" : {
    "transaction" : "WIFSOpmetEurNatAllDataVarFiveMinuteTAC",
    "sampleCount" : 26764,
    "errorCount" : 3,
    "errorPct" : 0.0112090865,
    "meanResTime" : 225.14732476460924,
    "medianResTime" : 161.0,
    "minResTime" : 94.0,
    "maxResTime" : 60002.0,
    "pct1ResTime" : 252.0,
    "pct2ResTime" : 282.0,
    "pct3ResTime" : 379.9900000000016,
    "throughput" : 7.438899518711762,
    "receivedKBytesPerSec" : 2.651501420451387,
    "sentKBytesPerSec" : 2.2156878449287962
  },
  "WIFSGriddedLowResCubeFullTimeFullVertRoughlyGlobal" : {
    "transaction" : "WIFSGriddedLowResCubeFullTimeFullVertRoughlyGlobal",
    "sampleCount" : 1513,
    "errorCount" : 0,
    "errorPct" : 0.0,
    "meanResTime" : 23334.956378056886,
    "medianResTime" : 26621.0,
    "minResTime" : 1763.0,
    "maxResTime" : 49752.0,
    "pct1ResTime" : 41206.8,
    "pct2ResTime" : 43119.399999999994,
    "pct3ResTime" : 46252.659999999996,
    "throughput" : 0.420395722133154,
    "receivedKBytesPerSec" : 0.12028901033692786,