{
  "WIFSGriddedHighResCubeFullTimeFullVertUSA" : {
    "transaction" : "WIFSGriddedHighResCubeFullTimeFullVertUSA",
    "sampleCount" : 1710,
    "errorCount" : 866,
    "errorPct" : 50.643276,
    "meanResTime" : 44319.21988304097,
    "medianResTime" : 34762.5,
    "minResTime" : 1.0,
    "maxResTime" : 97303.0,
    "pct1ResTime" : 90002.0,
    "pct2ResTime" : 90002.0,
    "pct3ResTime" : 91029.78,
    "throughput" : 0.4706558465364684,
    "receivedKBytesPerSec" : 251.7010264142176,
    "sentKBytesPerSec" : 0.16546494604797718
  },
  "WIFSOpmetNamCarAllDataVarFiveMinuteTAC" : {
    "transaction" : "WIFSOpmetNamCarAllDataVarFiveMinuteTAC",
    "sampleCount" : 20288,
    "errorCount" : 0,
    "errorPct" : 0.0,
    "meanResTime" : 282.42626182965245,
    "medianResTime" : 223.0,
    "minResTime" : 140.0,
    "maxResTime" : 4683.0,
    "pct1ResTime" : 388.0,
    "pct2ResTime" : 568.0,
    "pct3ResTime" : 1030.9800000000032,
    "throughput" : 5.640986572071889,
    "receivedKBytesPerSec" : 96.04550867585291,
    "sentKBytesPerSec" : 1.680176664533131
  },
  "WIFSOpmetEurNatAllDataVarOneMinuteIWXXM" : {
    "transaction" : "WIFSOpmetEurNatAllDataVarOneMinuteIWXXM",
    "sampleCount" : 20285,
    "errorCount" : 0,
    "errorPct" : 0.0,
    "meanResTime" : 120.55977323145197,
    "medianResTime" : 76.0,
    "minResTime" : 47.0,
    "maxResTime" : 4062.0,
    "pct1ResTime" : 150.0,
    "pct2ResTime" : 331.9500000000007,
    "pct3ResTime" : 757.9800000000032,
    "throughput" : 5.64509508443988,
    "receivedKBytesPerSec" : 2.0231932578021836,
    "sentKBytesPerSec" : 1.6372980860143012
  },
  "WIFSGriddedHighResCubeFullTimeFullVertRoughlyGlobal" : {
    "transaction" : "WIFSGriddedHighResCubeFullTimeFullVertRoughlyGlobal",
    "sampleCount" : 1651,
    "errorCount" : 985,
    "errorPct" : 59.660812,
    "meanResTime" : 52172.75832828592,
    "medianResTime" : 52288.0,
    "minResTime" : 1.0,
    "maxResTime" : 97304.0,
    "pct1ResTime" : 90003.0,
    "pct2ResTime" : 90003.0,
    "pct3ResTime" : 94989.96000000008,
    "throughput" : 0.46032312955043075,
    "receivedKBytesPerSec" : 4070.9710280057034,
    "sentKBytesPerSec" : 0.16093328162017012
  },
  "WIFSGriddedLowResCubeFullTimeFullVertUSA" : {
    "transaction" : "WIFSGriddedLowResCubeFullTimeFullVertUSA",
    "sampleCount" : 1623,
    "errorCount" : 969,
    "errorPct" : 59.70425,
    "meanResTime" : 46827.953789279105,
    "medianResTime" : 37205.0,
    "minResTime" : 1.0,
    "maxResTime" : 97302.0,
    "pct1ResTime" : 90003.0,
    "pct2ResTime" : 90003.0,
    "pct3ResTime" : 93043.0,
    "throughput" : 0.4655044829544477,
    "receivedKBytesPerSec" : 23.56127763171009,
    "sentKBytesPerSec" : 0.15728960068578018
  },
  "WIFSOpmetNamCarAllDataVarOneMinuteTAC" : {
    "transaction" : "WIFSOpmetNamCarAllDataVarOneMinuteTAC",
    "sampleCount" : 20291,
    "errorCount" : 0,
    "errorPct" : 0.0,
    "meanResTime" : 115.09945295943957,
    "medianResTime" : 71.0,
    "minResTime" : 44.0,
    "maxResTime" : 2732.0,
    "pct1ResTime" : 139.0,
    "pct2ResTime" : 298.9500000000007,
    "pct3ResTime" : 788.9900000000016,
    "throughput" : 5.640482939422419,
    "receivedKBytesPerSec" : 23.07971046501947,
    "sentKBytesPerSec" : 1.6800266567615605
  },
  "WIFSOpmetGlobalAllDataVarOneMinuteTAC" : {
    "transaction" : "WIFSOpmetGlobalAllDataVarOneMinuteTAC",
    "sampleCount" : 20295,
    "errorCount" : 0,
    "errorPct" : 0.0,
    "meanResTime" : 115.74215323971443,
    "medianResTime" : 72.0,
    "minResTime" : 45.0,
    "maxResTime" : 4770.0,
    "pct1ResTime" : 139.0,
    "pct2ResTime" : 296.9500000000007,
    "pct3ResTime" : 770.0,
    "throughput" : 5.637593959899331,
    "receivedKBytesPerSec" : 62.420937809901,
    "sentKBytesPerSec" : 1.6736607068451141
  },
  "WIFSOpmetGlobalAllDataVarFiveMinuteTAC" : {
    "transaction" : "WIFSOpmetGlobalAllDataVarFiveMinuteTAC",
    "sampleCount" : 20294,
    "errorCount" : 0,
    "errorPct" : 0.0,
    "meanResTime" : 287.97851581748273,
    "medianResTime" : 227.0,
    "minResTime" : 140.0,
    "maxResTime" : 7172.0,
    "pct1ResTime" : 390.0,
    "pct2ResTime" : 569.9500000000007,
    "pct3ResTime" : 1024.9900000000016,
    "throughput" : 5.638257468940825,
    "receivedKBytesPerSec" : 282.5460761901352,
    "sentKBytesPerSec" : 1.6738576860918075
  },
  "WIFSGriddedHighResCubeFullTimeFullVertNorthAmerica" : {
    "transaction" : "WIFSGriddedHighResCubeFullTimeFullVertNorthAmerica",
    "sampleCount" : 1689,
    "errorCount" : 1001,
    "errorPct" : 59.26584,
    "meanResTime" : 48251.82238010658,
    "medianResTime" : 42360.0,
    "minResTime" : 1.0,
    "maxResTime" : 97296.0,
    "pct1ResTime" : 90003.0,
    "pct2ResTime" : 90003.0,
    "pct3ResTime" : 93027.2,
    "throughput" : 0.46392113615357466,
    "receivedKBytesPerSec" : 721.0722123831442,
    "sentKBytesPerSec" : 0.16355032241351608
  },
  "WIFSOpmetGlobalAllDataVarOneMinuteIWXXM" : {
    "transaction" : "WIFSOpmetGlobalAllDataVarOneMinuteIWXXM",
    "sampleCount" : 20295,
    "errorCount" : 0,
    "errorPct" : 0.0,
    "meanResTime" : 123.53431879773312,
    "medianResTime" : 78.0,
    "minResTime" : 48.0,
    "maxResTime" : 3527.0,
    "pct1ResTime" : 151.0,
    "pct2ResTime" : 336.0,
    "pct3ResTime" : 765.9800000000032,
    "throughput" : 5.638013685691363,
    "receivedKBytesPerSec" : 100.70791828611398,
    "sentKBytesPerSec" : 1.6297383310201596
  },
  "WIFSOpmetEurNatAllDataVarOneMinuteTAC" : {
    "transaction" : "WIFSOpmetEurNatAllDataVarOneMinuteTAC",
    "sampleCount" : 20285,
    "errorCount" : 0,
    "errorPct" : 0.0,
    "meanResTime" : 115.38240078876022,
    "medianResTime" : 72.0,
    "minResTime" : 45.0,
    "maxResTime" : 3414.0,
    "pct1ResTime" : 139.0,
    "pct2ResTime" : 301.0,
    "pct3ResTime" : 787.9700000000048,
    "throughput" : 5.643413078362901,
    "receivedKBytesPerSec" : 41.41625906630586,
    "sentKBytesPerSec" : 1.6808994032233249
  },
  "WIFSGriddedLowResItemGlobal" : {
    "transaction" : "WIFSGriddedLowResItemGlobal",
    "sampleCount" : 1710,
    "errorCount" : 0,
    "errorPct" : 0.0,
    "meanResTime" : 371.71169590643296,
    "medianResTime" : 139.0,
    "minResTime" : 48.0,
    "maxResTime" : 3562.0,
    "pct1ResTime" : 934.9000000000001,
    "pct2ResTime" : 2340.699999999999,
    "pct3ResTime" : 3094.459999999998,
    "throughput" : 0.4754622549701098,
    "receivedKBytesPerSec" : 7.633855451915056,
    "sentKBytesPerSec" : 0.10447168688308077
  },
  "WIFSOpmetNamCarAllDataVarFiveMinuteIWXXM" : {
    "transaction" : "WIFSOpmetNamCarAllDataVarFiveMinuteIWXXM",
    "sampleCount" : 20287,
    "errorCount" : 0,
    "errorPct" : 0.0,
    "meanResTime" : 305.9099423275974,
    "medianResTime" : 246.0,
    "minResTime" : 156.0,
    "maxResTime" : 7237.0,
    "pct1ResTime" : 409.0,
    "pct2ResTime" : 596.0,
    "pct3ResTime" : 1061.0,
    "throughput" : 5.641718740005951,
    "receivedKBytesPerSec" : 332.76223482312446,
    "sentKBytesPerSec" : 1.6363188142400074
  },
  "WIFSOpmetEurNatAllDataVarFiveMinuteTAC" : {
    "transaction" : "WIFSOpmetEurNatAllDataVarFiveMinuteTAC",
    "sampleCount" : 20282,
    "errorCount" : 0,
    "errorPct" : 0.0,
    "meanResTime" : 284.8555862340991,
    "medianResTime" : 225.0,
    "minResTime" : 141.0,
    "maxResTime" : 6418.0,
    "pct1ResTime" : 388.90000000000146,
    "pct2ResTime" : 586.0,
    "pct3ResTime" : 1030.0,
    "throughput" : 5.646886138484301,
    "receivedKBytesPerSec" : 156.6459449704932,
    "sentKBytesPerSec" : 1.6819338596071403
  },
  "WIFSGriddedLowResCubeFullTimeFullVertRoughlyGlobal" : {
    "transaction" : "WIFSGriddedLowResCubeFullTimeFullVertRoughlyGlobal",
    "sampleCount" : 1556,
    "errorCount" : 825,
    "errorPct" : 53.020565,
    "meanResTime" : 43932.770565552746,
    "medianResTime" : 32293.0,
    "minResTime" : 1.0,
    "maxResTime" : 97291.0,
    "pct1ResTime" : 90003.0,
    "pct2ResTime" : 90003.0,
    "pct3ResTime" : 92766.06000000003,
    "throughput" : 0.48027285424367055,