{
  "WIFSOpmetNamCarAllDataVarFiveMinuteTAC" : {
    "transaction" : "WIFSOpmetNamCarAllDataVarFiveMinuteTAC",
    "sampleCount" : 4593,
    "errorCount" : 0,
    "errorPct" : 0.0,
    "meanResTime" : 1161.3890703244122,
    "medianResTime" : 1032.0,
    "minResTime" : 345.0,
    "maxResTime" : 12671.0,
    "pct1ResTime" : 2019.2000000000007,
    "pct2ResTime" : 2302.500000000001,
    "pct3ResTime" : 2793.600000000004,
    "throughput" : 1.276055225158597,
    "receivedKBytesPerSec" : 0.454843903498914,
    "sentKBytesPerSec" : 0.38007504264977743
  },
  "WIFSGriddedHighResCubeFullTimeFullVertUSA" : {
    "transaction" : "WIFSGriddedHighResCubeFullTimeFullVertUSA",
    "sampleCount" : 3214,
    "errorCount" : 0,
    "errorPct" : 0.0,
    "meanResTime" : 10235.491599253264,
    "medianResTime" : 7815.0,
    "minResTime" : 875.0,
    "maxResTime" : 51265.0,
    "pct1ResTime" : 22017.5,
    "pct2ResTime" : 27121.0,
    "pct3ResTime" : 38062.39999999998,
    "throughput" : 0.8919141076169022,
    "receivedKBytesPerSec" : 1187.1005701579666,
    "sentKBytesPerSec" : 0.31356355345906717
  },
  "WIFSOpmetEurNatAllDataVarOneMinuteIWXXM" : {
    "transaction" : "WIFSOpmetEurNatAllDataVarOneMinuteIWXXM",
    "sampleCount" : 4588,
    "errorCount" : 0,
    "errorPct" : 0.0,
    "meanResTime" : 725.5115518744557,
    "medianResTime" : 604.0,
    "minResTime" : 110.0,
    "maxResTime" : 11243.0,
    "pct1ResTime" : 1496.0,
    "pct2ResTime" : 1743.0,
    "pct3ResTime" : 2167.1899999999905,
    "throughput" : 1.2753052755054106,
    "receivedKBytesPerSec" : 0.45706741807664614,
    "sentKBytesPerSec" : 0.36988834650889346
  },
  "WIFSGriddedHighResCubeFullTimeFullVertRoughlyGlobal" : {
    "transaction" : "WIFSGriddedHighResCubeFullTimeFullVertRoughlyGlobal",
    "sampleCount" : 3181,
    "errorCount" : 2,
    "errorPct" : 0.06287331,
    "meanResTime" : 17492.06916064132,
    "medianResTime" : 15328.0,
    "minResTime" : 5072.0,
    "maxResTime" : 56539.0,
    "pct1ResTime" : 29761.800000000003,
    "pct2ResTime" : 34925.699999999924,
    "pct3ResTime" : 45375.07999999998,
    "throughput" : 0.8804836819884483,
    "receivedKBytesPerSec" : 21290.17151602333,
    "sentKBytesPerSec" : 0.30782534975768017
  },
  "WIFSGriddedLowResCubeFullTimeFullVertUSA" : {
    "transaction" : "WIFSGriddedLowResCubeFullTimeFullVertUSA",
    "sampleCount" : 3166,
    "errorCount" : 0,
    "errorPct" : 0.0,
    "meanResTime" : 8833.967466835118,
    "medianResTime" : 5986.5,
    "minResTime" : 725.0,
    "maxResTime" : 50366.0,
    "pct1ResTime" : 20754.000000000004,
    "pct2ResTime" : 26002.149999999987,
    "pct3ResTime" : 37198.92,
    "throughput" : 0.8818604972456482,
    "receivedKBytesPerSec" : 72.37993258291745,
    "sentKBytesPerSec" : 0.29797239457714286
  },
  "WIFSOpmetNamCarAllDataVarOneMinuteTAC" : {
    "transaction" : "WIFSOpmetNamCarAllDataVarOneMinuteTAC",
    "sampleCount" : 4594,
    "errorCount" : 0,
    "errorPct" : 0.0,
    "meanResTime" : 646.8691771876347,
    "medianResTime" : 488.0,
    "minResTime" : 112.0,
    "maxResTime" : 12171.0,
    "pct1ResTime" : 1389.5,
    "pct2ResTime" : 1639.5,
    "pct3ResTime" : 2176.250000000001,
    "throughput" : 1.2770550676486145,
    "receivedKBytesPerSec" : 0.4552002926677191,
    "sentKBytesPerSec" : 0.3803728472976831
  },
  "WIFSOpmetGlobalAllDataVarOneMinuteTAC" : {
    "transaction" : "WIFSOpmetGlobalAllDataVarOneMinuteTAC",
    "sampleCount" : 4597,
    "errorCount" : 0,
    "errorPct" : 0.0,
    "meanResTime" : 654.5625407874703,
    "medianResTime" : 505.0,
    "minResTime" : 113.0,
    "maxResTime" : 6711.0,
    "pct1ResTime" : 1422.1999999999998,
    "pct2ResTime" : 1683.0999999999995,
    "pct3ResTime" : 2098.2399999999943,
    "throughput" : 1.2765100764323252,
    "receivedKBytesPerSec" : 0.45375944123180306,
    "sentKBytesPerSec" : 0.3789639289408465
  },
  "WIFSOpmetGlobalAllDataVarFiveMinuteTAC" : {
    "transaction" : "WIFSOpmetGlobalAllDataVarFiveMinuteTAC",
    "sampleCount" : 4596,
    "errorCount" : 1,
    "errorPct" : 0.02175805,
    "meanResTime" : 1170.148825065273,
    "medianResTime" : 1045.5,
    "minResTime" : 357.0,
    "maxResTime" : 30160.0,
    "pct1ResTime" : 2065.3,
    "pct2ResTime" : 2312.449999999999,
    "pct3ResTime" : 2810.0,
    "throughput" : 1.2770873960143536,
    "receivedKBytesPerSec" : 0.45394105226402365,
    "sentKBytesPerSec" : 0.37913532069176126
  },
  "WIFSGriddedHighResCubeFullTimeFullVertNorthAmerica" : {
    "transaction" : "WIFSGriddedHighResCubeFullTimeFullVertNorthAmerica",
    "sampleCount" : 3205,
    "errorCount" : 0,
    "errorPct" : 0.0,
    "meanResTime" : 10987.369422776917,
    "medianResTime" : 8687.0,
    "minResTime" : 1383.0,
    "maxResTime" : 58664.0,
    "pct1ResTime" : 22424.2,
    "pct2ResTime" : 27406.599999999984,
    "pct3ResTime" : 38795.14000000002,
    "throughput" : 0.8870096400373734,
    "receivedKBytesPerSec" : 4272.95748500568,
    "sentKBytesPerSec" : 0.31270554692723807
  },
  "WIFSOpmetGlobalAllDataVarOneMinuteIWXXM" : {
    "transaction" : "WIFSOpmetGlobalAllDataVarOneMinuteIWXXM",
    "sampleCount" : 4596,
    "errorCount" : 0,
    "errorPct" : 0.0,
    "meanResTime" : 717.3833768494336,
    "medianResTime" : 612.0,
    "minResTime" : 111.0,
    "maxResTime" : 6833.0,
    "pct1ResTime" : 1454.3000000000002,
    "pct2ResTime" : 1709.1499999999996,
    "pct3ResTime" : 2182.239999999998,
    "throughput" : 1.2772918300568221,
    "receivedKBytesPerSec" : 0.4565320408210908,
    "sentKBytesPerSec" : 0.3692171696258002
  },
  "WIFSOpmetEurNatAllDataVarOneMinuteTAC" : {
    "transaction" : "WIFSOpmetEurNatAllDataVarOneMinuteTAC",
    "sampleCount" : 4589,
    "errorCount" : 0,
    "errorPct" : 0.0,
    "meanResTime" : 642.0838962736977,
    "medianResTime" : 503.0,
    "minResTime" : 114.0,
    "maxResTime" : 6507.0,
    "pct1ResTime" : 1378.0,
    "pct2ResTime" : 1633.0,
    "pct3ResTime" : 2137.0,
    "throughput" : 1.2755995512469132,
    "receivedKBytesPerSec" : 0.4546814806690657,
    "sentKBytesPerSec" : 0.3799393194631919
  },
  "WIFSGriddedLowResItemGlobal" : {
    "transaction" : "WIFSGriddedLowResItemGlobal",
    "sampleCount" : 3215,
    "errorCount" : 0,
    "errorPct" : 0.0,
    "meanResTime" : 674.3060653188165,
    "medianResTime" : 588.0,
    "minResTime" : 57.0,
    "maxResTime" : 6588.0,
    "pct1ResTime" : 1406.0,
    "pct2ResTime" : 1611.1999999999998,
    "pct3ResTime" : 2043.5600000000013,
    "throughput" : 0.8928995461626289,
    "receivedKBytesPerSec" : 38.84102339740501,
    "sentKBytesPerSec" : 0.19619374793612449
  },
  "WIFSOpmetNamCarAllDataVarFiveMinuteIWXXM" : {
    "transaction" : "WIFSOpmetNamCarAllDataVarFiveMinuteIWXXM",
    "sampleCount" : 4591,
    "errorCount" : 0,
    "errorPct" : 0.0,
    "meanResTime" : 1069.6477891526913,
    "medianResTime" : 903.0,
    "minResTime" : 341.0,
    "maxResTime" : 7358.0,
    "pct1ResTime" : 1959.0,
    "pct2ResTime" : 2286.3999999999996,
    "pct3ResTime" : 2855.16,
    "throughput" : 1.27595190570129,
    "receivedKBytesPerSec" : 0.4572991693284897,
    "sentKBytesPerSec" : 0.37007589452469053
  },
  "WIFSOpmetEurNatAllDataVarFiveMinuteTAC" : {
    "transaction" : "WIFSOpmetEurNatAllDataVarFiveMinuteTAC",
    "sampleCount" : 4587,
    "errorCount" : 0,
    "errorPct" : 0.0,
    "meanResTime" : 1157.540222367562,
    "medianResTime" : 1029.0,
    "minResTime" : 347.0,
    "maxResTime" : 7716.0,
    "pct1ResTime" : 2046.0,
    "pct2ResTime" : 2307.5999999999995,
    "pct3ResTime" : 2818.199999999999,
    "throughput" : 1.2751074125799478,
    "receivedKBytesPerSec" : 0.45450606014812595,
    "sentKBytesPerSec" : 0.37979273519226964
  },
  "WIFSGriddedLowResCubeFullTimeFullVertRoughlyGlobal" : {
    "transaction" : "WIFSGriddedLowResCubeFullTimeFullVertRoughlyGlobal",
    "sampleCount" : 3138,
    "errorCount" : 0,
    "errorPct" : 0.0,
    "meanResTime" : 9943.285213511788,
    "medianResTime" : 7716.0,
    "minResTime" : 999.0,
    "maxResTime" : 52370.0,