{
  "NDFD_Line_Summaries_24Hourly_REST" : {
    "transaction" : "NDFD_Line_Summaries_24Hourly_REST",
    "sampleCount" : 9448,
    "errorCount" : 0,
    "errorPct" : 0.0,
    "meanResTime" : 589.3075783234525,
    "medianResTime" : 161.0,
    "minResTime" : 71.0,
    "maxResTime" : 34211.0,
    "pct1ResTime" : 1399.0,
    "pct2ResTime" : 2536.5499999999993,
    "pct3ResTime" : 4385.650000000003,
    "throughput" : 129.29182346903866,
    "receivedKBytesPerSec" : 97.97895997263086,
    "sentKBytesPerSec" : 60.60554225111187
  },
  "NDFD_1Point-wspd-wdir_REST" : {
    "transaction" : "NDFD_1Point-wspd-wdir_REST",
    "sampleCount" : 7985,
    "errorCount" : 0,
    "errorPct" : 0.0,
    "meanResTime" : 703.8154038822804,
    "medianResTime" : 217.0,
    "minResTime" : 64.0,
    "maxResTime" : 67216.0,
    "pct1ResTime" : 1481.4000000000005,
    "pct2ResTime" : 2585.0,
    "pct3ResTime" : 7764.0,
    "throughput" : 87.39192295064026,
    "receivedKBytesPerSec" : 423.1339394426507,
    "sentKBytesPerSec" : 31.23578496087337
  },
  "NDFD_1Point-conhazo-ptotsvrtstm_REST" : {
    "transaction" : "NDFD_1Point-conhazo-ptotsvrtstm_REST",
    "sampleCount" : 6450,
    "errorCount" : 0,
    "errorPct" : 0.0,
    "meanResTime" : 883.9381395348827,
    "medianResTime" : 268.0,
    "minResTime" : 70.0,
    "maxResTime" : 94566.0,
    "pct1ResTime" : 1950.0,
    "pct2ResTime" : 3033.949999999998,
    "pct3ResTime" : 8260.98,
    "throughput" : 62.05861412049955,
    "receivedKBytesPerSec" : 599.4959090624819,
    "sentKBytesPerSec" : 23.817417333355785
  },
  "NDFD_MultiCitiesLevel3-sky-icons-dryfireo-phail-pxhail-pxtstmwinds-tmpabv90d-tcsurge-tctornado-snowlvl-snow48e10-snow72e90-ceil-llwswindspd_REST" : {
    "transaction" : "NDFD_MultiCitiesLevel3-sky-icons-dryfireo-phail-pxhail-pxtstmwinds-tmpabv90d-tcsurge-tctornado-snowlvl-snow48e10-snow72e90-ceil-llwswindspd_REST",
    "sampleCount" : 141,
    "errorCount" : 80,
    "errorPct" : 56.737587,
    "meanResTime" : 43549.276595744675,
    "medianResTime" : 60085.0,
    "minResTime" : 753.0,
    "maxResTime" : 110349.0,
    "pct1ResTime" : 60119.6,
    "pct2ResTime" : 60219.0,
    "pct3ResTime" : 110318.76,
    "throughput" : 1.2524872086412733,
    "receivedKBytesPerSec" : 322.8853452334423,
    "sentKBytesPerSec" : 0.7130859791385376
  },
  "NDFD_CityLevel1234_Summaries_24hourly_REST" : {
    "transaction" : "NDFD_CityLevel1234_Summaries_24hourly_REST",
    "sampleCount" : 175,
    "errorCount" : 0,
    "errorPct" : 0.0,
    "meanResTime" : 35365.81714285713,
    "medianResTime" : 42664.0,
    "minResTime" : 1173.0,
    "maxResTime" : 93763.0,
    "pct1ResTime" : 64587.200000000004,
    "pct2ResTime" : 70913.0,
    "pct3ResTime" : 91685.16000000002,
    "throughput" : 1.806880601329864,
    "receivedKBytesPerSec" : 676.1133953900022,
    "sentKBytesPerSec" : 0.6175861430326683
  },
  "NDFD_line_glance_SOAP" : {
    "transaction" : "NDFD_line_glance_SOAP",
    "sampleCount" : 296,
    "errorCount" : 0,
    "errorPct" : 0.0,
    "meanResTime" : 21775.716216216217,
    "medianResTime" : 15346.0,
    "minResTime" : 1616.0,
    "maxResTime" : 119029.0,
    "pct1ResTime" : 48521.80000000001,
    "pct2ResTime" : 64203.34999999998,
    "pct3ResTime" : 81575.51999999993,
    "throughput" : 2.3963536564632735,
    "receivedKBytesPerSec" : 933.1878536847985,
    "sentKBytesPerSec" : 0.8635297844091288
  },
  "NDFD_MultiPoint_AllElems_REST" : {
    "transaction" : "NDFD_MultiPoint_AllElems_REST",
    "sampleCount" : 100,
    "errorCount" : 100,
    "errorPct" : 100.0,
    "meanResTime" : 60072.38999999999,
    "medianResTime" : 60070.0,
    "minResTime" : 60060.0,
    "maxResTime" : 60146.0,
    "pct1ResTime" : 60076.9,
    "pct2ResTime" : 60090.85,
    "pct3ResTime" : 60145.93,
    "throughput" : 1.4290409706046272,
    "receivedKBytesPerSec" : 0.5414725552681595,
    "sentKBytesPerSec" : 0.6126454942338196
  },
  "NDFD_1Point_maxt_SOAP" : {
    "transaction" : "NDFD_1Point_maxt_SOAP",
    "sampleCount" : 9381,
    "errorCount" : 0,
    "errorPct" : 0.0,
    "meanResTime" : 602.7710265430117,
    "medianResTime" : 147.0,
    "minResTime" : 65.0,
    "maxResTime" : 62560.0,
    "pct1ResTime" : 1304.4000000000033,
    "pct2ResTime" : 2281.699999999999,
    "pct3ResTime" : 5474.6400000000285,
    "throughput" : 106.97669114628472,
    "receivedKBytesPerSec" : 299.8272495994504,
    "sentKBytesPerSec" : 34.265971382794326
  },
  "NDFD_1Point_ptotsvrtsm_SOAP" : {
    "transaction" : "NDFD_1Point_ptotsvrtsm_SOAP",
    "sampleCount" : 8936,
    "errorCount" : 0,
    "errorPct" : 0.0,
    "meanResTime" : 645.0794538943587,
    "medianResTime" : 153.0,
    "minResTime" : 63.0,
    "maxResTime" : 94600.0,
    "pct1ResTime" : 1304.100000000003,
    "pct2ResTime" : 2183.2999999999993,
    "pct3ResTime" : 5845.029999999935,
    "throughput" : 86.52877837167867,
    "receivedKBytesPerSec" : 264.40287844236576,
    "sentKBytesPerSec" : 28.054252362692694
  },
  "NDFD_MultiPoint_waveh-wdir-wgust-wspd_SOAP" : {
    "transaction" : "NDFD_MultiPoint_waveh-wdir-wgust-wspd_SOAP",
    "sampleCount" : 924,
    "errorCount" : 0,
    "errorPct" : 0.0,
    "meanResTime" : 6636.780303030308,
    "medianResTime" : 3495.5,
    "minResTime" : 344.0,
    "maxResTime" : 94957.0,
    "pct1ResTime" : 14983.5,
    "pct2ResTime" : 24014.0,
    "pct3ResTime" : 61697.5,
    "throughput" : 8.842443729903538,
    "receivedKBytesPerSec" : 862.7859035872187,
    "sentKBytesPerSec" : 10.604024316720258
  },
  "NDFD_MultiPoint_Glance_SOAP" : {
    "transaction" : "NDFD_MultiPoint_Glance_SOAP",
    "sampleCount" : 1062,
    "errorCount" : 0,
    "errorPct" : 0.0,
    "meanResTime" : 5563.306967984934,
    "medianResTime" : 1982.0,
    "minResTime" : 224.0,
    "maxResTime" : 78440.0,
    "pct1ResTime" : 17476.900000000005,
    "pct2ResTime" : 22345.94999999996,
    "pct3ResTime" : 42136.06999999926,
    "throughput" : 12.334208264616386,
    "receivedKBytesPerSec" : 772.2129803169496,
    "sentKBytesPerSec" : 4.589192723455901
  },
  "NDFD_bbox_glance_REST" : {
    "transaction" : "NDFD_bbox_glance_REST",
    "sampleCount" : 259,
    "errorCount" : 0,
    "errorPct" : 0.0,
    "meanResTime" : 24405.698841698842,
    "medianResTime" : 19807.0,
    "minResTime" : 3724.0,
    "maxResTime" : 86696.0,
    "pct1ResTime" : 46032.0,
    "pct2ResTime" : 65230.0,
    "pct3ResTime" : 83776.39999999997,
    "throughput" : 2.694604548575709,
    "receivedKBytesPerSec" : 1049.3326927903722,
    "sentKBytesPerSec" : 0.971004959398864
  },
  "Total" : {
    "transaction" : "Total",
    "sampleCount" : 47190,
    "errorCount" : 181,
    "errorPct" : 0.38355583,
    "meanResTime" : 1779.8509218054746,
    "medianResTime" : 308.0,
    "minResTime" : 63.0,
    "maxResTime" : 135162.0,
    "pct1ResTime" : 4956.800000000003,
    "pct2ResTime" : 15005.800000000003,
    "pct3ResTime" : 60073.0,
    "throughput" : 33.8239320625646,
    "receivedKBytesPerSec" : 559.8506071869316,
    "sentKBytesPerSec" : 13.104801182708725
  },
  "NDFD_bbox_Summaries_12Hourly_SOAP" : {
    "transaction" : "NDFD_bbox_Summaries_12Hourly_SOAP",
    "sampleCount" : 405,
    "errorCount" : 0,
    "errorPct" : 0.0,
    "meanResTime" : 16024.874074074063,
    "medianResTime" : 9534.0,
    "minResTime" : 832.0,
    "maxResTime" : 135162.0,
    "pct1ResTime" : 38630.80000000003,
    "pct2ResTime" : 51789.59999999999,
    "pct3ResTime" : 86952.43999999997,
    "throughput" : 2.8712000907441015,
    "receivedKBytesPerSec" : 623.5607306450984,
    "sentKBytesPerSec" : 1.1580133178489393
  },
  "NDFD_MultiZip-glance_REST" : {
    "transaction" : "NDFD_MultiZip-glance_REST",
    "sampleCount" : 1628,
    "errorCount" : 1,
    "errorPct" : 0.06142506,
    "meanResTime" : 3715.547297297298,
    "medianResTime" : 1804.0,
    "minResTime" : 140.0,
    "maxResTime" : 96498.0,
    "pct1ResTime" : 8120.400000000006,
    "pct2ResTime" : 12628.349999999999,
    "pct3ResTime" : 34928.02000000003,