{
  "WIFSOpmetNamCarAllDataVarFiveMinuteTAC" : {
    "transaction" : "WIFSOpmetNamCarAllDataVarFiveMinuteTAC",
    "sampleCount" : 26727,
    "errorCount" : 0,
    "errorPct" : 0.0,
    "meanResTime" : 216.26258091068922,
    "medianResTime" : 146.0,
    "minResTime" : 90.0,
    "maxResTime" : 3188.0,
    "pct1ResTime" : 218.0,
    "pct2ResTime" : 438.0,
    "pct3ResTime" : 667.9900000000016,
    "throughput" : 7.425930325118882,
    "receivedKBytesPerSec" : 2.6469380553402266,
    "sentKBytesPerSec" : 2.211824950352792
  },
  "WIFSGriddedHighResCubeFullTimeFullVertUSA" : {
    "transaction" : "WIFSGriddedHighResCubeFullTimeFullVertUSA",
    "sampleCount" : 9475,
    "errorCount" : 8705,
    "errorPct" : 91.87335,
    "meanResTime" : 2744.881160949871,
    "medianResTime" : 6.0,
    "minResTime" : 4.0,
    "maxResTime" : 60025.0,
    "pct1ResTime" : 3077.99999999797,
    "pct2ResTime" : 20054.59999999998,
    "pct3ResTime" : 60001.0,
    "throughput" : 2.6179703007502177,
    "receivedKBytesPerSec" : 566.6134351075619,
    "sentKBytesPerSec" : 0.9203801838574984
  },
  "WIFSOpmetEurNatAllDataVarOneMinuteIWXXM" : {
    "transaction" : "WIFSOpmetEurNatAllDataVarOneMinuteIWXXM",
    "sampleCount" : 26721,
    "errorCount" : 0,
    "errorPct" : 0.0,
    "meanResTime" : 91.5223606900937,
    "medianResTime" : 52.0,
    "minResTime" : 32.0,
    "maxResTime" : 2419.0,
    "pct1ResTime" : 85.0,
    "pct2ResTime" : 151.0,
    "pct3ResTime" : 231.9900000000016,
    "throughput" : 7.427482602912788,
    "receivedKBytesPerSec" : 2.661998159442376,
    "sentKBytesPerSec" : 2.1542600908838847
  },
  "WIFSGriddedHighResCubeFullTimeFullVertRoughlyGlobal" : {
    "transaction" : "WIFSGriddedHighResCubeFullTimeFullVertRoughlyGlobal",
    "sampleCount" : 9436,
    "errorCount" : 9436,
    "errorPct" : 100.0,
    "meanResTime" : 5409.898367952522,
    "medianResTime" : 5.0,
    "minResTime" : 3.0,
    "maxResTime" : 60006.0,
    "pct1ResTime" : 7.0,
    "pct2ResTime" : 60002.0,
    "pct3ResTime" : 60003.0,
    "throughput" : 2.6449153492544006,
    "receivedKBytesPerSec" : 1.1843105965845386,
    "sentKBytesPerSec" : 0.9246872021807377
  },
  "WIFSGriddedLowResCubeFullTimeFullVertUSA" : {
    "transaction" : "WIFSGriddedLowResCubeFullTimeFullVertUSA",
    "sampleCount" : 9413,
    "errorCount" : 8811,
    "errorPct" : 93.60459,
    "meanResTime" : 2571.6614256878806,
    "medianResTime" : 6.0,
    "minResTime" : 3.0,
    "maxResTime" : 60004.0,
    "pct1ResTime" : 7.0,
    "pct2ResTime" : 14447.399999999965,
    "pct3ResTime" : 60002.0,
    "throughput" : 2.696344309390113,
    "receivedKBytesPerSec" : 37.93726264344649,
    "sentKBytesPerSec" : 0.9110694639150185
  },
  "WIFSOpmetNamCarAllDataVarOneMinuteTAC" : {
    "transaction" : "WIFSOpmetNamCarAllDataVarOneMinuteTAC",
    "sampleCount" : 26727,
    "errorCount" : 0,
    "errorPct" : 0.0,
    "meanResTime" : 91.99128222396848,
    "medianResTime" : 52.0,
    "minResTime" : 32.0,
    "maxResTime" : 4721.0,
    "pct1ResTime" : 86.0,
    "pct2ResTime" : 151.0,
    "pct3ResTime" : 227.0,
    "throughput" : 7.426993050132967,
    "receivedKBytesPerSec" : 2.647316858689974,
    "sentKBytesPerSec" : 2.212141484658745
  },
  "WIFSOpmetGlobalAllDataVarOneMinuteTAC" : {
    "transaction" : "WIFSOpmetGlobalAllDataVarOneMinuteTAC",
    "sampleCount" : 26731,
    "errorCount" : 0,
    "errorPct" : 0.0,
    "meanResTime" : 91.54307732595127,
    "medianResTime" : 52.0,
    "minResTime" : 32.0,
    "maxResTime" : 2434.0,
    "pct1ResTime" : 85.0,
    "pct2ResTime" : 150.0,
    "pct3ResTime" : 223.9900000000016,
    "throughput" : 7.425362344404477,
    "receivedKBytesPerSec" : 2.6394842708625292,
    "sentKBytesPerSec" : 2.2044044459950793
  },
  "WIFSOpmetGlobalAllDataVarFiveMinuteTAC" : {
    "transaction" : "WIFSOpmetGlobalAllDataVarFiveMinuteTAC",
    "sampleCount" : 26730,
    "errorCount" : 0,
    "errorPct" : 0.0,
    "meanResTime" : 216.57519640853195,
    "medianResTime" : 146.0,
    "minResTime" : 89.0,
    "maxResTime" : 4392.0,
    "pct1ResTime" : 222.0,
    "pct2ResTime" : 442.0,
    "pct3ResTime" : 670.0,
    "throughput" : 7.425123752062534,
    "receivedKBytesPerSec" : 2.639399458740979,
    "sentKBytesPerSec" : 2.204333613893565
  },
  "WIFSGriddedHighResCubeFullTimeFullVertNorthAmerica" : {
    "transaction" : "WIFSGriddedHighResCubeFullTimeFullVertNorthAmerica",
    "sampleCount" : 9467,
    "errorCount" : 8774,
    "errorPct" : 92.67983,
    "meanResTime" : 3573.5799091581307,
    "medianResTime" : 5.0,
    "minResTime" : 4.0,
    "maxResTime" : 60025.0,
    "pct1ResTime" : 7.0,
    "pct2ResTime" : 31638.20000000001,
    "pct3ResTime" : 60002.0,
    "throughput" : 2.613925399723228,
    "receivedKBytesPerSec" : 2065.340319270369,
    "sentKBytesPerSec" : 0.9215108098633646
  },
  "WIFSOpmetGlobalAllDataVarOneMinuteIWXXM" : {
    "transaction" : "WIFSOpmetGlobalAllDataVarOneMinuteIWXXM",
    "sampleCount" : 26730,
    "errorCount" : 0,
    "errorPct" : 0.0,
    "meanResTime" : 91.74223718668173,
    "medianResTime" : 52.0,
    "minResTime" : 31.0,
    "maxResTime" : 2465.0,
    "pct1ResTime" : 84.0,
    "pct2ResTime" : 148.0,
    "pct3ResTime" : 233.0,
    "throughput" : 7.4257549517534285,
    "receivedKBytesPerSec" : 2.6541272581462447,
    "sentKBytesPerSec" : 2.1465072907412255
  },
  "WIFSOpmetEurNatAllDataVarOneMinuteTAC" : {
    "transaction" : "WIFSOpmetEurNatAllDataVarOneMinuteTAC",
    "sampleCount" : 26722,
    "errorCount" : 0,
    "errorPct" : 0.0,
    "meanResTime" : 91.05467405134368,
    "medianResTime" : 52.0,
    "minResTime" : 32.0,
    "maxResTime" : 2470.0,
    "pct1ResTime" : 85.0,
    "pct2ResTime" : 151.0,
    "pct3ResTime" : 231.0,
    "throughput" : 7.427252697528038,
    "receivedKBytesPerSec" : 2.6474094087868494,
    "sentKBytesPerSec" : 2.2122188210410663
  },
  "WIFSGriddedLowResItemGlobal" : {
    "transaction" : "WIFSGriddedLowResItemGlobal",
    "sampleCount" : 9475,
    "errorCount" : 0,
    "errorPct" : 0.0,
    "meanResTime" : 1164.4035883905021,
    "medianResTime" : 994.0,
    "minResTime" : 46.0,
    "maxResTime" : 4557.0,
    "pct1ResTime" : 2274.0,
    "pct2ResTime" : 2343.0,
    "pct3ResTime" : 2451.0,
    "throughput" : 2.6335421266679564,
    "receivedKBytesPerSec" : 42.467982333761654,
    "sentKBytesPerSec" : 0.5786591586916896
  },
  "WIFSOpmetNamCarAllDataVarFiveMinuteIWXXM" : {
    "transaction" : "WIFSOpmetNamCarAllDataVarFiveMinuteIWXXM",
    "sampleCount" : 26724,
    "errorCount" : 1,
    "errorPct" : 0.0037419547,
    "meanResTime" : 220.84714114653482,
    "medianResTime" : 147.0,
    "minResTime" : 87.0,
    "maxResTime" : 60002.0,
    "pct1ResTime" : 233.0,
    "pct2ResTime" : 457.0,
    "pct3ResTime" : 685.0,
    "throughput" : 7.400871687760979,
    "receivedKBytesPerSec" : 2.6524405655398366,
    "sentKBytesPerSec" : 2.146541886000987
  },
  "WIFSOpmetEurNatAllDataVarFiveMinuteTAC" : {
    "transaction" : "WIFSOpmetEurNatAllDataVarFiveMinuteTAC",
    "sampleCount" : 26721,
    "errorCount" : 0,
    "errorPct" : 0.0,
    "meanResTime" : 217.75588488454795,
    "medianResTime" : 146.0,
    "minResTime" : 89.0,
    "maxResTime" : 4463.0,
    "pct1ResTime" : 222.90000000000146,
    "pct2ResTime" : 445.0,
    "pct3ResTime" : 684.0,
    "throughput" : 7.4273773111009564,
    "receivedKBytesPerSec" : 2.64745382671079,
    "sentKBytesPerSec" : 2.2122559373884685
  },
  "WIFSGriddedLowResCubeFullTimeFullVertRoughlyGlobal" : {
    "transaction" : "WIFSGriddedLowResCubeFullTimeFullVertRoughlyGlobal",
    "sampleCount" : 9399,
    "errorCount" : 8768,
    "errorPct" : 93.28652,
    "meanResTime" : 2560.080008511542,
    "medianResTime" : 5.0,
    "minResTime" : 3.0,
    "maxResTime" : 60004.0,
    "pct1ResTime" : 7.0,
    "pct2ResTime" : 19608.0,
    "pct3ResTime" : 60001.0,
    "throughput" : 2.846754127854061,
    "receivedKBytesPerSec" : 810.520576340218,
    "sentKBytesPerSec" : 0.9563314648259735
  },