{
  "NDFD_Line_Summaries_24Hourly_REST" : {
    "transaction" : "NDFD_Line_Summaries_24Hourly_REST",
    "sampleCount" : 24909,
    "errorCount" : 16898,
    "errorPct" : 67.838936,
    "meanResTime" : 177.77385683889366,
    "medianResTime" : 231.0,
    "minResTime" : 2.0,
    "maxResTime" : 1186.0,
    "pct1ResTime" : 270.0,
    "pct2ResTime" : 280.0,
    "pct3ResTime" : 294.0,
    "throughput" : 415.0462384403899,
    "receivedKBytesPerSec" : 794.3390779909189,
    "sentKBytesPerSec" : 62.57029492626843
  },
  "NDFD_1Point-wspd-wdir_REST" : {
    "transaction" : "NDFD_1Point-wspd-wdir_REST",
    "sampleCount" : 23568,
    "errorCount" : 10137,
    "errorPct" : 43.01171,
    "meanResTime" : 167.6055244399188,
    "medianResTime" : 139.0,
    "minResTime" : 2.0,
    "maxResTime" : 2814.0,
    "pct1ResTime" : 312.0,
    "pct2ResTime" : 376.0,
    "pct3ResTime" : 473.0,
    "throughput" : 392.6560261237546,
    "receivedKBytesPerSec" : 1315.8857702696512,
    "sentKBytesPerSec" : 79.97956087976075
  },
  "NDFD_1Point-conhazo-ptotsvrtstm_REST" : {
    "transaction" : "NDFD_1Point-conhazo-ptotsvrtstm_REST",
    "sampleCount" : 14611,
    "errorCount" : 9385,
    "errorPct" : 64.23243,
    "meanResTime" : 304.4994182465298,
    "medianResTime" : 291.0,
    "minResTime" : 4.0,
    "maxResTime" : 3251.0,
    "pct1ResTime" : 495.0,
    "pct2ResTime" : 572.3999999999996,
    "pct3ResTime" : 977.7599999999984,
    "throughput" : 243.45174620101307,
    "receivedKBytesPerSec" : 1023.5164340290506,
    "sentKBytesPerSec" : 33.41911557959544
  },
  "NDFD_MultiCitiesLevel3-sky-icons-dryfireo-phail-pxhail-pxtstmwinds-tmpabv90d-tcsurge-tctornado-snowlvl-snow48e10-snow72e90-ceil-llwswindspd_REST" : {
    "transaction" : "NDFD_MultiCitiesLevel3-sky-icons-dryfireo-phail-pxhail-pxtstmwinds-tmpabv90d-tcsurge-tctornado-snowlvl-snow48e10-snow72e90-ceil-llwswindspd_REST",
    "sampleCount" : 278,
    "errorCount" : 238,
    "errorPct" : 85.61151,
    "meanResTime" : 21478.658273381294,
    "medianResTime" : 9.0,
    "minResTime" : 3.0,
    "maxResTime" : 60618.0,
    "pct1ResTime" : 60067.0,
    "pct2ResTime" : 60076.0,
    "pct3ResTime" : 60438.5,
    "throughput" : 3.9729609992425647,
    "receivedKBytesPerSec" : 270.72018515177285,
    "sentKBytesPerSec" : 0.8136508903434182
  },
  "NDFD_CityLevel1234_Summaries_24hourly_REST" : {
    "transaction" : "NDFD_CityLevel1234_Summaries_24hourly_REST",
    "sampleCount" : 4186,
    "errorCount" : 8,
    "errorPct" : 0.19111323,
    "meanResTime" : 1323.5582895365535,
    "medianResTime" : 538.0,
    "minResTime" : 2.0,
    "maxResTime" : 34645.0,
    "pct1ResTime" : 1062.0,
    "pct2ResTime" : 1569.2999999999993,
    "pct3ResTime" : 30043.330000000027,
    "throughput" : 63.95721925133691,
    "receivedKBytesPerSec" : 11842.916020101222,
    "sentKBytesPerSec" : 21.81859959893048
  },
  "NDFD_line_glance_SOAP" : {
    "transaction" : "NDFD_line_glance_SOAP",
    "sampleCount" : 6665,
    "errorCount" : 11,
    "errorPct" : 0.16504125,
    "meanResTime" : 833.5179294823675,
    "medianResTime" : 734.0,
    "minResTime" : 212.0,
    "maxResTime" : 8254.0,
    "pct1ResTime" : 1245.0,
    "pct2ResTime" : 1646.6999999999998,
    "pct3ResTime" : 2720.34,
    "throughput" : 106.3422417231751,
    "receivedKBytesPerSec" : 27745.637106726168,
    "sentKBytesPerSec" : 38.2573481751097
  },
  "NDFD_MultiPoint_AllElems_REST" : {
    "transaction" : "NDFD_MultiPoint_AllElems_REST",
    "sampleCount" : 100,
    "errorCount" : 100,
    "errorPct" : 100.0,
    "meanResTime" : 60068.75,
    "medianResTime" : 60066.0,
    "minResTime" : 60059.0,
    "maxResTime" : 60116.0,
    "pct1ResTime" : 60079.9,
    "pct2ResTime" : 60099.65,
    "pct3ResTime" : 60115.94,
    "throughput" : 1.4292452156016406,
    "receivedKBytesPerSec" : 0.5415499449740592,
    "sentKBytesPerSec" : 0.612733056297969
  },
  "NDFD_1Point_maxt_SOAP" : {
    "transaction" : "NDFD_1Point_maxt_SOAP",
    "sampleCount" : 22102,
    "errorCount" : 6954,
    "errorPct" : 31.463217,
    "meanResTime" : 202.1279069767438,
    "medianResTime" : 132.0,
    "minResTime" : 3.0,
    "maxResTime" : 2374.0,
    "pct1ResTime" : 469.0,
    "pct2ResTime" : 526.0,
    "pct3ResTime" : 617.0,
    "throughput" : 363.10765742824753,
    "receivedKBytesPerSec" : 980.7014153859108,
    "sentKBytesPerSec" : 79.71370894872595
  },
  "NDFD_1Point_ptotsvrtsm_SOAP" : {
    "transaction" : "NDFD_1Point_ptotsvrtsm_SOAP",
    "sampleCount" : 18041,
    "errorCount" : 8283,
    "errorPct" : 45.91209,
    "meanResTime" : 199.09666869907426,
    "medianResTime" : 123.0,
    "minResTime" : 6.0,
    "maxResTime" : 4133.0,
    "pct1ResTime" : 343.0,
    "pct2ResTime" : 364.0,
    "pct3ResTime" : 389.0,
    "throughput" : 299.4158064194908,
    "receivedKBytesPerSec" : 809.0951916833322,
    "sentKBytesPerSec" : 52.506498531217844
  },
  "NDFD_MultiPoint_waveh-wdir-wgust-wspd_SOAP" : {
    "transaction" : "NDFD_MultiPoint_waveh-wdir-wgust-wspd_SOAP",
    "sampleCount" : 15672,
    "errorCount" : 7768,
    "errorPct" : 49.566105,
    "meanResTime" : 345.2269014803481,
    "medianResTime" : 282.0,
    "minResTime" : 3.0,
    "maxResTime" : 10935.0,
    "pct1ResTime" : 457.0,
    "pct2ResTime" : 611.0,
    "pct3ResTime" : 1322.2700000000004,
    "throughput" : 260.69598775700314,
    "receivedKBytesPerSec" : 13147.993956475813,
    "sentKBytesPerSec" : 157.67225031605562
  },
  "NDFD_MultiPoint_Glance_SOAP" : {
    "transaction" : "NDFD_MultiPoint_Glance_SOAP",
    "sampleCount" : 18530,
    "errorCount" : 2304,
    "errorPct" : 12.433891,
    "meanResTime" : 296.2018348623857,
    "medianResTime" : 215.0,
    "minResTime" : 3.0,
    "maxResTime" : 18367.0,
    "pct1ResTime" : 258.0,
    "pct2ResTime" : 277.0,
    "pct3ResTime" : 436.6899999999987,
    "throughput" : 308.76128903255903,
    "receivedKBytesPerSec" : 12337.21819075549,
    "sentKBytesPerSec" : 100.59674227055353
  },
  "NDFD_bbox_glance_REST" : {
    "transaction" : "NDFD_bbox_glance_REST",
    "sampleCount" : 4444,
    "errorCount" : 4,
    "errorPct" : 0.090009004,
    "meanResTime" : 1248.0717821782193,
    "medianResTime" : 641.5,
    "minResTime" : 283.0,
    "maxResTime" : 28332.0,
    "pct1ResTime" : 1282.5,
    "pct2ResTime" : 1822.25,
    "pct3ResTime" : 20612.9,
    "throughput" : 71.95013357079253,
    "receivedKBytesPerSec" : 18786.39873664292,
    "sentKBytesPerSec" : 25.904006111875656
  },
  "Total" : {
    "transaction" : "Total",
    "sampleCount" : 181845,
    "errorCount" : 67583,
    "errorPct" : 37.16517,
    "meanResTime" : 383.3833209601626,
    "medianResTime" : 249.0,
    "minResTime" : 2.0,
    "maxResTime" : 60618.0,
    "pct1ResTime" : 551.0,
    "pct2ResTime" : 734.0,
    "pct3ResTime" : 1596.9800000000032,
    "throughput" : 208.60147705607446,
    "receivedKBytesPerSec" : 8400.203122678835,
    "sentKBytesPerSec" : 55.33411330714128
  },
  "NDFD_bbox_Summaries_12Hourly_SOAP" : {
    "transaction" : "NDFD_bbox_Summaries_12Hourly_SOAP",
    "sampleCount" : 9176,
    "errorCount" : 855,
    "errorPct" : 9.317785,
    "meanResTime" : 596.3726024411512,
    "medianResTime" : 467.0,
    "minResTime" : 2.0,
    "maxResTime" : 9140.0,
    "pct1ResTime" : 852.3000000000011,
    "pct2ResTime" : 1418.0,
    "pct3ResTime" : 3177.8799999998882,
    "throughput" : 151.66691459645295,
    "receivedKBytesPerSec" : 23080.89758459571,
    "sentKBytesPerSec" : 55.47062561465926
  },
  "NDFD_MultiZip-glance_REST" : {
    "transaction" : "NDFD_MultiZip-glance_REST",
    "sampleCount" : 19563,
    "errorCount" : 4638,
    "errorPct" : 23.708021,
    "meanResTime" : 196.19449982109032,
    "medianResTime" : 146.0,
    "minResTime" : 2.0,
    "maxResTime" : 5456.0,
    "pct1ResTime" : 371.0,
    "pct2ResTime" : 431.0,
    "pct3ResTime" : 560.0,
    "throughput" : 325.9467835185524,
    "receivedKBytesPerSec" : 6757.657438425748,
    "sentKBytesPerSec" : 87.67220458313201
  }
}