{
  "NDFD_Line_Summaries_24Hourly_REST" : {
    "transaction" : "NDFD_Line_Summaries_24Hourly_REST",
    "sampleCount" : 20669,
    "errorCount" : 7742,
    "errorPct" : 37.45706,
    "meanResTime" : 112.33441385649995,
    "medianResTime" : 88.0,
    "minResTime" : 2.0,
    "maxResTime" : 3779.0,
    "pct1ResTime" : 216.0,
    "pct2ResTime" : 259.0,
    "pct3ResTime" : 307.0,
    "throughput" : 329.27101255336777,
    "receivedKBytesPerSec" : 459.6680558708501,
    "sentKBytesPerSec" : 96.53985853565284
  },
  "NDFD_1Point-wspd-wdir_REST" : {
    "transaction" : "NDFD_1Point-wspd-wdir_REST",
    "sampleCount" : 27630,
    "errorCount" : 15881,
    "errorPct" : 57.47738,
    "meanResTime" : 96.9585233441903,
    "medianResTime" : 102.0,
    "minResTime" : 1.0,
    "maxResTime" : 620.0,
    "pct1ResTime" : 126.0,
    "pct2ResTime" : 131.0,
    "pct3ResTime" : 227.0,
    "throughput" : 460.3849037740565,
    "receivedKBytesPerSec" : 1438.9327798258769,
    "sentKBytesPerSec" : 69.97166723944014
  },
  "NDFD_1Point-conhazo-ptotsvrtstm_REST" : {
    "transaction" : "NDFD_1Point-conhazo-ptotsvrtstm_REST",
    "sampleCount" : 22950,
    "errorCount" : 13351,
    "errorPct" : 58.174294,
    "meanResTime" : 104.56762527233114,
    "medianResTime" : 111.5,
    "minResTime" : 1.0,
    "maxResTime" : 1108.0,
    "pct1ResTime" : 139.0,
    "pct2ResTime" : 144.0,
    "pct3ResTime" : 222.0,
    "throughput" : 381.63496075562057,
    "receivedKBytesPerSec" : 1717.0838871994313,
    "sentKBytesPerSec" : 61.260995259703
  },
  "NDFD_MultiCitiesLevel3-sky-icons-dryfireo-phail-pxhail-pxtstmwinds-tmpabv90d-tcsurge-tctornado-snowlvl-snow48e10-snow72e90-ceil-llwswindspd_REST" : {
    "transaction" : "NDFD_MultiCitiesLevel3-sky-icons-dryfireo-phail-pxhail-pxtstmwinds-tmpabv90d-tcsurge-tctornado-snowlvl-snow48e10-snow72e90-ceil-llwswindspd_REST",
    "sampleCount" : 1570,
    "errorCount" : 257,
    "errorPct" : 16.369427,
    "meanResTime" : 1765.1598726114648,
    "medianResTime" : 770.0,
    "minResTime" : 1.0,
    "maxResTime" : 50633.0,
    "pct1ResTime" : 846.9000000000001,
    "pct2ResTime" : 890.4499999999998,
    "pct3ResTime" : 36835.86999999999,
    "throughput" : 25.88281842461011,
    "receivedKBytesPerSec" : 10012.022064278413,
    "sentKBytesPerSec" : 12.323816906879554
  },
  "NDFD_CityLevel1234_Summaries_24hourly_REST" : {
    "transaction" : "NDFD_CityLevel1234_Summaries_24hourly_REST",
    "sampleCount" : 11738,
    "errorCount" : 8336,
    "errorPct" : 71.01721,
    "meanResTime" : 233.27807122167238,
    "medianResTime" : 107.0,
    "minResTime" : 1.0,
    "maxResTime" : 26702.0,
    "pct1ResTime" : 346.0,
    "pct2ResTime" : 379.0,
    "pct3ResTime" : 479.6100000000006,
    "throughput" : 195.60399273442317,
    "receivedKBytesPerSec" : 10765.034821599676,
    "sentKBytesPerSec" : 19.37697626606009
  },
  "NDFD_line_glance_SOAP" : {
    "transaction" : "NDFD_line_glance_SOAP",
    "sampleCount" : 5429,
    "errorCount" : 0,
    "errorPct" : 0.0,
    "meanResTime" : 509.3088966660527,
    "medianResTime" : 478.0,
    "minResTime" : 216.0,
    "maxResTime" : 4659.0,
    "pct1ResTime" : 684.0,
    "pct2ResTime" : 905.5,
    "pct3ResTime" : 1126.7999999999993,
    "throughput" : 89.89154731351934,
    "receivedKBytesPerSec" : 24990.02572258672,
    "sentKBytesPerSec" : 32.39255952996937
  },
  "NDFD_MultiPoint_AllElems_REST" : {
    "transaction" : "NDFD_MultiPoint_AllElems_REST",
    "sampleCount" : 50,
    "errorCount" : 50,
    "errorPct" : 100.0,
    "meanResTime" : 60069.88,
    "medianResTime" : 60068.0,
    "minResTime" : 60059.0,
    "maxResTime" : 60092.0,
    "pct1ResTime" : 60081.9,
    "pct2ResTime" : 60087.25,
    "pct3ResTime" : 60092.0,
    "throughput" : 0.7156864148404735,
    "receivedKBytesPerSec" : 0.2711780556231482,
    "sentKBytesPerSec" : 0.3068225938622733
  },
  "NDFD_1Point_maxt_SOAP" : {
    "transaction" : "NDFD_1Point_maxt_SOAP",
    "sampleCount" : 29874,
    "errorCount" : 13548,
    "errorPct" : 45.35047,
    "meanResTime" : 90.73806654616028,
    "medianResTime" : 94.0,
    "minResTime" : 1.0,
    "maxResTime" : 1963.0,
    "pct1ResTime" : 128.0,
    "pct2ResTime" : 133.0,
    "pct3ResTime" : 208.0,
    "throughput" : 498.4649269171728,
    "receivedKBytesPerSec" : 1322.1484348928786,
    "sentKBytesPerSec" : 87.25592129413334
  },
  "NDFD_1Point_ptotsvrtsm_SOAP" : {
    "transaction" : "NDFD_1Point_ptotsvrtsm_SOAP",
    "sampleCount" : 21681,
    "errorCount" : 11601,
    "errorPct" : 53.50768,
    "meanResTime" : 107.96706793967095,
    "medianResTime" : 107.0,
    "minResTime" : 2.0,
    "maxResTime" : 1079.0,
    "pct1ResTime" : 158.0,
    "pct2ResTime" : 160.0,
    "pct3ResTime" : 182.0,
    "throughput" : 361.30784741780127,
    "receivedKBytesPerSec" : 964.148599981044,
    "sentKBytesPerSec" : 54.462396053793725
  },
  "NDFD_MultiPoint_waveh-wdir-wgust-wspd_SOAP" : {
    "transaction" : "NDFD_MultiPoint_waveh-wdir-wgust-wspd_SOAP",
    "sampleCount" : 13156,
    "errorCount" : 5747,
    "errorPct" : 43.68349,
    "meanResTime" : 202.6215415019762,
    "medianResTime" : 199.0,
    "minResTime" : 3.0,
    "maxResTime" : 9933.0,
    "pct1ResTime" : 267.0,
    "pct2ResTime" : 299.0,
    "pct3ResTime" : 410.0,
    "throughput" : 218.85813148788927,
    "receivedKBytesPerSec" : 12262.554137225095,
    "sentKBytesPerSec" : 147.80762108647193
  },
  "NDFD_MultiPoint_Glance_SOAP" : {
    "transaction" : "NDFD_MultiPoint_Glance_SOAP",
    "sampleCount" : 15427,
    "errorCount" : 0,
    "errorPct" : 0.0,
    "meanResTime" : 178.75419718675028,
    "medianResTime" : 135.0,
    "minResTime" : 104.0,
    "maxResTime" : 14752.0,
    "pct1ResTime" : 190.0,
    "pct2ResTime" : 220.0,
    "pct3ResTime" : 305.0,
    "throughput" : 256.49253483190904,
    "receivedKBytesPerSec" : 11670.159853860814,
    "sentKBytesPerSec" : 95.43325758882553
  },
  "NDFD_bbox_glance_REST" : {
    "transaction" : "NDFD_bbox_glance_REST",
    "sampleCount" : 5101,
    "errorCount" : 0,
    "errorPct" : 0.0,
    "meanResTime" : 542.1701627131953,
    "medianResTime" : 490.0,
    "minResTime" : 268.0,
    "maxResTime" : 9804.0,
    "pct1ResTime" : 542.0,
    "pct2ResTime" : 578.0,
    "pct3ResTime" : 697.9799999999996,
    "throughput" : 84.48161642928122,
    "receivedKBytesPerSec" : 23486.054370497266,
    "sentKBytesPerSec" : 30.443082482817157
  },
  "Total" : {
    "transaction" : "Total",
    "sampleCount" : 203466,
    "errorCount" : 84227,
    "errorPct" : 41.396107,
    "meanResTime" : 183.26150806523114,
    "medianResTime" : 100.0,
    "minResTime" : 1.0,
    "maxResTime" : 60092.0,
    "pct1ResTime" : 323.0,
    "pct2ResTime" : 353.9500000000007,
    "pct3ResTime" : 445.9900000000016,
    "throughput" : 238.07746357742204,
    "receivedKBytesPerSec" : 8652.466180686746,
    "sentKBytesPerSec" : 58.880189105755655
  },
  "NDFD_bbox_Summaries_12Hourly_SOAP" : {
    "transaction" : "NDFD_bbox_Summaries_12Hourly_SOAP",
    "sampleCount" : 7217,
    "errorCount" : 1128,
    "errorPct" : 15.629763,
    "meanResTime" : 378.8319246224199,
    "medianResTime" : 372.0,
    "minResTime" : 2.0,
    "maxResTime" : 7126.0,
    "pct1ResTime" : 444.0,
    "pct2ResTime" : 470.0,
    "pct3ResTime" : 820.6399999999994,
    "throughput" : 120.27130620271306,
    "receivedKBytesPerSec" : 17049.677372757516,
    "sentKBytesPerSec" : 40.926197093832286
  },
  "NDFD_MultiZip-glance_REST" : {
    "transaction" : "NDFD_MultiZip-glance_REST",
    "sampleCount" : 20974,
    "errorCount" : 6586,
    "errorPct" : 31.400782,
    "meanResTime" : 125.59793077143152,
    "medianResTime" : 106.0,
    "minResTime" : 1.0,
    "maxResTime" : 6625.0,
    "pct1ResTime" : 137.0,
    "pct2ResTime" : 170.0,
    "pct3ResTime" : 259.0,
    "throughput" : 348.82831340329636,
    "receivedKBytesPerSec" : 6589.443912728474,
    "sentKBytesPerSec" : 84.36030454288422
  }
}