{
  "NCPPServerlessEastGFSAreaUS-1time-fullzedd" : {
    "transaction" : "NCPPServerlessEastGFSAreaUS-1time-fullzedd",
    "sampleCount" : 1881,
    "errorCount" : 472,
    "errorPct" : 25.093035,
    "meanResTime" : 18552.422115895806,
    "medianResTime" : 14654.0,
    "minResTime" : 4729.0,
    "maxResTime" : 212806.0,
    "pct1ResTime" : 33537.4,
    "pct2ResTime" : 48291.799999999974,
    "pct3ResTime" : 105273.02000000002,
    "throughput" : 8.6420377015212,
    "receivedKBytesPerSec" : 11207.659388539078,
    "sentKBytesPerSec" : 7.263708818519505
  },
  "Total" : {
    "transaction" : "Total",
    "sampleCount" : 1881,
    "errorCount" : 472,
    "errorPct" : 25.093035,
    "meanResTime" : 18552.422115895806,
    "medianResTime" : 14654.0,
    "minResTime" : 4729.0,
    "maxResTime" : 212806.0,
    "pct1ResTime" : 33537.4,
    "pct2ResTime" : 48291.799999999974,
    "pct3ResTime" : 105273.02000000002,
    "throughput" : 8.6420377015212,
    "receivedKBytesPerSec" : 11207.659388539078,
    "sentKBytesPerSec" : 7.263708818519505
  }
}