{
  "NCPPServerlessWestGFSPosition-1time-fullzedd" : {
    "transaction" : "NCPPServerlessWestGFSPosition-1time-fullzedd",
    "sampleCount" : 1944,
    "errorCount" : 0,
    "errorPct" : 0.0,
    "meanResTime" : 2915.1532921810717,
    "medianResTime" : 2913.0,
    "minResTime" : 2367.0,
    "maxResTime" : 5212.0,
    "pct1ResTime" : 3203.5,
    "pct2ResTime" : 3325.0,
    "pct3ResTime" : 4000.0,
    "throughput" : 30.51517910400904,
    "receivedKBytesPerSec" : 122.98451578344269,
    "sentKBytesPerSec" : 12.873591184503814
  },
  "NCPPServerlessWestGFSTrajectory20waypoints" : {
    "transaction" : "NCPPServerlessWestGFSTrajectory20waypoints",
    "sampleCount" : 2090,
    "errorCount" : 0,
    "errorPct" : 0.0,
    "meanResTime" : 2693.6239234449768,
    "medianResTime" : 2660.0,
    "minResTime" : 2205.0,
    "maxResTime" : 3834.0,
    "pct1ResTime" : 2995.0,
    "pct2ResTime" : 3246.399999999998,
    "pct3ResTime" : 3483.600000000006,
    "throughput" : 33.12937894303015,
    "receivedKBytesPerSec" : 254.74680644279238,
    "sentKBytesPerSec" : 57.68523696818629
  },
  "NCPPServerlessWestGFSCorridor5waypoints" : {
    "transaction" : "NCPPServerlessWestGFSCorridor5waypoints",
    "sampleCount" : 806,
    "errorCount" : 0,
    "errorPct" : 0.0,
    "meanResTime" : 7186.791563275434,
    "medianResTime" : 6856.0,
    "minResTime" : 4005.0,
    "maxResTime" : 13436.0,
    "pct1ResTime" : 9290.50000000001,
    "pct2ResTime" : 11001.499999999998,
    "pct3ResTime" : 12932.369999999964,
    "throughput" : 12.39866475917978,
    "receivedKBytesPerSec" : 177.625402360515,
    "sentKBytesPerSec" : 9.286890498330948
  },
  "NCPPServerlessWestGFSAreaGlobe-1time-1zedd" : {
    "transaction" : "NCPPServerlessWestGFSAreaGlobe-1time-1zedd",
    "sampleCount" : 8216,
    "errorCount" : 0,
    "errorPct" : 0.0,
    "meanResTime" : 674.8534566699115,
    "medianResTime" : 641.0,
    "minResTime" : 424.0,
    "maxResTime" : 3959.0,
    "pct1ResTime" : 832.0,
    "pct2ResTime" : 936.0,
    "pct3ResTime" : 2831.279999999999,
    "throughput" : 134.58041900768237,
    "receivedKBytesPerSec" : 2175.4977303068026,
    "sentKBytesPerSec" : 70.05015950302216
  },
  "NCPPServerlessWestGFSPosition-halftime-fullzedd" : {
    "transaction" : "NCPPServerlessWestGFSPosition-halftime-fullzedd",
    "sampleCount" : 1910,
    "errorCount" : 0,
    "errorPct" : 0.0,
    "meanResTime" : 2969.729842931934,
    "medianResTime" : 2967.0,
    "minResTime" : 2411.0,
    "maxResTime" : 8022.0,
    "pct1ResTime" : 3269.0,
    "pct2ResTime" : 3363.0,
    "pct3ResTime" : 3938.0,
    "throughput" : 29.833028755291068,
    "receivedKBytesPerSec" : 120.23526335262328,
    "sentKBytesPerSec" : 12.585809006138419
  },
  "NCPPServerlessWestGFSPosition-1time-1zedd" : {
    "transaction" : "NCPPServerlessWestGFSPosition-1time-1zedd",
    "sampleCount" : 9022,
    "errorCount" : 0,
    "errorPct" : 0.0,
    "meanResTime" : 613.6213699844815,
    "medianResTime" : 549.0,
    "minResTime" : 411.0,
    "maxResTime" : 4749.0,
    "pct1ResTime" : 726.0,
    "pct2ResTime" : 809.0,
    "pct3ResTime" : 2960.3700000000354,
    "throughput" : 148.76741693461952,
    "receivedKBytesPerSec" : 437.58540996784564,
    "sentKBytesPerSec" : 59.12923700428724
  },
  "NCPPServerlessWestGFSPosition-fulltime-1zedd" : {
    "transaction" : "NCPPServerlessWestGFSPosition-fulltime-1zedd",
    "sampleCount" : 9290,
    "errorCount" : 2,
    "errorPct" : 0.021528525,
    "meanResTime" : 599.2064585575887,
    "medianResTime" : 555.0,
    "minResTime" : 413.0,
    "maxResTime" : 29219.0,
    "pct1ResTime" : 720.0,
    "pct2ResTime" : 783.0,
    "pct3ResTime" : 1575.0,
    "throughput" : 123.05124706941997,
    "receivedKBytesPerSec" : 361.8792903194829,
    "sentKBytesPerSec" : 52.513081024742704
  },
  "NCPPServerlessWestGFSCorridor10waypoints" : {
    "transaction" : "NCPPServerlessWestGFSCorridor10waypoints",
    "sampleCount" : 586,
    "errorCount" : 0,
    "errorPct" : 0.0,
    "meanResTime" : 9946.747440273033,
    "medianResTime" : 10024.0,
    "minResTime" : 3913.0,
    "maxResTime" : 15626.0,
    "pct1ResTime" : 12200.700000000003,
    "pct2ResTime" : 13065.0,
    "pct3ResTime" : 14630.0,
    "throughput" : 8.93633244376668,
    "receivedKBytesPerSec" : 194.0074282786885,
    "sentKBytesPerSec" : 9.87010936904308
  },
  "NCPPServerlessWestGFSPosition-halftime-1zedd" : {
    "transaction" : "NCPPServerlessWestGFSPosition-halftime-1zedd",
    "sampleCount" : 9716,
    "errorCount" : 0,
    "errorPct" : 0.0,
    "meanResTime" : 569.9540963359394,
    "medianResTime" : 536.0,
    "minResTime" : 402.0,
    "maxResTime" : 1810.0,
    "pct1ResTime" : 699.0,
    "pct2ResTime" : 748.0,
    "pct3ResTime" : 863.0,
    "throughput" : 159.46952910860537,
    "receivedKBytesPerSec" : 469.0646696046088,
    "sentKBytesPerSec" : 68.0548674027935
  },
  "NCPPServerlessWestGFSAreaTexas-halftime-1zedd" : {
    "transaction" : "NCPPServerlessWestGFSAreaTexas-halftime-1zedd",
    "sampleCount" : 8982,
    "errorCount" : 0,
    "errorPct" : 0.0,
    "meanResTime" : 623.3925629035841,
    "medianResTime" : 580.0,
    "minResTime" : 405.0,
    "maxResTime" : 3861.0,
    "pct1ResTime" : 750.0,
    "pct2ResTime" : 852.0,
    "pct3ResTime" : 2017.0,
    "throughput" : 141.96525944775482,
    "receivedKBytesPerSec" : 477.7463711493781,
    "sentKBytesPerSec" : 108.96942766204619
  },
  "NCPPServerlessWestGFSAreaTexas-fulltime-1zedd" : {
    "transaction" : "NCPPServerlessWestGFSAreaTexas-fulltime-1zedd",
    "sampleCount" : 6912,
    "errorCount" : 0,
    "errorPct" : 0.0,
    "meanResTime" : 708.1539351851862,
    "medianResTime" : 652.0,
    "minResTime" : 431.0,
    "maxResTime" : 5860.0,
    "pct1ResTime" : 890.0,
    "pct2ResTime" : 1142.0,
    "pct3ResTime" : 1773.0,
    "throughput" : 120.85183760534322,
    "receivedKBytesPerSec" : 406.69475819141866,
    "sentKBytesPerSec" : 92.76322691191383
  },
  "NCPPServerlessWestGFSCorridor20waypoints" : {
    "transaction" : "NCPPServerlessWestGFSCorridor20waypoints",
    "sampleCount" : 780,
    "errorCount" : 780,
    "errorPct" : 100.0,
    "meanResTime" : 7313.274358974354,
    "medianResTime" : 3986.5,
    "minResTime" : 1849.0,
    "maxResTime" : 29250.0,
    "pct1ResTime" : 29098.0,
    "pct2ResTime" : 29226.0,
    "pct3ResTime" : 29240.0,
    "throughput" : 12.549473887440874,
    "receivedKBytesPerSec" : 6.301133072690414,
    "sentKBytesPerSec" : 22.62336796505454
  },
  "NCPPServerlessWestGFSCollectionMeta" : {
    "transaction" : "NCPPServerlessWestGFSCollectionMeta",
    "sampleCount" : 8198,
    "errorCount" : 0,
    "errorPct" : 0.0,
    "meanResTime" : 675.0790436691893,
    "medianResTime" : 562.0,
    "minResTime" : 446.0,
    "maxResTime" : 7979.0,
    "pct1ResTime" : 775.0,
    "pct2ResTime" : 876.0,
    "pct3ResTime" : 6149.0,
    "throughput" : 135.11330861145447,
    "receivedKBytesPerSec" : 1026.9403134013185,
    "sentKBytesPerSec" : 32.32691465801401
  },
  "NCPPServerlessWestGFSAreaUS-1time-halfzedd" : {
    "transaction" : "NCPPServerlessWestGFSAreaUS-1time-halfzedd",
    "sampleCount" : 3264,
    "errorCount" : 66,
    "errorPct" : 2.0220587,
    "meanResTime" : 2051.983455882354,
    "medianResTime" : 766.0,
    "minResTime" : 501.0,
    "maxResTime" : 81668.0,
    "pct1ResTime" : 3187.5,
    "pct2ResTime" : 5045.0,
    "pct3ResTime" : 34600.999999999985,
    "throughput" : 25.79503066321047,
    "receivedKBytesPerSec" : 141.68591658203988,
    "sentKBytesPerSec" : 28.50666324702061
  },
  "NCPPServerlessWestNWM-position-1month" : {
    "transaction" : "NCPPServerlessWestNWM-position-1month",
    "sampleCount" : 340,
    "errorCount" : 2,
    "errorPct" : 0.5882353,
    "meanResTime" : 18913.24705882354,
    "medianResTime" : 19819.5,
    "minResTime" : 5234.0,
    "maxResTime" : 29253.0,
    "pct1ResTime" : 25176.200000000004,
    "pct2ResTime" : 25837.0,
    "pct3ResTime" : 27438.0,
    "throughput" : 4.493609822502411,