{
  "NCPPServerlessWestGFSPosition-1time-fullzedd" : {
    "transaction" : "NCPPServerlessWestGFSPosition-1time-fullzedd",
    "sampleCount" : 1908,
    "errorCount" : 0,
    "errorPct" : 0.0,
    "meanResTime" : 2975.5293501048272,
    "medianResTime" : 2955.5,
    "minResTime" : 2420.0,
    "maxResTime" : 4825.0,
    "pct1ResTime" : 3292.0,
    "pct2ResTime" : 3466.0,
    "pct3ResTime" : 4113.0,
    "throughput" : 29.77713964666958,
    "receivedKBytesPerSec" : 164.50124900508771,
    "sentKBytesPerSec" : 12.56223078843873
  },
  "NCPPServerlessWestGFSTrajectory20waypoints" : {
    "transaction" : "NCPPServerlessWestGFSTrajectory20waypoints",
    "sampleCount" : 2116,
    "errorCount" : 0,
    "errorPct" : 0.0,
    "meanResTime" : 2668.802457466913,
    "medianResTime" : 2631.0,
    "minResTime" : 2269.0,
    "maxResTime" : 4360.0,
    "pct1ResTime" : 2930.0,
    "pct2ResTime" : 3195.0,
    "pct3ResTime" : 3450.0,
    "throughput" : 33.764161480772295,
    "receivedKBytesPerSec" : 259.66090982527527,
    "sentKBytesPerSec" : 58.79052726583692
  },
  "NCPPServerlessWestGFSCorridor5waypoints" : {
    "transaction" : "NCPPServerlessWestGFSCorridor5waypoints",
    "sampleCount" : 380,
    "errorCount" : 0,
    "errorPct" : 0.0,
    "meanResTime" : 16265.121052631563,
    "medianResTime" : 16062.0,
    "minResTime" : 8811.0,
    "maxResTime" : 26597.0,
    "pct1ResTime" : 20846.3,
    "pct2ResTime" : 21657.0,
    "pct3ResTime" : 25433.0,
    "throughput" : 5.385182245904428,
    "receivedKBytesPerSec" : 77.10697469672922,
    "sentKBytesPerSec" : 4.033627717391305
  },
  "NCPPServerlessWestGFSAreaGlobe-1time-1zedd" : {
    "transaction" : "NCPPServerlessWestGFSAreaGlobe-1time-1zedd",
    "sampleCount" : 1438,
    "errorCount" : 6,
    "errorPct" : 0.41724616,
    "meanResTime" : 4122.792767732959,
    "medianResTime" : 3701.0,
    "minResTime" : 1269.0,
    "maxResTime" : 55768.0,
    "pct1ResTime" : 5514.0,
    "pct2ResTime" : 6681.0,
    "pct3ResTime" : 24049.059999999434,
    "throughput" : 15.072743281204144,
    "receivedKBytesPerSec" : 30005.597577145614,
    "sentKBytesPerSec" : 7.812745665800176
  },
  "NCPPServerlessWestGFSPosition-halftime-fullzedd" : {
    "transaction" : "NCPPServerlessWestGFSPosition-halftime-fullzedd",
    "sampleCount" : 1826,
    "errorCount" : 0,
    "errorPct" : 0.0,
    "meanResTime" : 3091.5016429353755,
    "medianResTime" : 3055.0,
    "minResTime" : 2467.0,
    "maxResTime" : 7494.0,
    "pct1ResTime" : 3474.0,
    "pct2ResTime" : 3593.0,
    "pct3ResTime" : 4152.0,
    "throughput" : 28.838105465973875,
    "receivedKBytesPerSec" : 2858.3237444033384,
    "sentKBytesPerSec" : 12.16607574345773
  },
  "NCPPServerlessWestGFSPosition-1time-1zedd" : {
    "transaction" : "NCPPServerlessWestGFSPosition-1time-1zedd",
    "sampleCount" : 7724,
    "errorCount" : 0,
    "errorPct" : 0.0,
    "meanResTime" : 718.1941998964285,
    "medianResTime" : 668.0,
    "minResTime" : 419.0,
    "maxResTime" : 4884.0,
    "pct1ResTime" : 833.0,
    "pct2ResTime" : 900.75,
    "pct3ResTime" : 3023.0,
    "throughput" : 127.24666809443008,
    "receivedKBytesPerSec" : 388.8230707690153,
    "sentKBytesPerSec" : 50.57557999456352
  },
  "NCPPServerlessWestGFSPosition-fulltime-1zedd" : {
    "transaction" : "NCPPServerlessWestGFSPosition-fulltime-1zedd",
    "sampleCount" : 7734,
    "errorCount" : 0,
    "errorPct" : 0.0,
    "meanResTime" : 716.7794155676228,
    "medianResTime" : 665.0,
    "minResTime" : 437.0,
    "maxResTime" : 3720.0,
    "pct1ResTime" : 828.0,
    "pct2ResTime" : 910.5,
    "pct3ResTime" : 2864.0,
    "throughput" : 127.30654639429802,
    "receivedKBytesPerSec" : 1676.492947389755,
    "sentKBytesPerSec" : 54.329063256160396
  },
  "NCPPServerlessWestGFSCorridor10waypoints" : {
    "transaction" : "NCPPServerlessWestGFSCorridor10waypoints",
    "sampleCount" : 256,
    "errorCount" : 110,
    "errorPct" : 42.96875,
    "meanResTime" : 25165.9765625,
    "medianResTime" : 27736.0,
    "minResTime" : 10372.0,
    "maxResTime" : 29344.0,
    "pct1ResTime" : 29288.0,
    "pct2ResTime" : 29322.15,
    "pct3ResTime" : 29338.3,
    "throughput" : 3.390369232399216,
    "receivedKBytesPerSec" : 42.72224259350003,
    "sentKBytesPerSec" : 3.744636329925306
  },
  "NCPPServerlessWestGFSPosition-halftime-1zedd" : {
    "transaction" : "NCPPServerlessWestGFSPosition-halftime-1zedd",
    "sampleCount" : 8016,
    "errorCount" : 0,
    "errorPct" : 0.0,
    "meanResTime" : 691.6828842315398,
    "medianResTime" : 668.0,
    "minResTime" : 436.0,
    "maxResTime" : 5260.0,
    "pct1ResTime" : 826.0,
    "pct2ResTime" : 890.2999999999993,
    "pct3ResTime" : 1280.5399999999972,
    "throughput" : 130.51548406004753,
    "receivedKBytesPerSec" : 1113.4602233872806,
    "sentKBytesPerSec" : 55.69850247484451
  },
  "NCPPServerlessWestGFSAreaTexas-halftime-1zedd" : {
    "transaction" : "NCPPServerlessWestGFSAreaTexas-halftime-1zedd",
    "sampleCount" : 5770,
    "errorCount" : 0,
    "errorPct" : 0.0,
    "meanResTime" : 963.7331022530332,
    "medianResTime" : 1004.0,
    "minResTime" : 569.0,
    "maxResTime" : 3398.0,
    "pct1ResTime" : 1202.0,
    "pct2ResTime" : 1282.0,
    "pct3ResTime" : 1817.0,
    "throughput" : 93.64298813639094,
    "receivedKBytesPerSec" : 21772.909224016912,
    "sentKBytesPerSec" : 71.8783092531282
  },
  "NCPPServerlessWestGFSAreaTexas-fulltime-1zedd" : {
    "transaction" : "NCPPServerlessWestGFSAreaTexas-fulltime-1zedd",
    "sampleCount" : 5298,
    "errorCount" : 0,
    "errorPct" : 0.0,
    "meanResTime" : 1050.4073235183112,
    "medianResTime" : 1084.0,
    "minResTime" : 643.0,
    "maxResTime" : 3110.0,
    "pct1ResTime" : 1334.0,
    "pct2ResTime" : 1456.1500000000005,
    "pct3ResTime" : 1766.0200000000004,
    "throughput" : 86.57287121917742,
    "receivedKBytesPerSec" : 36622.18448974214,
    "sentKBytesPerSec" : 66.45144216628266
  },
  "NCPPServerlessWestGFSCorridor20waypoints" : {
    "transaction" : "NCPPServerlessWestGFSCorridor20waypoints",
    "sampleCount" : 800,
    "errorCount" : 800,
    "errorPct" : 100.0,
    "meanResTime" : 7272.399999999995,
    "medianResTime" : 7356.0,
    "minResTime" : 1934.0,
    "maxResTime" : 14485.0,
    "pct1ResTime" : 10812.0,
    "pct2ResTime" : 11575.349999999999,
    "pct3ResTime" : 14234.400000000009,
    "throughput" : 12.30655631787835,
    "receivedKBytesPerSec" : 6.165296280343353,
    "sentKBytesPerSec" : 22.185452112112728
  },
  "NCPPServerlessWestGFSCollectionMeta" : {
    "transaction" : "NCPPServerlessWestGFSCollectionMeta",
    "sampleCount" : 7964,
    "errorCount" : 0,
    "errorPct" : 0.0,
    "meanResTime" : 695.3046207935715,
    "medianResTime" : 586.0,
    "minResTime" : 430.0,
    "maxResTime" : 7156.0,
    "pct1ResTime" : 801.0,
    "pct2ResTime" : 963.0,
    "pct3ResTime" : 6103.0,
    "throughput" : 130.9480745831826,
    "receivedKBytesPerSec" : 995.2820942196389,
    "sentKBytesPerSec" : 31.33034987585912
  },
  "NCPPServerlessWestGFSAreaUS-1time-halfzedd" : {
    "transaction" : "NCPPServerlessWestGFSAreaUS-1time-halfzedd",
    "sampleCount" : 1670,
    "errorCount" : 0,
    "errorPct" : 0.0,
    "meanResTime" : 3412.2574850299425,
    "medianResTime" : 3289.0,
    "minResTime" : 2536.0,
    "maxResTime" : 7765.0,
    "pct1ResTime" : 3906.0,
    "pct2ResTime" : 4500.0,
    "pct3ResTime" : 6380.089999999992,
    "throughput" : 26.23352550307105,
    "receivedKBytesPerSec" : 23263.731580324464,
    "sentKBytesPerSec" : 29.58957222270221
  },
  "NCPPServerlessWestNWM-position-1month" : {
    "transaction" : "NCPPServerlessWestNWM-position-1month",
    "sampleCount" : 338,
    "errorCount" : 6,
    "errorPct" : 1.7751479,
    "meanResTime" : 18817.467455621292,
    "medianResTime" : 19190.0,
    "minResTime" : 6740.0,
    "maxResTime" : 29522.0,
    "pct1ResTime" : 26536.0,
    "pct2ResTime" : 27982.200000000008,
    "pct3ResTime" : 29321.0,
    "throughput" : 4.576163333829761,