{
  "WIFSOpmetNamCarAllDataVarFiveMinuteTAC" : {
    "transaction" : "WIFSOpmetNamCarAllDataVarFiveMinuteTAC",
    "sampleCount" : 2859,
    "errorCount" : 0,
    "errorPct" : 0.0,
    "meanResTime" : 1545.6302903113008,
    "medianResTime" : 1386.0,
    "minResTime" : 232.0,
    "maxResTime" : 7688.0,
    "pct1ResTime" : 2247.0,
    "pct2ResTime" : 3533.0,
    "pct3ResTime" : 4737.000000000002,
    "throughput" : 0.7946129742872247,
    "receivedKBytesPerSec" : 0.28323606993636424,
    "sentKBytesPerSec" : 0.23667671597422218
  },
  "WIFSGriddedHighResCubeFullTimeFullVertUSA" : {
    "transaction" : "WIFSGriddedHighResCubeFullTimeFullVertUSA",
    "sampleCount" : 3462,
    "errorCount" : 9,
    "errorPct" : 0.25996533,
    "meanResTime" : 9091.767475447714,
    "medianResTime" : 6611.5,
    "minResTime" : 1028.0,
    "maxResTime" : 60005.0,
    "pct1ResTime" : 20697.200000000048,
    "pct2ResTime" : 26148.84999999999,
    "pct3ResTime" : 41144.28,
    "throughput" : 0.959345849166558,
    "receivedKBytesPerSec" : 0.2744978904678931,
    "sentKBytesPerSec" : 0.33727002509761805
  },
  "WIFSOpmetEurNatAllDataVarOneMinuteIWXXM" : {
    "transaction" : "WIFSOpmetEurNatAllDataVarOneMinuteIWXXM",
    "sampleCount" : 2855,
    "errorCount" : 0,
    "errorPct" : 0.0,
    "meanResTime" : 1367.831523642727,
    "medianResTime" : 1235.0,
    "minResTime" : 83.0,
    "maxResTime" : 10497.0,
    "pct1ResTime" : 1990.8000000000002,
    "pct2ResTime" : 2949.199999999999,
    "pct3ResTime" : 4319.720000000001,
    "throughput" : 0.7941196759212901,
    "receivedKBytesPerSec" : 0.28461125103819673,
    "sentKBytesPerSec" : 0.2303257263170148
  },
  "WIFSGriddedHighResCubeFullTimeFullVertRoughlyGlobal" : {
    "transaction" : "WIFSGriddedHighResCubeFullTimeFullVertRoughlyGlobal",
    "sampleCount" : 3437,
    "errorCount" : 10,
    "errorPct" : 0.2909514,
    "meanResTime" : 13194.379400640053,
    "medianResTime" : 11120.0,
    "minResTime" : 3550.0,
    "maxResTime" : 60010.0,
    "pct1ResTime" : 24480.40000000002,
    "pct2ResTime" : 30282.6,
    "pct3ResTime" : 44006.019999999975,
    "throughput" : 0.9523954671850299,
    "receivedKBytesPerSec" : 0.2725088875753541,
    "sentKBytesPerSec" : 0.3329663840353913
  },
  "WIFSGriddedLowResCubeFullTimeFullVertUSA" : {
    "transaction" : "WIFSGriddedLowResCubeFullTimeFullVertUSA",
    "sampleCount" : 3431,
    "errorCount" : 13,
    "errorPct" : 0.3788983,
    "meanResTime" : 8804.341008452333,
    "medianResTime" : 6245.0,
    "minResTime" : 927.0,
    "maxResTime" : 60010.0,
    "pct1ResTime" : 19930.4,
    "pct2ResTime" : 25961.799999999974,
    "pct3ResTime" : 41808.91999999986,
    "throughput" : 0.9529615829550141,
    "receivedKBytesPerSec" : 0.27267005180739123,
    "sentKBytesPerSec" : 0.3219967848656591
  },
  "WIFSOpmetNamCarAllDataVarOneMinuteTAC" : {
    "transaction" : "WIFSOpmetNamCarAllDataVarOneMinuteTAC",
    "sampleCount" : 2861,
    "errorCount" : 0,
    "errorPct" : 0.0,
    "meanResTime" : 1356.9891646277545,
    "medianResTime" : 1217.0,
    "minResTime" : 79.0,
    "maxResTime" : 9697.0,
    "pct1ResTime" : 1979.0,
    "pct2ResTime" : 3041.6000000000013,
    "pct3ResTime" : 4252.7400000000025,
    "throughput" : 0.7948323948236159,
    "receivedKBytesPerSec" : 0.2833142813580271,
    "sentKBytesPerSec" : 0.23674207072383088
  },
  "WIFSOpmetGlobalAllDataVarOneMinuteTAC" : {
    "transaction" : "WIFSOpmetGlobalAllDataVarOneMinuteTAC",
    "sampleCount" : 2867,
    "errorCount" : 0,
    "errorPct" : 0.0,
    "meanResTime" : 1345.546564352982,
    "medianResTime" : 1220.0,
    "minResTime" : 84.0,
    "maxResTime" : 6418.0,
    "pct1ResTime" : 1948.6000000000008,
    "pct2ResTime" : 2990.5999999999995,
    "pct3ResTime" : 4108.32,
    "throughput" : 0.7961407583525357,
    "receivedKBytesPerSec" : 0.28300316019562793,
    "sentKBytesPerSec" : 0.23635428763590904
  },
  "WIFSOpmetGlobalAllDataVarFiveMinuteTAC" : {
    "transaction" : "WIFSOpmetGlobalAllDataVarFiveMinuteTAC",
    "sampleCount" : 2863,
    "errorCount" : 0,
    "errorPct" : 0.0,
    "meanResTime" : 1555.3440447083497,
    "medianResTime" : 1398.0,
    "minResTime" : 226.0,
    "maxResTime" : 11226.0,
    "pct1ResTime" : 2282.5999999999995,
    "pct2ResTime" : 3567.399999999999,
    "pct3ResTime" : 4688.600000000001,
    "throughput" : 0.7952711505181901,
    "receivedKBytesPerSec" : 0.2826940417857629,
    "sentKBytesPerSec" : 0.23609612281008768
  },
  "WIFSGriddedHighResCubeFullTimeFullVertNorthAmerica" : {
    "transaction" : "WIFSGriddedHighResCubeFullTimeFullVertNorthAmerica",
    "sampleCount" : 3452,
    "errorCount" : 16,
    "errorPct" : 0.46349943,
    "meanResTime" : 10111.081402085734,
    "medianResTime" : 7701.0,
    "minResTime" : 1383.0,
    "maxResTime" : 60010.0,
    "pct1ResTime" : 21386.2,
    "pct2ResTime" : 27220.399999999987,
    "pct3ResTime" : 43776.13999999995,
    "throughput" : 0.9576806151794042,
    "receivedKBytesPerSec" : 0.274019513089319,
    "sentKBytesPerSec" : 0.33761982624977044
  },
  "WIFSOpmetGlobalAllDataVarOneMinuteIWXXM" : {
    "transaction" : "WIFSOpmetGlobalAllDataVarOneMinuteIWXXM",
    "sampleCount" : 2866,
    "errorCount" : 0,
    "errorPct" : 0.0,
    "meanResTime" : 1370.1859734822074,
    "medianResTime" : 1238.0,
    "minResTime" : 79.0,
    "maxResTime" : 5262.0,
    "pct1ResTime" : 2044.9000000000005,
    "pct2ResTime" : 3011.2000000000007,
    "pct3ResTime" : 4143.189999999997,
    "throughput" : 0.7959846379964073,
    "receivedKBytesPerSec" : 0.28450232178387214,
    "sentKBytesPerSec" : 0.23008930942083647
  },
  "WIFSOpmetEurNatAllDataVarOneMinuteTAC" : {
    "transaction" : "WIFSOpmetEurNatAllDataVarOneMinuteTAC",
    "sampleCount" : 2856,
    "errorCount" : 0,
    "errorPct" : 0.0,
    "meanResTime" : 1354.5112044817927,
    "medianResTime" : 1215.0,
    "minResTime" : 78.0,
    "maxResTime" : 8734.0,
    "pct1ResTime" : 1994.0,
    "pct2ResTime" : 3003.800000000001,
    "pct3ResTime" : 4226.769999999993,
    "throughput" : 0.793634473525232,
    "receivedKBytesPerSec" : 0.28288728792647433,
    "sentKBytesPerSec" : 0.23638526799335527
  },
  "WIFSGriddedLowResItemGlobal" : {
    "transaction" : "WIFSGriddedLowResItemGlobal",
    "sampleCount" : 3463,
    "errorCount" : 0,
    "errorPct" : 0.0,
    "meanResTime" : 1616.999711233032,
    "medianResTime" : 1344.0,
    "minResTime" : 52.0,
    "maxResTime" : 5903.0,
    "pct1ResTime" : 3051.6,
    "pct2ResTime" : 3769.7999999999997,
    "pct3ResTime" : 4560.640000000007,
    "throughput" : 0.961624170172212,
    "receivedKBytesPerSec" : 15.503988871137086,
    "sentKBytesPerSec" : 0.2112943733288552
  },
  "WIFSOpmetNamCarAllDataVarFiveMinuteIWXXM" : {
    "transaction" : "WIFSOpmetNamCarAllDataVarFiveMinuteIWXXM",
    "sampleCount" : 2859,
    "errorCount" : 0,
    "errorPct" : 0.0,
    "meanResTime" : 1506.0779993004553,
    "medianResTime" : 1367.0,
    "minResTime" : 241.0,
    "maxResTime" : 6000.0,
    "pct1ResTime" : 2159.0,
    "pct2ResTime" : 3265.0,
    "pct3ResTime" : 4475.8,
    "throughput" : 0.7941545337501789,
    "receivedKBytesPerSec" : 0.2846237440296051,
    "sentKBytesPerSec" : 0.23033583644902647
  },
  "WIFSOpmetEurNatAllDataVarFiveMinuteTAC" : {
    "transaction" : "WIFSOpmetEurNatAllDataVarFiveMinuteTAC",
    "sampleCount" : 2855,
    "errorCount" : 0,
    "errorPct" : 0.0,
    "meanResTime" : 1548.9183887915933,
    "medianResTime" : 1389.0,
    "minResTime" : 230.0,
    "maxResTime" : 6906.0,
    "pct1ResTime" : 2297.4,
    "pct2ResTime" : 3433.999999999999,
    "pct3ResTime" : 4740.120000000001,
    "throughput" : 0.7935285867631094,
    "receivedKBytesPerSec" : 0.2828495450864599,
    "sentKBytesPerSec" : 0.23635372945580896
  },
  "WIFSGriddedLowResCubeFullTimeFullVertRoughlyGlobal" : {
    "transaction" : "WIFSGriddedLowResCubeFullTimeFullVertRoughlyGlobal",
    "sampleCount" : 3399,
    "errorCount" : 14,
    "errorPct" : 0.41188586,
    "meanResTime" : 9328.032068255376,