{
  "WIFSOpmetNamCarAllDataVarFiveMinuteTAC" : {
    "transaction" : "WIFSOpmetNamCarAllDataVarFiveMinuteTAC",
    "sampleCount" : 7542,
    "errorCount" : 0,
    "errorPct" : 0.0,
    "meanResTime" : 761.7450278440724,
    "medianResTime" : 624.0,
    "minResTime" : 349.0,
    "maxResTime" : 12518.0,
    "pct1ResTime" : 1280.6999999999998,
    "pct2ResTime" : 1583.8499999999995,
    "pct3ResTime" : 2177.5699999999997,
    "throughput" : 2.096952495768282,
    "receivedKBytesPerSec" : 0.7474488876517802,
    "sentKBytesPerSec" : 0.6266283825245061
  },
  "WIFSGriddedHighResCubeFullTimeFullVertUSA" : {
    "transaction" : "WIFSGriddedHighResCubeFullTimeFullVertUSA",
    "sampleCount" : 2861,
    "errorCount" : 0,
    "errorPct" : 0.0,
    "meanResTime" : 12023.058720727011,
    "medianResTime" : 9934.0,
    "minResTime" : 934.0,
    "maxResTime" : 54306.0,
    "pct1ResTime" : 25001.0,
    "pct2ResTime" : 29565.100000000002,
    "pct3ResTime" : 41159.84000000001,
    "throughput" : 0.7882105086836775,
    "receivedKBytesPerSec" : 0.2255328896917163,
    "sentKBytesPerSec" : 0.2778749937839918
  },
  "WIFSOpmetEurNatAllDataVarOneMinuteIWXXM" : {
    "transaction" : "WIFSOpmetEurNatAllDataVarOneMinuteIWXXM",
    "sampleCount" : 7538,
    "errorCount" : 0,
    "errorPct" : 0.0,
    "meanResTime" : 347.55757495356886,
    "medianResTime" : 220.0,
    "minResTime" : 114.0,
    "maxResTime" : 3704.0,
    "pct1ResTime" : 749.0,
    "pct2ResTime" : 1000.0499999999993,
    "pct3ResTime" : 1448.659999999998,
    "throughput" : 2.0973162531993252,
    "receivedKBytesPerSec" : 0.7516748680899926,
    "sentKBytesPerSec" : 0.6103518002474599
  },
  "WIFSGriddedHighResCubeFullTimeFullVertRoughlyGlobal" : {
    "transaction" : "WIFSGriddedHighResCubeFullTimeFullVertRoughlyGlobal",
    "sampleCount" : 2829,
    "errorCount" : 3,
    "errorPct" : 0.10604454,
    "meanResTime" : 18884.495581477542,
    "medianResTime" : 17116.0,
    "minResTime" : 4766.0,
    "maxResTime" : 59746.0,
    "pct1ResTime" : 31806.0,
    "pct2ResTime" : 37060.0,
    "pct3ResTime" : 47824.89999999997,
    "throughput" : 0.7805839065617058,
    "receivedKBytesPerSec" : 0.22333773472356733,
    "sentKBytesPerSec" : 0.27366174067934806
  },
  "WIFSGriddedLowResCubeFullTimeFullVertUSA" : {
    "transaction" : "WIFSGriddedLowResCubeFullTimeFullVertUSA",
    "sampleCount" : 2807,
    "errorCount" : 1,
    "errorPct" : 0.035625223,
    "meanResTime" : 10357.154257214128,
    "medianResTime" : 8245.0,
    "minResTime" : 671.0,
    "maxResTime" : 49210.0,
    "pct1ResTime" : 22603.000000000015,
    "pct2ResTime" : 27787.799999999996,
    "pct3ResTime" : 39384.72,
    "throughput" : 0.7792284943900822,
    "receivedKBytesPerSec" : 0.22299347448186302,
    "sentKBytesPerSec" : 0.2640549683138267
  },
  "WIFSOpmetNamCarAllDataVarOneMinuteTAC" : {
    "transaction" : "WIFSOpmetNamCarAllDataVarOneMinuteTAC",
    "sampleCount" : 7544,
    "errorCount" : 0,
    "errorPct" : 0.0,
    "meanResTime" : 329.9628844114526,
    "medianResTime" : 209.0,
    "minResTime" : 111.0,
    "maxResTime" : 6808.0,
    "pct1ResTime" : 708.0,
    "pct2ResTime" : 948.0,
    "pct3ResTime" : 1413.0,
    "throughput" : 2.0970741867791483,
    "receivedKBytesPerSec" : 0.7474922638421768,
    "sentKBytesPerSec" : 0.6266647472211127
  },
  "WIFSOpmetGlobalAllDataVarOneMinuteTAC" : {
    "transaction" : "WIFSOpmetGlobalAllDataVarOneMinuteTAC",
    "sampleCount" : 7549,
    "errorCount" : 0,
    "errorPct" : 0.0,
    "meanResTime" : 337.04994038945534,
    "medianResTime" : 209.0,
    "minResTime" : 113.0,
    "maxResTime" : 11620.0,
    "pct1ResTime" : 716.0,
    "pct2ResTime" : 965.0,
    "pct3ResTime" : 1473.0,
    "throughput" : 2.0968926045994976,
    "receivedKBytesPerSec" : 0.7453797930412276,
    "sentKBytesPerSec" : 0.624562738674655
  },
  "WIFSOpmetGlobalAllDataVarFiveMinuteTAC" : {
    "transaction" : "WIFSOpmetGlobalAllDataVarFiveMinuteTAC",
    "sampleCount" : 7546,
    "errorCount" : 0,
    "errorPct" : 0.0,
    "meanResTime" : 769.0106016432547,
    "medianResTime" : 625.0,
    "minResTime" : 344.0,
    "maxResTime" : 14215.0,
    "pct1ResTime" : 1297.0,
    "pct2ResTime" : 1621.6499999999996,
    "pct3ResTime" : 2264.5899999999992,
    "throughput" : 2.095863682759674,
    "receivedKBytesPerSec" : 0.7450140434809779,
    "sentKBytesPerSec" : 0.6242562726969733
  },
  "WIFSGriddedHighResCubeFullTimeFullVertNorthAmerica" : {
    "transaction" : "WIFSGriddedHighResCubeFullTimeFullVertNorthAmerica",
    "sampleCount" : 2846,
    "errorCount" : 2,
    "errorPct" : 0.07027407,
    "meanResTime" : 12826.394940267028,
    "medianResTime" : 10929.5,
    "minResTime" : 1360.0,
    "maxResTime" : 55392.0,
    "pct1ResTime" : 25666.70000000001,
    "pct2ResTime" : 31633.750000000007,
    "pct3ResTime" : 42013.210000000014,
    "throughput" : 0.7858648157884273,
    "receivedKBytesPerSec" : 0.2248878667932905,
    "sentKBytesPerSec" : 0.27781549151895574
  },
  "WIFSOpmetGlobalAllDataVarOneMinuteIWXXM" : {
    "transaction" : "WIFSOpmetGlobalAllDataVarOneMinuteIWXXM",
    "sampleCount" : 7548,
    "errorCount" : 0,
    "errorPct" : 0.0,
    "meanResTime" : 358.088235294119,
    "medianResTime" : 221.0,
    "minResTime" : 114.0,
    "maxResTime" : 6934.0,
    "pct1ResTime" : 773.1000000000004,
    "pct2ResTime" : 1051.0,
    "pct3ResTime" : 1558.0800000000017,
    "throughput" : 2.09684781101923,
    "receivedKBytesPerSec" : 0.7494592762041388,
    "sentKBytesPerSec" : 0.6081677733131946
  },
  "WIFSOpmetEurNatAllDataVarOneMinuteTAC" : {
    "transaction" : "WIFSOpmetEurNatAllDataVarOneMinuteTAC",
    "sampleCount" : 7539,
    "errorCount" : 0,
    "errorPct" : 0.0,
    "meanResTime" : 337.9021090330287,
    "medianResTime" : 212.0,
    "minResTime" : 114.0,
    "maxResTime" : 11102.0,
    "pct1ResTime" : 722.0,
    "pct2ResTime" : 982.0,
    "pct3ResTime" : 1457.2000000000025,
    "throughput" : 2.097142278544112,
    "receivedKBytesPerSec" : 0.747516534832618,
    "sentKBytesPerSec" : 0.6266850949555648
  },
  "WIFSGriddedLowResItemGlobal" : {
    "transaction" : "WIFSGriddedLowResItemGlobal",
    "sampleCount" : 2863,
    "errorCount" : 0,
    "errorPct" : 0.0,
    "meanResTime" : 380.4889975550125,
    "medianResTime" : 217.0,
    "minResTime" : 76.0,
    "maxResTime" : 8407.0,
    "pct1ResTime" : 914.5999999999999,
    "pct2ResTime" : 1160.199999999999,
    "pct3ResTime" : 1681.3600000000033,
    "throughput" : 0.7957421817566308,
    "receivedKBytesPerSec" : 12.747755215526478,
    "sentKBytesPerSec" : 0.1756227862080064
  },
  "WIFSOpmetNamCarAllDataVarFiveMinuteIWXXM" : {
    "transaction" : "WIFSOpmetNamCarAllDataVarFiveMinuteIWXXM",
    "sampleCount" : 7541,
    "errorCount" : 0,
    "errorPct" : 0.0,
    "meanResTime" : 739.4857445962067,
    "medianResTime" : 608.0,
    "minResTime" : 340.0,
    "maxResTime" : 8923.0,
    "pct1ResTime" : 1220.8000000000002,
    "pct2ResTime" : 1520.0,
    "pct3ResTime" : 2153.8999999999996,
    "throughput" : 2.096645894830729,
    "receivedKBytesPerSec" : 0.7514346126981227,
    "sentKBytesPerSec" : 0.610156715487849
  },
  "WIFSOpmetEurNatAllDataVarFiveMinuteTAC" : {
    "transaction" : "WIFSOpmetEurNatAllDataVarFiveMinuteTAC",
    "sampleCount" : 7538,
    "errorCount" : 0,
    "errorPct" : 0.0,
    "meanResTime" : 775.3767577606764,
    "medianResTime" : 631.0,
    "minResTime" : 347.0,
    "maxResTime" : 4954.0,
    "pct1ResTime" : 1310.0,
    "pct2ResTime" : 1653.0,
    "pct3ResTime" : 2232.0499999999984,
    "throughput" : 2.096875188636706,
    "receivedKBytesPerSec" : 0.747421331887107,
    "sentKBytesPerSec" : 0.6266052809793281
  },
  "WIFSGriddedLowResCubeFullTimeFullVertRoughlyGlobal" : {
    "transaction" : "WIFSGriddedLowResCubeFullTimeFullVertRoughlyGlobal",
    "sampleCount" : 2786,
    "errorCount" : 1,
    "errorPct" : 0.035893753,
    "meanResTime" : 11539.349964106254,
    "medianResTime" : 9806.0,
    "minResTime" : 963.0,
    "maxResTime" : 60008.0,