{
  "WIFSOpmetNamCarAllDataVarFiveMinuteTAC" : {
    "transaction" : "WIFSOpmetNamCarAllDataVarFiveMinuteTAC",
    "sampleCount" : 28514,
    "errorCount" : 3,
    "errorPct" : 0.010521147,
    "meanResTime" : 209.21354422389027,
    "medianResTime" : 153.0,
    "minResTime" : 99.0,
    "maxResTime" : 60003.0,
    "pct1ResTime" : 227.0,
    "pct2ResTime" : 289.0,
    "pct3ResTime" : 464.9900000000016,
    "throughput" : 7.9968521894867495,
    "receivedKBytesPerSec" : 2.8503804978884655,
    "sentKBytesPerSec" : 2.381874919720175
  },
  "WIFSGriddedHighResCubeFullTimeFullVertUSA" : {
    "transaction" : "WIFSGriddedHighResCubeFullTimeFullVertUSA",
    "sampleCount" : 1540,
    "errorCount" : 743,
    "errorPct" : 48.246754,
    "meanResTime" : 18118.991558441583,
    "medianResTime" : 2718.0,
    "minResTime" : 1.0,
    "maxResTime" : 58555.0,
    "pct1ResTime" : 48189.1,
    "pct2ResTime" : 51129.149999999994,
    "pct3ResTime" : 55620.83999999998,
    "throughput" : 0.42355435261229896,
    "receivedKBytesPerSec" : 287.3752736966456,
    "sentKBytesPerSec" : 0.14890582709026137
  },
  "WIFSOpmetEurNatAllDataVarOneMinuteIWXXM" : {
    "transaction" : "WIFSOpmetEurNatAllDataVarOneMinuteIWXXM",
    "sampleCount" : 28510,
    "errorCount" : 1,
    "errorPct" : 0.0035075413,
    "meanResTime" : 78.90140301648557,
    "medianResTime" : 54.0,
    "minResTime" : 35.0,
    "maxResTime" : 60001.0,
    "pct1ResTime" : 82.0,
    "pct2ResTime" : 101.0,
    "pct3ResTime" : 155.9900000000016,
    "throughput" : 7.996802401004158,
    "receivedKBytesPerSec" : 2.8660209417314717,
    "sentKBytesPerSec" : 2.319385071384995
  },
  "WIFSGriddedHighResCubeFullTimeFullVertRoughlyGlobal" : {
    "transaction" : "WIFSGriddedHighResCubeFullTimeFullVertRoughlyGlobal",
    "sampleCount" : 1514,
    "errorCount" : 508,
    "errorPct" : 33.5535,
    "meanResTime" : 32417.896961690858,
    "medianResTime" : 46772.0,
    "minResTime" : 1.0,
    "maxResTime" : 60063.0,
    "pct1ResTime" : 57022.5,
    "pct2ResTime" : 59864.25,
    "pct3ResTime" : 60002.0,
    "throughput" : 0.4164434082564719,
    "receivedKBytesPerSec" : 7499.439391223225,
    "sentKBytesPerSec" : 0.145592519683415
  },
  "WIFSGriddedLowResCubeFullTimeFullVertUSA" : {
    "transaction" : "WIFSGriddedLowResCubeFullTimeFullVertUSA",
    "sampleCount" : 1501,
    "errorCount" : 753,
    "errorPct" : 50.166557,
    "meanResTime" : 18510.219187208568,
    "medianResTime" : 9.0,
    "minResTime" : 1.0,
    "maxResTime" : 60002.0,
    "pct1ResTime" : 49073.59999999999,
    "pct2ResTime" : 52700.7,
    "pct3ResTime" : 56965.08,
    "throughput" : 0.41471305779735146,
    "receivedKBytesPerSec" : 25.698214517909886,
    "sentKBytesPerSec" : 0.14012765429480822
  },
  "WIFSOpmetNamCarAllDataVarOneMinuteTAC" : {
    "transaction" : "WIFSOpmetNamCarAllDataVarOneMinuteTAC",
    "sampleCount" : 28514,
    "errorCount" : 0,
    "errorPct" : 0.0,
    "meanResTime" : 76.57410394893715,
    "medianResTime" : 54.0,
    "minResTime" : 34.0,
    "maxResTime" : 5198.0,
    "pct1ResTime" : 82.90000000000146,
    "pct2ResTime" : 103.0,
    "pct3ResTime" : 161.9900000000016,
    "throughput" : 7.997269361909674,
    "receivedKBytesPerSec" : 2.8505891768525693,
    "sentKBytesPerSec" : 2.381999175178174
  },
  "WIFSOpmetGlobalAllDataVarOneMinuteTAC" : {
    "transaction" : "WIFSOpmetGlobalAllDataVarOneMinuteTAC",
    "sampleCount" : 28521,
    "errorCount" : 1,
    "errorPct" : 0.0035061885,
    "meanResTime" : 78.76273622944524,
    "medianResTime" : 54.0,
    "minResTime" : 35.0,
    "maxResTime" : 60001.0,
    "pct1ResTime" : 82.0,
    "pct2ResTime" : 102.0,
    "pct3ResTime" : 158.0,
    "throughput" : 7.976570066481207,
    "receivedKBytesPerSec" : 2.835401726271165,
    "sentKBytesPerSec" : 2.368044238486608
  },
  "WIFSOpmetGlobalAllDataVarFiveMinuteTAC" : {
    "transaction" : "WIFSOpmetGlobalAllDataVarFiveMinuteTAC",
    "sampleCount" : 28520,
    "errorCount" : 3,
    "errorPct" : 0.010518934,
    "meanResTime" : 210.2219495091163,
    "medianResTime" : 153.0,
    "minResTime" : 97.0,
    "maxResTime" : 60002.0,
    "pct1ResTime" : 227.0,
    "pct2ResTime" : 288.0,
    "pct3ResTime" : 466.0,
    "throughput" : 7.859033410536671,
    "receivedKBytesPerSec" : 2.7935826562540904,
    "sentKBytesPerSec" : 2.333150543753074
  },
  "WIFSGriddedHighResCubeFullTimeFullVertNorthAmerica" : {
    "transaction" : "WIFSGriddedHighResCubeFullTimeFullVertNorthAmerica",
    "sampleCount" : 1533,
    "errorCount" : 454,
    "errorPct" : 29.615133,
    "meanResTime" : 28520.171559034537,
    "medianResTime" : 40922.0,
    "minResTime" : 1.0,
    "maxResTime" : 60001.0,
    "pct1ResTime" : 51999.0,
    "pct2ResTime" : 54192.4,
    "pct3ResTime" : 57365.12,
    "throughput" : 0.4220691796990506,
    "receivedKBytesPerSec" : 1411.8521443292816,
    "sentKBytesPerSec" : 0.14879587292124732
  },
  "WIFSOpmetGlobalAllDataVarOneMinuteIWXXM" : {
    "transaction" : "WIFSOpmetGlobalAllDataVarOneMinuteIWXXM",
    "sampleCount" : 28521,
    "errorCount" : 2,
    "errorPct" : 0.007012377,
    "meanResTime" : 81.51207881911593,
    "medianResTime" : 54.0,
    "minResTime" : 35.0,
    "maxResTime" : 60001.0,
    "pct1ResTime" : 82.0,
    "pct2ResTime" : 101.0,
    "pct3ResTime" : 159.0,
    "throughput" : 7.862665118448606,
    "receivedKBytesPerSec" : 2.8102486647790865,
    "sentKBytesPerSec" : 2.27280163580155
  },
  "WIFSOpmetEurNatAllDataVarOneMinuteTAC" : {
    "transaction" : "WIFSOpmetEurNatAllDataVarOneMinuteTAC",
    "sampleCount" : 28510,
    "errorCount" : 0,
    "errorPct" : 0.0,
    "meanResTime" : 79.15755875131514,
    "medianResTime" : 54.0,
    "minResTime" : 36.0,
    "maxResTime" : 34232.0,
    "pct1ResTime" : 82.0,
    "pct2ResTime" : 103.0,
    "pct3ResTime" : 161.0,
    "throughput" : 7.996887637137085,
    "receivedKBytesPerSec" : 2.850453112846715,
    "sentKBytesPerSec" : 2.381885477858214
  },
  "WIFSGriddedLowResItemGlobal" : {
    "transaction" : "WIFSGriddedLowResItemGlobal",
    "sampleCount" : 1542,
    "errorCount" : 2,
    "errorPct" : 0.12970169,
    "meanResTime" : 231.19325551232134,
    "medianResTime" : 126.0,
    "minResTime" : 45.0,
    "maxResTime" : 60002.0,
    "pct1ResTime" : 270.70000000000005,
    "pct2ResTime" : 413.94999999999936,
    "pct3ResTime" : 908.6499999999971,
    "throughput" : 0.4217949261516957,
    "receivedKBytesPerSec" : 6.792761572006713,
    "sentKBytesPerSec" : 0.09267954920325346
  },
  "WIFSOpmetNamCarAllDataVarFiveMinuteIWXXM" : {
    "transaction" : "WIFSOpmetNamCarAllDataVarFiveMinuteIWXXM",
    "sampleCount" : 28514,
    "errorCount" : 6,
    "errorPct" : 0.021042295,
    "meanResTime" : 214.61902924878927,
    "medianResTime" : 153.0,
    "minResTime" : 98.0,
    "maxResTime" : 60002.0,
    "pct1ResTime" : 228.0,
    "pct2ResTime" : 290.0,
    "pct3ResTime" : 453.0,
    "throughput" : 7.864937340330518,
    "receivedKBytesPerSec" : 2.81866004067624,
    "sentKBytesPerSec" : 2.281139052810707
  },
  "WIFSOpmetEurNatAllDataVarFiveMinuteTAC" : {
    "transaction" : "WIFSOpmetEurNatAllDataVarFiveMinuteTAC",
    "sampleCount" : 28510,
    "errorCount" : 3,
    "errorPct" : 0.010522624,
    "meanResTime" : 208.7043493511055,
    "medianResTime" : 153.0,
    "minResTime" : 97.0,
    "maxResTime" : 60001.0,
    "pct1ResTime" : 226.0,
    "pct2ResTime" : 283.0,
    "pct3ResTime" : 460.0,
    "throughput" : 7.992563075648166,
    "receivedKBytesPerSec" : 2.8488516871253573,
    "sentKBytesPerSec" : 2.380597400461612
  },
  "WIFSGriddedLowResCubeFullTimeFullVertRoughlyGlobal" : {
    "transaction" : "WIFSGriddedLowResCubeFullTimeFullVertRoughlyGlobal",
    "sampleCount" : 1476,
    "errorCount" : 448,
    "errorPct" : 30.352304,
    "meanResTime" : 29192.07520325203,
    "medianResTime" : 41103.5,
    "minResTime" : 1.0,
    "maxResTime" : 59602.0,
    "pct1ResTime" : 52178.1,
    "pct2ResTime" : 54158.1,
    "pct3ResTime" : 58066.18,
    "throughput" : 0.41033430847965857,