{
  "WIFSOpmetNamCarAllDataVarFiveMinuteTAC" : {
    "transaction" : "WIFSOpmetNamCarAllDataVarFiveMinuteTAC",
    "sampleCount" : 2118,
    "errorCount" : 0,
    "errorPct" : 0.0,
    "meanResTime" : 1168.4145420207744,
    "medianResTime" : 410.0,
    "minResTime" : 191.0,
    "maxResTime" : 4951.0,
    "pct1ResTime" : 3538.600000000001,
    "pct2ResTime" : 3747.1,
    "pct3ResTime" : 4207.62,
    "throughput" : 1.177587147286796,
    "receivedKBytesPerSec" : 39.24677164316774,
    "sentKBytesPerSec" : 0.35074617179928974
  },
  "WIFSOpmetEurNatAllDataVarOneMinuteIWXXM" : {
    "transaction" : "WIFSOpmetEurNatAllDataVarOneMinuteIWXXM",
    "sampleCount" : 2114,
    "errorCount" : 0,
    "errorPct" : 0.0,
    "meanResTime" : 855.9872280037856,
    "medianResTime" : 114.0,
    "minResTime" : 47.0,
    "maxResTime" : 4363.0,
    "pct1ResTime" : 3180.5,
    "pct2ResTime" : 3394.25,
    "pct3ResTime" : 3865.2999999999984,
    "throughput" : 1.179890952178696,
    "receivedKBytesPerSec" : 0.42287107368123183,
    "sentKBytesPerSec" : 0.3422144656221413
  },
  "WIFSOpmetNamCarAllDataVarOneMinuteTAC" : {
    "transaction" : "WIFSOpmetNamCarAllDataVarOneMinuteTAC",
    "sampleCount" : 2119,
    "errorCount" : 0,
    "errorPct" : 0.0,
    "meanResTime" : 870.4865502595576,
    "medianResTime" : 152.0,
    "minResTime" : 66.0,
    "maxResTime" : 4084.0,
    "pct1ResTime" : 3219.0,
    "pct2ResTime" : 3420.0,
    "pct3ResTime" : 3815.4000000000015,
    "throughput" : 1.178474678922655,
    "receivedKBytesPerSec" : 13.138151303301786,
    "sentKBytesPerSec" : 0.3510105244837986
  },
  "WIFSOpmetGlobalAllDataVarOneMinuteTAC" : {
    "transaction" : "WIFSOpmetGlobalAllDataVarOneMinuteTAC",
    "sampleCount" : 2125,
    "errorCount" : 0,
    "errorPct" : 0.0,
    "meanResTime" : 897.5477647058822,
    "medianResTime" : 159.0,
    "minResTime" : 66.0,
    "maxResTime" : 5789.0,
    "pct1ResTime" : 3233.8,
    "pct2ResTime" : 3488.199999999999,
    "pct3ResTime" : 3943.0999999999967,
    "throughput" : 1.1809741452803828,
    "receivedKBytesPerSec" : 28.786244791209327,
    "sentKBytesPerSec" : 0.3506016993801136
  },
  "WIFSOpmetGlobalAllDataVarFiveMinuteTAC" : {
    "transaction" : "WIFSOpmetGlobalAllDataVarFiveMinuteTAC",
    "sampleCount" : 2123,
    "errorCount" : 1,
    "errorPct" : 0.047103155,
    "meanResTime" : 1188.1323598681104,
    "medianResTime" : 417.0,
    "minResTime" : 211.0,
    "maxResTime" : 90001.0,
    "pct1ResTime" : 3543.6000000000004,
    "pct2ResTime" : 3746.7999999999997,
    "pct3ResTime" : 4174.359999999997,
    "throughput" : 1.179797728319758,
    "receivedKBytesPerSec" : 81.83540793604307,
    "sentKBytesPerSec" : 0.35025245059492816
  },
  "WIFSOpmetGlobalAllDataVarOneMinuteIWXXM" : {
    "transaction" : "WIFSOpmetGlobalAllDataVarOneMinuteIWXXM",
    "sampleCount" : 2125,
    "errorCount" : 0,
    "errorPct" : 0.0,
    "meanResTime" : 802.7251764705887,
    "medianResTime" : 115.0,
    "minResTime" : 50.0,
    "maxResTime" : 4043.0,
    "pct1ResTime" : 3145.0,
    "pct2ResTime" : 3367.0999999999995,
    "pct3ResTime" : 3820.2199999999993,
    "throughput" : 1.1804421019535345,
    "receivedKBytesPerSec" : 17.32391006656027,
    "sentKBytesPerSec" : 0.34122154509594355
  },
  "WIFSOpmetEurNatAllDataVarOneMinuteTAC" : {
    "transaction" : "WIFSOpmetEurNatAllDataVarOneMinuteTAC",
    "sampleCount" : 2115,
    "errorCount" : 0,
    "errorPct" : 0.0,
    "meanResTime" : 833.8581560283703,
    "medianResTime" : 147.0,
    "minResTime" : 64.0,
    "maxResTime" : 4305.0,
    "pct1ResTime" : 3189.2000000000003,
    "pct2ResTime" : 3395.5999999999995,
    "pct3ResTime" : 3813.4400000000023,
    "throughput" : 1.1776654494672945,
    "receivedKBytesPerSec" : 10.497783420642053,
    "sentKBytesPerSec" : 0.35076949422609843
  },
  "WIFSGriddedLowResItemGlobal" : {
    "transaction" : "WIFSGriddedLowResItemGlobal",
    "sampleCount" : 60162,
    "errorCount" : 0,
    "errorPct" : 0.0,
    "meanResTime" : 868.6273893819986,
    "medianResTime" : 140.0,
    "minResTime" : 47.0,
    "maxResTime" : 6054.0,
    "pct1ResTime" : 1778.9000000000015,
    "pct2ResTime" : 2323.9500000000007,
    "pct3ResTime" : 2597.9900000000016,
    "throughput" : 33.38455161254343,
    "receivedKBytesPerSec" : 533.2060279862046,
    "sentKBytesPerSec" : 7.3354727664279995
  },
  "WIFSOpmetNamCarAllDataVarFiveMinuteIWXXM" : {
    "transaction" : "WIFSOpmetNamCarAllDataVarFiveMinuteIWXXM",
    "sampleCount" : 2116,
    "errorCount" : 0,
    "errorPct" : 0.0,
    "meanResTime" : 1078.7759924385634,
    "medianResTime" : 374.0,
    "minResTime" : 185.0,
    "maxResTime" : 4551.0,
    "pct1ResTime" : 3467.6,
    "pct2ResTime" : 3683.1499999999996,
    "pct3ResTime" : 4085.8099999999995,
    "throughput" : 1.178231450093323,
    "receivedKBytesPerSec" : 87.43420865345853,
    "sentKBytesPerSec" : 0.34173314519308295
  },
  "WIFSOpmetEurNatAllDataVarFiveMinuteTAC" : {
    "transaction" : "WIFSOpmetEurNatAllDataVarFiveMinuteTAC",
    "sampleCount" : 2113,
    "errorCount" : 0,
    "errorPct" : 0.0,
    "meanResTime" : 1153.8419309039286,
    "medianResTime" : 395.0,
    "minResTime" : 181.0,
    "maxResTime" : 81170.0,
    "pct1ResTime" : 3508.2000000000003,
    "pct2ResTime" : 3761.3,
    "pct3ResTime" : 4187.300000000001,
    "throughput" : 1.1813735466253978,
    "receivedKBytesPerSec" : 32.59852630219457,
    "sentKBytesPerSec" : 0.35187395675854133
  },
  "WIFSOpmetGlobalAllDataVarFiveMinuteIWXXM" : {
    "transaction" : "WIFSOpmetGlobalAllDataVarFiveMinuteIWXXM",
    "sampleCount" : 2122,
    "errorCount" : 0,
    "errorPct" : 0.0,
    "meanResTime" : 1101.9524033930238,
    "medianResTime" : 375.0,
    "minResTime" : 180.0,
    "maxResTime" : 5947.0,
    "pct1ResTime" : 3504.7,
    "pct2ResTime" : 3730.0999999999995,
    "pct3ResTime" : 4165.469999999999,
    "throughput" : 1.1788692410682045,
    "receivedKBytesPerSec" : 87.48038661161203,
    "sentKBytesPerSec" : 0.34076688999627786
  },
  "Total" : {
    "transaction" : "Total",
    "sampleCount" : 205985,
    "errorCount" : 1,
    "errorPct" : 4.8547224E-4,
    "meanResTime" : 836.9832366434518,
    "medianResTime" : 96.0,
    "minResTime" : 28.0,
    "maxResTime" : 90001.0,
    "pct1ResTime" : 437.90000000000146,
    "pct2ResTime" : 2319.0,
    "pct3ResTime" : 2525.9900000000016,
    "throughput" : 114.28145021515327,
    "receivedKBytesPerSec" : 6996.361009294332,
    "sentKBytesPerSec" : 26.446418923646945
  },
  "WIFSOpmetNamCarAllDataVarOneMinuteIWXXM" : {
    "transaction" : "WIFSOpmetNamCarAllDataVarOneMinuteIWXXM",
    "sampleCount" : 2119,
    "errorCount" : 0,
    "errorPct" : 0.0,
    "meanResTime" : 861.403964134027,
    "medianResTime" : 117.0,
    "minResTime" : 50.0,
    "maxResTime" : 5642.0,
    "pct1ResTime" : 3193.0,
    "pct2ResTime" : 3404.0,
    "pct3ResTime" : 3823.600000000002,
    "throughput" : 1.1788805141454535,
    "receivedKBytesPerSec" : 17.3021437959883,
    "sentKBytesPerSec" : 0.3419213991222653
  },
  "WIFSGriddedHighResItemGlobal" : {
    "transaction" : "WIFSGriddedHighResItemGlobal",
    "sampleCount" : 60214,
    "errorCount" : 0,
    "errorPct" : 0.0,
    "meanResTime" : 754.0322350283985,
    "medianResTime" : 85.0,
    "minResTime" : 29.0,
    "maxResTime" : 6194.0,
    "pct1ResTime" : 292.0,
    "pct2ResTime" : 2213.0,
    "pct3ResTime" : 2518.0,
    "throughput" : 33.40701140012738,
    "receivedKBytesPerSec" : 5368.770302060136,
    "sentKBytesPerSec" : 7.47090391663005
  },
  "WIFSGriddedHighResItemSector" : {
    "transaction" : "WIFSGriddedHighResItemSector",
    "sampleCount" : 60187,
    "errorCount" : 0,
    "errorPct" : 0.0,
    "meanResTime" : 824.0663598451397,
    "medianResTime" : 85.0,
    "minResTime" : 28.0,
    "maxResTime" : 5973.0,
    "pct1ResTime" : 1877.7000000000044,
    "pct2ResTime" : 2257.0,
    "pct3ResTime" : 2522.0,
    "throughput" : 33.395811416066294,
    "receivedKBytesPerSec" : 679.170026974711,