{
  "WIFSGriddedHighResCubeFullTimeFullVertUSA" : {
    "transaction" : "WIFSGriddedHighResCubeFullTimeFullVertUSA",
    "sampleCount" : 3365,
    "errorCount" : 22,
    "errorPct" : 0.653789,
    "meanResTime" : 10328.539375928667,
    "medianResTime" : 8018.0,
    "minResTime" : 908.0,
    "maxResTime" : 60015.0,
    "pct1ResTime" : 21305.800000000003,
    "pct2ResTime" : 25888.499999999985,
    "pct3ResTime" : 37645.56000000002,
    "throughput" : 0.9305626073672905,
    "receivedKBytesPerSec" : 0.26625450382623006,
    "sentKBytesPerSec" : 0.3280596691988202
  },
  "WIFSOpmetNamCarAllDataVarFiveMinuteTAC" : {
    "transaction" : "WIFSOpmetNamCarAllDataVarFiveMinuteTAC",
    "sampleCount" : 11331,
    "errorCount" : 2,
    "errorPct" : 0.017650694,
    "meanResTime" : 508.7521842732348,
    "medianResTime" : 463.0,
    "minResTime" : 172.0,
    "maxResTime" : 30556.0,
    "pct1ResTime" : 711.0,
    "pct2ResTime" : 803.0,
    "pct3ResTime" : 1033.0,
    "throughput" : 3.149639129909063,
    "receivedKBytesPerSec" : 1.1226928340914872,
    "sentKBytesPerSec" : 0.9412007556173568
  },
  "WIFSOpmetEurNatAllDataVarOneMinuteIWXXM" : {
    "transaction" : "WIFSOpmetEurNatAllDataVarOneMinuteIWXXM",
    "sampleCount" : 11329,
    "errorCount" : 0,
    "errorPct" : 0.0,
    "meanResTime" : 231.09992055786063,
    "medianResTime" : 184.0,
    "minResTime" : 60.0,
    "maxResTime" : 6973.0,
    "pct1ResTime" : 403.0,
    "pct2ResTime" : 481.0,
    "pct3ResTime" : 675.1000000000022,
    "throughput" : 3.1505220372467404,
    "receivedKBytesPerSec" : 1.1291421754585484,
    "sentKBytesPerSec" : 0.9168511397456334
  },
  "WIFSGriddedHighResCubeFullTimeFullVertRoughlyGlobal" : {
    "transaction" : "WIFSGriddedHighResCubeFullTimeFullVertRoughlyGlobal",
    "sampleCount" : 3330,
    "errorCount" : 27,
    "errorPct" : 0.8108108,
    "meanResTime" : 16601.863963963948,
    "medianResTime" : 14517.5,
    "minResTime" : 3765.0,
    "maxResTime" : 60013.0,
    "pct1ResTime" : 27617.9,
    "pct2ResTime" : 32610.499999999993,
    "pct3ResTime" : 46412.93000000001,
    "throughput" : 0.9221216995727503,
    "receivedKBytesPerSec" : 0.2638338612399297,
    "sentKBytesPerSec" : 0.323282900533806
  },
  "WIFSGriddedLowResCubeFullTimeFullVertUSA" : {
    "transaction" : "WIFSGriddedLowResCubeFullTimeFullVertUSA",
    "sampleCount" : 3320,
    "errorCount" : 25,
    "errorPct" : 0.75301206,
    "meanResTime" : 8570.087048192772,
    "medianResTime" : 5734.5,
    "minResTime" : 650.0,
    "maxResTime" : 60018.0,
    "pct1ResTime" : 19113.9,
    "pct2ResTime" : 24479.349999999988,
    "pct3ResTime" : 36610.46999999998,
    "throughput" : 0.9210540187084937,
    "receivedKBytesPerSec" : 0.2635329398879088,
    "sentKBytesPerSec" : 0.31211498485531963
  },
  "WIFSOpmetNamCarAllDataVarOneMinuteTAC" : {
    "transaction" : "WIFSOpmetNamCarAllDataVarOneMinuteTAC",
    "sampleCount" : 11335,
    "errorCount" : 1,
    "errorPct" : 0.0088222325,
    "meanResTime" : 225.7880899867666,
    "medianResTime" : 175.0,
    "minResTime" : 60.0,
    "maxResTime" : 30174.0,
    "pct1ResTime" : 391.0,
    "pct2ResTime" : 475.0,
    "pct3ResTime" : 667.6399999999994,
    "throughput" : 3.1502991464037255,
    "receivedKBytesPerSec" : 1.1228854793825636,
    "sentKBytesPerSec" : 0.9413979871089259
  },
  "WIFSOpmetGlobalAllDataVarOneMinuteTAC" : {
    "transaction" : "WIFSOpmetGlobalAllDataVarOneMinuteTAC",
    "sampleCount" : 11340,
    "errorCount" : 0,
    "errorPct" : 0.0,
    "meanResTime" : 223.93112874779476,
    "medianResTime" : 176.0,
    "minResTime" : 59.0,
    "maxResTime" : 5046.0,
    "pct1ResTime" : 399.0,
    "pct2ResTime" : 482.9499999999989,
    "pct3ResTime" : 681.0,
    "throughput" : 3.1506896509569313,
    "receivedKBytesPerSec" : 1.1199717118635968,
    "sentKBytesPerSec" : 0.9384378354901017
  },
  "WIFSOpmetGlobalAllDataVarFiveMinuteTAC" : {
    "transaction" : "WIFSOpmetGlobalAllDataVarFiveMinuteTAC",
    "sampleCount" : 11340,
    "errorCount" : 1,
    "errorPct" : 0.008818342,
    "meanResTime" : 504.6356261022929,
    "medianResTime" : 460.0,
    "minResTime" : 177.0,
    "maxResTime" : 30427.0,
    "pct1ResTime" : 700.0,
    "pct2ResTime" : 798.0,
    "pct3ResTime" : 1052.0,
    "throughput" : 3.150469069839287,
    "receivedKBytesPerSec" : 1.1198696983946776,
    "sentKBytesPerSec" : 0.9383721350595533
  },
  "WIFSGriddedHighResCubeFullTimeFullVertNorthAmerica" : {
    "transaction" : "WIFSGriddedHighResCubeFullTimeFullVertNorthAmerica",
    "sampleCount" : 3355,
    "errorCount" : 19,
    "errorPct" : 0.5663189,
    "meanResTime" : 10977.505812220554,
    "medianResTime" : 8583.0,
    "minResTime" : 1240.0,
    "maxResTime" : 60016.0,
    "pct1ResTime" : 22280.0,
    "pct2ResTime" : 27067.199999999997,
    "pct3ResTime" : 37739.64000000001,
    "throughput" : 0.9278130988957503,
    "receivedKBytesPerSec" : 0.2654726402297547,
    "sentKBytesPerSec" : 0.32799642753931796
  },
  "WIFSOpmetGlobalAllDataVarOneMinuteIWXXM" : {
    "transaction" : "WIFSOpmetGlobalAllDataVarOneMinuteIWXXM",
    "sampleCount" : 11340,
    "errorCount" : 0,
    "errorPct" : 0.0,
    "meanResTime" : 232.160582010582,
    "medianResTime" : 184.0,
    "minResTime" : 60.0,
    "maxResTime" : 4476.0,
    "pct1ResTime" : 405.0,
    "pct2ResTime" : 498.0,
    "pct3ResTime" : 715.7700000000004,
    "throughput" : 3.150853356117282,
    "receivedKBytesPerSec" : 1.1261839143934815,
    "sentKBytesPerSec" : 0.913870553483235
  },
  "WIFSOpmetEurNatAllDataVarOneMinuteTAC" : {
    "transaction" : "WIFSOpmetEurNatAllDataVarOneMinuteTAC",
    "sampleCount" : 11329,
    "errorCount" : 0,
    "errorPct" : 0.0,
    "meanResTime" : 222.940506664313,
    "medianResTime" : 174.0,
    "minResTime" : 60.0,
    "maxResTime" : 6115.0,
    "pct1ResTime" : 394.0,
    "pct2ResTime" : 480.5,
    "pct3ResTime" : 691.7000000000007,
    "throughput" : 3.1507340773764,
    "receivedKBytesPerSec" : 1.12306439281483,
    "sentKBytesPerSec" : 0.9415279567159945
  },
  "WIFSGriddedLowResItemGlobal" : {
    "transaction" : "WIFSGriddedLowResItemGlobal",
    "sampleCount" : 3365,
    "errorCount" : 0,
    "errorPct" : 0.0,
    "meanResTime" : 240.22852897474,
    "medianResTime" : 190.0,
    "minResTime" : 58.0,
    "maxResTime" : 4126.0,
    "pct1ResTime" : 440.0,
    "pct2ResTime" : 535.6999999999998,
    "pct3ResTime" : 780.6800000000003,
    "throughput" : 0.9358145257325357,
    "receivedKBytesPerSec" : 14.990439882885525,
    "sentKBytesPerSec" : 0.20653719024956352
  },
  "WIFSOpmetNamCarAllDataVarFiveMinuteIWXXM" : {
    "transaction" : "WIFSOpmetNamCarAllDataVarFiveMinuteIWXXM",
    "sampleCount" : 11329,
    "errorCount" : 0,
    "errorPct" : 0.0,
    "meanResTime" : 493.10715861947114,
    "medianResTime" : 452.0,
    "minResTime" : 177.0,
    "maxResTime" : 7302.0,
    "pct1ResTime" : 690.0,
    "pct2ResTime" : 786.5,
    "pct3ResTime" : 1006.0,
    "throughput" : 3.150435301783004,
    "receivedKBytesPerSec" : 1.1291110896038694,
    "sentKBytesPerSec" : 0.9168258983704444
  },
  "WIFSOpmetEurNatAllDataVarFiveMinuteTAC" : {
    "transaction" : "WIFSOpmetEurNatAllDataVarFiveMinuteTAC",
    "sampleCount" : 11329,
    "errorCount" : 2,
    "errorPct" : 0.017653808,
    "meanResTime" : 508.3614617353702,
    "medianResTime" : 463.0,
    "minResTime" : 179.0,
    "maxResTime" : 30965.0,
    "pct1ResTime" : 708.0,
    "pct2ResTime" : 805.0,
    "pct3ResTime" : 1066.7000000000007,
    "throughput" : 3.1502180460306115,
    "receivedKBytesPerSec" : 1.1228326631403633,
    "sentKBytesPerSec" : 0.9413737520364912
  },
  "WIFSGriddedLowResCubeFullTimeFullVertRoughlyGlobal" : {
    "transaction" : "WIFSGriddedLowResCubeFullTimeFullVertRoughlyGlobal",
    "sampleCount" : 3295,
    "errorCount" : 18,
    "errorPct" : 0.54628223,
    "meanResTime" : 9495.084066767813,
    "medianResTime" : 6854.0,
    "minResTime" : 905.0,
    "maxResTime" : 60013.0,
    "pct1ResTime" : 20365.600000000006,
    "pct2ResTime" : 25046.59999999999,