{
  "WIFSGriddedHighResCubeFullTimeFullVertUSA" : {
    "transaction" : "WIFSGriddedHighResCubeFullTimeFullVertUSA",
    "sampleCount" : 4426,
    "errorCount" : 0,
    "errorPct" : 0.0,
    "meanResTime" : 7387.885675553553,
    "medianResTime" : 5225.0,
    "minResTime" : 828.0,
    "maxResTime" : 46319.0,
    "pct1ResTime" : 15838.7,
    "pct2ResTime" : 20834.899999999998,
    "pct3ResTime" : 32366.57999999998,
    "throughput" : 1.2236707579183332,
    "receivedKBytesPerSec" : 1628.6555546092106,
    "sentKBytesPerSec" : 0.430196750830664
  },
  "WIFSOpmetNamCarAllDataVarFiveMinuteTAC" : {
    "transaction" : "WIFSOpmetNamCarAllDataVarFiveMinuteTAC",
    "sampleCount" : 5324,
    "errorCount" : 0,
    "errorPct" : 0.0,
    "meanResTime" : 1042.8279489105971,
    "medianResTime" : 864.0,
    "minResTime" : 330.0,
    "maxResTime" : 23998.0,
    "pct1ResTime" : 1873.0,
    "pct2ResTime" : 2167.0,
    "pct3ResTime" : 2642.5,
    "throughput" : 1.4798475012146757,
    "receivedKBytesPerSec" : 0.5274847050228092,
    "sentKBytesPerSec" : 0.4407748904985118
  },
  "WIFSOpmetEurNatAllDataVarOneMinuteIWXXM" : {
    "transaction" : "WIFSOpmetEurNatAllDataVarOneMinuteIWXXM",
    "sampleCount" : 5320,
    "errorCount" : 0,
    "errorPct" : 0.0,
    "meanResTime" : 593.3772556390985,
    "medianResTime" : 418.0,
    "minResTime" : 114.0,
    "maxResTime" : 17916.0,
    "pct1ResTime" : 1316.0,
    "pct2ResTime" : 1580.8999999999996,
    "pct3ResTime" : 2063.58,
    "throughput" : 1.4804087931829957,
    "receivedKBytesPerSec" : 0.5305761983380464,
    "sentKBytesPerSec" : 0.4293763784915525
  },
  "WIFSGriddedHighResCubeFullTimeFullVertRoughlyGlobal" : {
    "transaction" : "WIFSGriddedHighResCubeFullTimeFullVertRoughlyGlobal",
    "sampleCount" : 4409,
    "errorCount" : 3,
    "errorPct" : 0.06804264,
    "meanResTime" : 14083.415740530741,
    "medianResTime" : 12224.0,
    "minResTime" : 3910.0,
    "maxResTime" : 53870.0,
    "pct1ResTime" : 23448.0,
    "pct2ResTime" : 28545.0,
    "pct3ResTime" : 38884.29999999986,
    "throughput" : 1.2179211475474594,
    "receivedKBytesPerSec" : 29447.909770227445,
    "sentKBytesPerSec" : 0.42579665119335003
  },
  "WIFSGriddedLowResCubeFullTimeFullVertUSA" : {
    "transaction" : "WIFSGriddedLowResCubeFullTimeFullVertUSA",
    "sampleCount" : 4376,
    "errorCount" : 0,
    "errorPct" : 0.0,
    "meanResTime" : 6019.935557586849,
    "medianResTime" : 3596.0,
    "minResTime" : 673.0,
    "maxResTime" : 45261.0,
    "pct1ResTime" : 14963.400000000001,
    "pct2ResTime" : 19136.099999999988,
    "pct3ResTime" : 31530.489999999972,
    "throughput" : 1.2129954612459593,
    "receivedKBytesPerSec" : 99.55890399365104,
    "sentKBytesPerSec" : 0.40985979452256044
  },
  "WIFSOpmetNamCarAllDataVarOneMinuteTAC" : {
    "transaction" : "WIFSOpmetNamCarAllDataVarOneMinuteTAC",
    "sampleCount" : 5325,
    "errorCount" : 0,
    "errorPct" : 0.0,
    "meanResTime" : 526.3295774647885,
    "medianResTime" : 347.0,
    "minResTime" : 113.0,
    "maxResTime" : 17596.0,
    "pct1ResTime" : 1190.800000000001,
    "pct2ResTime" : 1476.0,
    "pct3ResTime" : 1928.4399999999987,
    "throughput" : 1.4807000137920603,
    "receivedKBytesPerSec" : 0.5277885791348652,
    "sentKBytesPerSec" : 0.4410288127017367
  },
  "WIFSOpmetGlobalAllDataVarOneMinuteTAC" : {
    "transaction" : "WIFSOpmetGlobalAllDataVarOneMinuteTAC",
    "sampleCount" : 5332,
    "errorCount" : 0,
    "errorPct" : 0.0,
    "meanResTime" : 521.6888597149283,
    "medianResTime" : 336.0,
    "minResTime" : 112.0,
    "maxResTime" : 20989.0,
    "pct1ResTime" : 1188.6999999999998,
    "pct2ResTime" : 1456.3499999999995,
    "pct3ResTime" : 1903.67,
    "throughput" : 1.4808021993189755,
    "receivedKBytesPerSec" : 0.526378906789167,
    "sentKBytesPerSec" : 0.43961315292282077
  },
  "WIFSOpmetGlobalAllDataVarFiveMinuteTAC" : {
    "transaction" : "WIFSOpmetGlobalAllDataVarFiveMinuteTAC",
    "sampleCount" : 5329,
    "errorCount" : 0,
    "errorPct" : 0.0,
    "meanResTime" : 1042.2542690936407,
    "medianResTime" : 873.0,
    "minResTime" : 346.0,
    "maxResTime" : 27999.0,
    "pct1ResTime" : 1875.0,
    "pct2ResTime" : 2166.5,
    "pct3ResTime" : 2660.0999999999995,
    "throughput" : 1.4804517308561533,
    "receivedKBytesPerSec" : 0.5262543262027732,
    "sentKBytesPerSec" : 0.4395091075979205
  },
  "WIFSGriddedHighResCubeFullTimeFullVertNorthAmerica" : {
    "transaction" : "WIFSGriddedHighResCubeFullTimeFullVertNorthAmerica",
    "sampleCount" : 4420,
    "errorCount" : 1,
    "errorPct" : 0.022624435,
    "meanResTime" : 7979.955203619903,
    "medianResTime" : 5929.5,
    "minResTime" : 1332.0,
    "maxResTime" : 47257.0,
    "pct1ResTime" : 16353.700000000004,
    "pct2ResTime" : 20846.899999999994,
    "pct3ResTime" : 32299.989999999994,
    "throughput" : 1.2242573577313238,
    "receivedKBytesPerSec" : 5896.284254385895,
    "sentKBytesPerSec" : 0.431598541153328
  },
  "WIFSOpmetGlobalAllDataVarOneMinuteIWXXM" : {
    "transaction" : "WIFSOpmetGlobalAllDataVarOneMinuteIWXXM",
    "sampleCount" : 5330,
    "errorCount" : 0,
    "errorPct" : 0.0,
    "meanResTime" : 581.199249530956,
    "medianResTime" : 414.0,
    "minResTime" : 114.0,
    "maxResTime" : 4985.0,
    "pct1ResTime" : 1284.800000000001,
    "pct2ResTime" : 1534.0,
    "pct3ResTime" : 1999.7599999999984,
    "throughput" : 1.4805654259917287,
    "receivedKBytesPerSec" : 0.5291864706181374,
    "sentKBytesPerSec" : 0.4279759434507341
  },
  "WIFSOpmetEurNatAllDataVarOneMinuteTAC" : {
    "transaction" : "WIFSOpmetEurNatAllDataVarOneMinuteTAC",
    "sampleCount" : 5320,
    "errorCount" : 0,
    "errorPct" : 0.0,
    "meanResTime" : 538.7039473684213,
    "medianResTime" : 357.5,
    "minResTime" : 115.0,
    "maxResTime" : 22634.0,
    "pct1ResTime" : 1197.9000000000005,
    "pct2ResTime" : 1492.9499999999998,
    "pct3ResTime" : 1952.5299999999997,
    "throughput" : 1.4803980823835967,
    "receivedKBytesPerSec" : 0.5276809570996218,
    "sentKBytesPerSec" : 0.440938881959958
  },
  "WIFSGriddedLowResItemGlobal" : {
    "transaction" : "WIFSGriddedLowResItemGlobal",
    "sampleCount" : 4426,
    "errorCount" : 0,
    "errorPct" : 0.0,
    "meanResTime" : 616.9389968368745,
    "medianResTime" : 465.0,
    "minResTime" : 58.0,
    "maxResTime" : 22404.0,
    "pct1ResTime" : 1333.0,
    "pct2ResTime" : 1595.6499999999996,
    "pct3ResTime" : 2369.78999999999,
    "throughput" : 1.2298116798766296,
    "receivedKBytesPerSec" : 53.49620052559097,
    "sentKBytesPerSec" : 0.2702222929416423
  },
  "WIFSOpmetNamCarAllDataVarFiveMinuteIWXXM" : {
    "transaction" : "WIFSOpmetNamCarAllDataVarFiveMinuteIWXXM",
    "sampleCount" : 5321,
    "errorCount" : 0,
    "errorPct" : 0.0,
    "meanResTime" : 955.9349746288275,
    "medianResTime" : 772.0,
    "minResTime" : 335.0,
    "maxResTime" : 24254.0,
    "pct1ResTime" : 1782.6000000000004,
    "pct2ResTime" : 2091.0,
    "pct3ResTime" : 2661.579999999997,
    "throughput" : 1.4789038712483689,
    "receivedKBytesPerSec" : 0.5300368366681166,
    "sentKBytesPerSec" : 0.4289398923444976
  },
  "WIFSOpmetEurNatAllDataVarFiveMinuteTAC" : {
    "transaction" : "WIFSOpmetEurNatAllDataVarFiveMinuteTAC",
    "sampleCount" : 5320,
    "errorCount" : 0,
    "errorPct" : 0.0,
    "meanResTime" : 1039.0409774436064,
    "medianResTime" : 867.0,
    "minResTime" : 323.0,
    "maxResTime" : 22934.0,
    "pct1ResTime" : 1890.0,
    "pct2ResTime" : 2168.7999999999993,
    "pct3ResTime" : 2742.4299999999994,
    "throughput" : 1.4799351944167498,
    "receivedKBytesPerSec" : 0.5275159628536267,
    "sentKBytesPerSec" : 0.4408010100557702
  },
  "WIFSGriddedLowResCubeFullTimeFullVertRoughlyGlobal" : {
    "transaction" : "WIFSGriddedLowResCubeFullTimeFullVertRoughlyGlobal",
    "sampleCount" : 4349,
    "errorCount" : 0,
    "errorPct" : 0.0,
    "meanResTime" : 6622.56426764773,
    "medianResTime" : 4435.0,
    "minResTime" : 918.0,