{
  "WIFSOpmetNamCarAllDataVarFiveMinuteTAC" : {
    "transaction" : "WIFSOpmetNamCarAllDataVarFiveMinuteTAC",
    "sampleCount" : 2753,
    "errorCount" : 0,
    "errorPct" : 0.0,
    "meanResTime" : 2251.8020341445667,
    "medianResTime" : 1698.0,
    "minResTime" : 308.0,
    "maxResTime" : 19256.0,
    "pct1ResTime" : 3405.599999999998,
    "pct2ResTime" : 5464.799999999993,
    "pct3ResTime" : 12129.080000000002,
    "throughput" : 0.7652834300709409,
    "receivedKBytesPerSec" : 0.2727816913827084,
    "sentKBytesPerSec" : 0.22868821250166788
  },
  "WIFSGriddedHighResCubeFullTimeFullVertUSA" : {
    "transaction" : "WIFSGriddedHighResCubeFullTimeFullVertUSA",
    "sampleCount" : 3514,
    "errorCount" : 98,
    "errorPct" : 2.7888446,
    "meanResTime" : 7548.128343767789,
    "medianResTime" : 5336.0,
    "minResTime" : 1.0,
    "maxResTime" : 60003.0,
    "pct1ResTime" : 12952.5,
    "pct2ResTime" : 18100.75,
    "pct3ResTime" : 60001.0,
    "throughput" : 0.9732322360883043,
    "receivedKBytesPerSec" : 0.279778681668448,
    "sentKBytesPerSec" : 0.3431023801053495
  },
  "WIFSOpmetEurNatAllDataVarOneMinuteIWXXM" : {
    "transaction" : "WIFSOpmetEurNatAllDataVarOneMinuteIWXXM",
    "sampleCount" : 2748,
    "errorCount" : 0,
    "errorPct" : 0.0,
    "meanResTime" : 777.551673944688,
    "medianResTime" : 583.0,
    "minResTime" : 98.0,
    "maxResTime" : 17827.0,
    "pct1ResTime" : 904.0999999999999,
    "pct2ResTime" : 1452.4999999999973,
    "pct3ResTime" : 4941.159999999996,
    "throughput" : 0.7649925171037628,
    "receivedKBytesPerSec" : 0.27417212282918063,
    "sentKBytesPerSec" : 0.22262477548527473
  },
  "WIFSGriddedHighResCubeFullTimeFullVertRoughlyGlobal" : {
    "transaction" : "WIFSGriddedHighResCubeFullTimeFullVertRoughlyGlobal",
    "sampleCount" : 3467,
    "errorCount" : 776,
    "errorPct" : 22.382463,
    "meanResTime" : 20425.4228439573,
    "medianResTime" : 20071.0,
    "minResTime" : 8.0,
    "maxResTime" : 60003.0,
    "pct1ResTime" : 30815.0,
    "pct2ResTime" : 31326.0,
    "pct3ResTime" : 32009.64,
    "throughput" : 0.9609622594337557,
    "receivedKBytesPerSec" : 0.2786521715231709,
    "sentKBytesPerSec" : 0.33689985462570143
  },
  "WIFSGriddedLowResCubeFullTimeFullVertUSA" : {
    "transaction" : "WIFSGriddedLowResCubeFullTimeFullVertUSA",
    "sampleCount" : 3451,
    "errorCount" : 130,
    "errorPct" : 3.767024,
    "meanResTime" : 8020.017096493777,
    "medianResTime" : 5978.0,
    "minResTime" : 3.0,
    "maxResTime" : 60003.0,
    "pct1ResTime" : 15951.000000000011,
    "pct2ResTime" : 21308.199999999964,
    "pct3ResTime" : 30624.24,
    "throughput" : 0.9630859831221344,
    "receivedKBytesPerSec" : 0.27898889070829935,
    "sentKBytesPerSec" : 0.32635823842127015
  },
  "WIFSOpmetNamCarAllDataVarOneMinuteTAC" : {
    "transaction" : "WIFSOpmetNamCarAllDataVarOneMinuteTAC",
    "sampleCount" : 2754,
    "errorCount" : 0,
    "errorPct" : 0.0,
    "meanResTime" : 795.0363108206243,
    "medianResTime" : 584.0,
    "minResTime" : 103.0,
    "maxResTime" : 16945.0,
    "pct1ResTime" : 927.0,
    "pct2ResTime" : 1497.25,
    "pct3ResTime" : 5390.5499999999965,
    "throughput" : 0.7656516546304967,
    "receivedKBytesPerSec" : 0.2729129433009094,
    "sentKBytesPerSec" : 0.22879824835637885
  },
  "WIFSOpmetGlobalAllDataVarOneMinuteTAC" : {
    "transaction" : "WIFSOpmetGlobalAllDataVarOneMinuteTAC",
    "sampleCount" : 2759,
    "errorCount" : 2,
    "errorPct" : 0.07249003,
    "meanResTime" : 775.9539688292867,
    "medianResTime" : 583.0,
    "minResTime" : 8.0,
    "maxResTime" : 17008.0,
    "pct1ResTime" : 920.0,
    "pct2ResTime" : 1456.0,
    "pct3ResTime" : 5064.600000000018,
    "throughput" : 0.7662901226064196,
    "receivedKBytesPerSec" : 0.27234499758225605,
    "sentKBytesPerSec" : 0.22824071034663865
  },
  "WIFSOpmetGlobalAllDataVarFiveMinuteTAC" : {
    "transaction" : "WIFSOpmetGlobalAllDataVarFiveMinuteTAC",
    "sampleCount" : 2758,
    "errorCount" : 0,
    "errorPct" : 0.0,
    "meanResTime" : 2212.3139956490236,
    "medianResTime" : 1701.0,
    "minResTime" : 292.0,
    "maxResTime" : 18561.0,
    "pct1ResTime" : 3192.199999999998,
    "pct2ResTime" : 5176.799999999996,
    "pct3ResTime" : 12003.41,
    "throughput" : 0.7661626142646255,
    "receivedKBytesPerSec" : 0.27234686678937864,
    "sentKBytesPerSec" : 0.22820273178780354
  },
  "WIFSGriddedHighResCubeFullTimeFullVertNorthAmerica" : {
    "transaction" : "WIFSGriddedHighResCubeFullTimeFullVertNorthAmerica",
    "sampleCount" : 3501,
    "errorCount" : 75,
    "errorPct" : 2.142245,
    "meanResTime" : 9072.137674950018,
    "medianResTime" : 7069.0,
    "minResTime" : 12.0,
    "maxResTime" : 60004.0,
    "pct1ResTime" : 15439.800000000012,
    "pct2ResTime" : 20072.9,
    "pct3ResTime" : 55460.58000000002,
    "throughput" : 0.9698866941851124,
    "receivedKBytesPerSec" : 0.27839755121616755,
    "sentKBytesPerSec" : 0.34287010087403386
  },
  "WIFSOpmetGlobalAllDataVarOneMinuteIWXXM" : {
    "transaction" : "WIFSOpmetGlobalAllDataVarOneMinuteIWXXM",
    "sampleCount" : 2758,
    "errorCount" : 0,
    "errorPct" : 0.0,
    "meanResTime" : 772.7831762146484,
    "medianResTime" : 583.0,
    "minResTime" : 99.0,
    "maxResTime" : 16022.0,
    "pct1ResTime" : 975.0999999999999,
    "pct2ResTime" : 1524.9999999999945,
    "pct3ResTime" : 5798.82,
    "throughput" : 0.7668121051772606,
    "receivedKBytesPerSec" : 0.2740754204051537,
    "sentKBytesPerSec" : 0.2224054640992641
  },
  "WIFSOpmetEurNatAllDataVarOneMinuteTAC" : {
    "transaction" : "WIFSOpmetEurNatAllDataVarOneMinuteTAC",
    "sampleCount" : 2748,
    "errorCount" : 1,
    "errorPct" : 0.036390103,
    "meanResTime" : 781.0211062590961,
    "medianResTime" : 583.0,
    "minResTime" : 100.0,
    "maxResTime" : 17012.0,
    "pct1ResTime" : 928.1999999999998,
    "pct2ResTime" : 1404.6499999999992,
    "pct3ResTime" : 4832.229999999983,
    "throughput" : 0.7651079587376276,
    "receivedKBytesPerSec" : 0.27269521842328737,
    "sentKBytesPerSec" : 0.2286357767321426
  },
  "WIFSGriddedLowResItemGlobal" : {
    "transaction" : "WIFSGriddedLowResItemGlobal",
    "sampleCount" : 3515,
    "errorCount" : 13,
    "errorPct" : 0.36984354,
    "meanResTime" : 906.5541963015651,
    "medianResTime" : 353.0,
    "minResTime" : 8.0,
    "maxResTime" : 7095.0,
    "pct1ResTime" : 2528.8,
    "pct2ResTime" : 3625.3999999999996,
    "pct3ResTime" : 5239.9200000000055,
    "throughput" : 0.9764699901464039,
    "receivedKBytesPerSec" : 15.729339449391075,
    "sentKBytesPerSec" : 0.21550997829403054
  },
  "WIFSOpmetNamCarAllDataVarFiveMinuteIWXXM" : {
    "transaction" : "WIFSOpmetNamCarAllDataVarFiveMinuteIWXXM",
    "sampleCount" : 2751,
    "errorCount" : 0,
    "errorPct" : 0.0,
    "meanResTime" : 2234.089785532536,
    "medianResTime" : 1705.0,
    "minResTime" : 300.0,
    "maxResTime" : 20045.0,
    "pct1ResTime" : 3344.2000000000007,
    "pct2ResTime" : 4946.600000000002,
    "pct3ResTime" : 11576.360000000008,
    "throughput" : 0.764764882752731,
    "receivedKBytesPerSec" : 0.2740905390334495,
    "sentKBytesPerSec" : 0.22255853033233772
  },
  "WIFSOpmetEurNatAllDataVarFiveMinuteTAC" : {
    "transaction" : "WIFSOpmetEurNatAllDataVarFiveMinuteTAC",
    "sampleCount" : 2748,
    "errorCount" : 1,
    "errorPct" : 0.036390103,
    "meanResTime" : 2238.732896652113,
    "medianResTime" : 1697.0,
    "minResTime" : 325.0,
    "maxResTime" : 19794.0,
    "pct1ResTime" : 3336.999999999999,
    "pct2ResTime" : 5108.449999999995,
    "pct3ResTime" : 12510.02,
    "throughput" : 0.7641110285579545,
    "receivedKBytesPerSec" : 0.27233989851059526,
    "sentKBytesPerSec" : 0.22833786595579503
  },
  "WIFSGriddedLowResCubeFullTimeFullVertRoughlyGlobal" : {
    "transaction" : "WIFSGriddedLowResCubeFullTimeFullVertRoughlyGlobal",
    "sampleCount" : 3441,
    "errorCount" : 163,
    "errorPct" : 4.736995,
    "meanResTime" : 8321.465271723344,