{
  "WIFSGriddedHighResCubeFullTimeFullVertUSA" : {
    "transaction" : "WIFSGriddedHighResCubeFullTimeFullVertUSA",
    "sampleCount" : 3415,
    "errorCount" : 168,
    "errorPct" : 4.9194727,
    "meanResTime" : 9066.120351390917,
    "medianResTime" : 5307.0,
    "minResTime" : 2.0,
    "maxResTime" : 60003.0,
    "pct1ResTime" : 20211.00000000001,
    "pct2ResTime" : 31336.399999999998,
    "pct3ResTime" : 60002.0,
    "throughput" : 0.9361309256539347,
    "receivedKBytesPerSec" : 0.27057625283237857,
    "sentKBytesPerSec" : 0.33002271890729534
  },
  "WIFSOpmetNamCarAllDataVarFiveMinuteTAC" : {
    "transaction" : "WIFSOpmetNamCarAllDataVarFiveMinuteTAC",
    "sampleCount" : 2772,
    "errorCount" : 0,
    "errorPct" : 0.0,
    "meanResTime" : 2154.701659451663,
    "medianResTime" : 1684.0,
    "minResTime" : 298.0,
    "maxResTime" : 21619.0,
    "pct1ResTime" : 3058.100000000001,
    "pct2ResTime" : 4878.449999999999,
    "pct3ResTime" : 11339.32,
    "throughput" : 0.7703725607300642,
    "receivedKBytesPerSec" : 0.27459568815085295,
    "sentKBytesPerSec" : 0.2302089878744137
  },
  "WIFSOpmetEurNatAllDataVarOneMinuteIWXXM" : {
    "transaction" : "WIFSOpmetEurNatAllDataVarOneMinuteIWXXM",
    "sampleCount" : 2770,
    "errorCount" : 0,
    "errorPct" : 0.0,
    "meanResTime" : 752.0779783393504,
    "medianResTime" : 580.0,
    "minResTime" : 104.0,
    "maxResTime" : 17961.0,
    "pct1ResTime" : 752.8000000000002,
    "pct2ResTime" : 1269.1499999999987,
    "pct3ResTime" : 5774.939999999997,
    "throughput" : 0.7700617773025821,
    "receivedKBytesPerSec" : 0.27598893776371836,
    "sentKBytesPerSec" : 0.2241000094103217
  },
  "WIFSGriddedHighResCubeFullTimeFullVertRoughlyGlobal" : {
    "transaction" : "WIFSGriddedHighResCubeFullTimeFullVertRoughlyGlobal",
    "sampleCount" : 3367,
    "errorCount" : 644,
    "errorPct" : 19.12682,
    "meanResTime" : 19728.09296109297,
    "medianResTime" : 18391.0,
    "minResTime" : 1.0,
    "maxResTime" : 60003.0,
    "pct1ResTime" : 31232.4,
    "pct2ResTime" : 33806.2,
    "pct3ResTime" : 50285.52000000006,
    "throughput" : 0.9254426361619665,
    "receivedKBytesPerSec" : 0.2678672168473987,
    "sentKBytesPerSec" : 0.3244471742013144
  },
  "WIFSGriddedLowResCubeFullTimeFullVertUSA" : {
    "transaction" : "WIFSGriddedLowResCubeFullTimeFullVertUSA",
    "sampleCount" : 3365,
    "errorCount" : 209,
    "errorPct" : 6.2109957,
    "meanResTime" : 8016.129271916792,
    "medianResTime" : 4812.0,
    "minResTime" : 1.0,
    "maxResTime" : 60003.0,
    "pct1ResTime" : 18570.000000000004,
    "pct2ResTime" : 28907.0,
    "pct3ResTime" : 54277.40000000004,
    "throughput" : 0.9255029276421733,
    "receivedKBytesPerSec" : 0.26973252303580914,
    "sentKBytesPerSec" : 0.3136225741131193
  },
  "WIFSOpmetNamCarAllDataVarOneMinuteTAC" : {
    "transaction" : "WIFSOpmetNamCarAllDataVarOneMinuteTAC",
    "sampleCount" : 2774,
    "errorCount" : 0,
    "errorPct" : 0.0,
    "meanResTime" : 758.6045421773615,
    "medianResTime" : 581.0,
    "minResTime" : 102.0,
    "maxResTime" : 18026.0,
    "pct1ResTime" : 787.5,
    "pct2ResTime" : 1387.0,
    "pct3ResTime" : 5414.75,
    "throughput" : 0.7710065944132873,
    "receivedKBytesPerSec" : 0.274821686485205,
    "sentKBytesPerSec" : 0.23039845497115813
  },
  "WIFSOpmetGlobalAllDataVarOneMinuteTAC" : {
    "transaction" : "WIFSOpmetGlobalAllDataVarOneMinuteTAC",
    "sampleCount" : 2781,
    "errorCount" : 0,
    "errorPct" : 0.0,
    "meanResTime" : 781.9791441927355,
    "medianResTime" : 580.0,
    "minResTime" : 102.0,
    "maxResTime" : 18617.0,
    "pct1ResTime" : 786.8000000000002,
    "pct2ResTime" : 1294.8000000000002,
    "pct3ResTime" : 6397.659999999985,
    "throughput" : 0.7724712469035875,
    "receivedKBytesPerSec" : 0.2745893885477596,
    "sentKBytesPerSec" : 0.23008176787655682
  },
  "WIFSOpmetGlobalAllDataVarFiveMinuteTAC" : {
    "transaction" : "WIFSOpmetGlobalAllDataVarFiveMinuteTAC",
    "sampleCount" : 2778,
    "errorCount" : 1,
    "errorPct" : 0.03599712,
    "meanResTime" : 2255.7973362131056,
    "medianResTime" : 1681.0,
    "minResTime" : 331.0,
    "maxResTime" : 60001.0,
    "pct1ResTime" : 3215.7999999999993,
    "pct2ResTime" : 5410.6499999999905,
    "pct3ResTime" : 13466.390000000003,
    "throughput" : 0.7717693548669393,
    "receivedKBytesPerSec" : 0.27432035401377014,
    "sentKBytesPerSec" : 0.2298727082367348
  },
  "WIFSGriddedHighResCubeFullTimeFullVertNorthAmerica" : {
    "transaction" : "WIFSGriddedHighResCubeFullTimeFullVertNorthAmerica",
    "sampleCount" : 3393,
    "errorCount" : 169,
    "errorPct" : 4.980843,
    "meanResTime" : 10122.73239021515,
    "medianResTime" : 6502.0,
    "minResTime" : 1.0,
    "maxResTime" : 60004.0,
    "pct1ResTime" : 23919.6,
    "pct2ResTime" : 30871.799999999996,
    "pct3ResTime" : 60002.0,
    "throughput" : 0.9304379063638881,
    "receivedKBytesPerSec" : 0.2680897272374522,
    "sentKBytesPerSec" : 0.3289243379919214
  },
  "WIFSOpmetGlobalAllDataVarOneMinuteIWXXM" : {
    "transaction" : "WIFSOpmetGlobalAllDataVarOneMinuteIWXXM",
    "sampleCount" : 2780,
    "errorCount" : 0,
    "errorPct" : 0.0,
    "meanResTime" : 740.6255395683455,
    "medianResTime" : 580.0,
    "minResTime" : 102.0,
    "maxResTime" : 19439.0,
    "pct1ResTime" : 738.8000000000002,
    "pct2ResTime" : 1175.2999999999975,
    "pct3ResTime" : 5192.63000000001,
    "throughput" : 0.772343222660439,
    "receivedKBytesPerSec" : 0.2760523627868366,
    "sentKBytesPerSec" : 0.22400970422866248
  },
  "WIFSOpmetEurNatAllDataVarOneMinuteTAC" : {
    "transaction" : "WIFSOpmetEurNatAllDataVarOneMinuteTAC",
    "sampleCount" : 2770,
    "errorCount" : 1,
    "errorPct" : 0.036101084,
    "meanResTime" : 798.6191335740083,
    "medianResTime" : 580.0,
    "minResTime" : 103.0,
    "maxResTime" : 19607.0,
    "pct1ResTime" : 790.8000000000002,
    "pct2ResTime" : 1673.249999999999,
    "pct3ResTime" : 6493.339999999995,
    "throughput" : 0.7700853265662201,
    "receivedKBytesPerSec" : 0.27453592932826876,
    "sentKBytesPerSec" : 0.23012315422779625
  },
  "WIFSGriddedLowResItemGlobal" : {
    "transaction" : "WIFSGriddedLowResItemGlobal",
    "sampleCount" : 3415,
    "errorCount" : 2,
    "errorPct" : 0.058565155,
    "meanResTime" : 1381.7232796486142,
    "medianResTime" : 939.0,
    "minResTime" : 119.0,
    "maxResTime" : 7286.0,
    "pct1ResTime" : 3555.000000000002,
    "pct2ResTime" : 4309.399999999999,
    "pct3ResTime" : 5506.68,
    "throughput" : 0.9488206423362937,
    "receivedKBytesPerSec" : 15.341882736517508,
    "sentKBytesPerSec" : 0.20940768082812733
  },
  "WIFSOpmetNamCarAllDataVarFiveMinuteIWXXM" : {
    "transaction" : "WIFSOpmetNamCarAllDataVarFiveMinuteIWXXM",
    "sampleCount" : 2771,
    "errorCount" : 2,
    "errorPct" : 0.072176106,
    "meanResTime" : 2162.3702634427973,
    "medianResTime" : 1671.0,
    "minResTime" : 19.0,
    "maxResTime" : 22582.0,
    "pct1ResTime" : 2866.4000000000005,
    "pct2ResTime" : 4681.600000000003,
    "pct3ResTime" : 12034.520000000062,
    "throughput" : 0.7701631406202273,
    "receivedKBytesPerSec" : 0.2759764101232678,
    "sentKBytesPerSec" : 0.22412950771955834
  },
  "WIFSOpmetEurNatAllDataVarFiveMinuteTAC" : {
    "transaction" : "WIFSOpmetEurNatAllDataVarFiveMinuteTAC",
    "sampleCount" : 2768,
    "errorCount" : 0,
    "errorPct" : 0.0,
    "meanResTime" : 2206.3829479768833,
    "medianResTime" : 1685.0,
    "minResTime" : 311.0,
    "maxResTime" : 22414.0,
    "pct1ResTime" : 2975.199999999999,
    "pct2ResTime" : 5227.249999999985,
    "pct3ResTime" : 13391.919999999987,
    "throughput" : 0.7700546660917222,
    "receivedKBytesPerSec" : 0.27448237609714704,
    "sentKBytesPerSec" : 0.2301139920156904
  },
  "WIFSGriddedLowResCubeFullTimeFullVertRoughlyGlobal" : {
    "transaction" : "WIFSGriddedLowResCubeFullTimeFullVertRoughlyGlobal",
    "sampleCount" : 3351,
    "errorCount" : 227,
    "errorPct" : 6.7740974,