{
  "WIFSOpmetNamCarAllDataVarFiveMinuteTAC" : {
    "transaction" : "WIFSOpmetNamCarAllDataVarFiveMinuteTAC",
    "sampleCount" : 8215,
    "errorCount" : 4,
    "errorPct" : 0.048691418,
    "meanResTime" : 632.9217285453404,
    "medianResTime" : 601.0,
    "minResTime" : 220.0,
    "maxResTime" : 60002.0,
    "pct1ResTime" : 969.0,
    "pct2ResTime" : 1087.1999999999998,
    "pct3ResTime" : 1846.5200000000004,
    "throughput" : 2.2826114742419175,
    "receivedKBytesPerSec" : 0.8135469270290929,
    "sentKBytesPerSec" : 0.682108506951198
  },
  "WIFSGriddedHighResCubeFullTimeFullVertUSA" : {
    "transaction" : "WIFSGriddedHighResCubeFullTimeFullVertUSA",
    "sampleCount" : 2575,
    "errorCount" : 30,
    "errorPct" : 1.1650486,
    "meanResTime" : 12781.912233009698,
    "medianResTime" : 9591.0,
    "minResTime" : 1038.0,
    "maxResTime" : 60004.0,
    "pct1ResTime" : 26359.800000000003,
    "pct2ResTime" : 33330.19999999999,
    "pct3ResTime" : 60001.0,
    "throughput" : 0.7121415853626833,
    "receivedKBytesPerSec" : 0.20375897237900092,
    "sentKBytesPerSec" : 0.2510577268710241
  },
  "WIFSOpmetEurNatAllDataVarOneMinuteIWXXM" : {
    "transaction" : "WIFSOpmetEurNatAllDataVarOneMinuteIWXXM",
    "sampleCount" : 8212,
    "errorCount" : 2,
    "errorPct" : 0.024354603,
    "meanResTime" : 444.021797369704,
    "medianResTime" : 441.0,
    "minResTime" : 75.0,
    "maxResTime" : 60002.0,
    "pct1ResTime" : 801.0,
    "pct2ResTime" : 925.0,
    "pct3ResTime" : 1666.2699999999977,
    "throughput" : 2.282386077333755,
    "receivedKBytesPerSec" : 0.8179628910413567,
    "sentKBytesPerSec" : 0.664210010786581
  },
  "WIFSGriddedHighResCubeFullTimeFullVertRoughlyGlobal" : {
    "transaction" : "WIFSGriddedHighResCubeFullTimeFullVertRoughlyGlobal",
    "sampleCount" : 2544,
    "errorCount" : 39,
    "errorPct" : 1.5330188,
    "meanResTime" : 20148.816037735873,
    "medianResTime" : 16904.5,
    "minResTime" : 5967.0,
    "maxResTime" : 60004.0,
    "pct1ResTime" : 34914.0,
    "pct2ResTime" : 42191.75,
    "pct3ResTime" : 60001.0,
    "throughput" : 0.7055370234990421,
    "receivedKBytesPerSec" : 0.20186673034133681,
    "sentKBytesPerSec" : 0.2473513588243712
  },
  "WIFSGriddedLowResCubeFullTimeFullVertUSA" : {
    "transaction" : "WIFSGriddedLowResCubeFullTimeFullVertUSA",
    "sampleCount" : 2532,
    "errorCount" : 27,
    "errorPct" : 1.0663507,
    "meanResTime" : 11972.469984202227,
    "medianResTime" : 8507.0,
    "minResTime" : 867.0,
    "maxResTime" : 60003.0,
    "pct1ResTime" : 25189.600000000013,
    "pct2ResTime" : 33037.45,
    "pct3ResTime" : 60000.0,
    "throughput" : 0.7056586746827114,
    "receivedKBytesPerSec" : 0.20190475281810588,
    "sentKBytesPerSec" : 0.23912457042470786
  },
  "WIFSOpmetNamCarAllDataVarOneMinuteTAC" : {
    "transaction" : "WIFSOpmetNamCarAllDataVarOneMinuteTAC",
    "sampleCount" : 8217,
    "errorCount" : 3,
    "errorPct" : 0.036509674,
    "meanResTime" : 393.96385542168713,
    "medianResTime" : 202.0,
    "minResTime" : 72.0,
    "maxResTime" : 60002.0,
    "pct1ResTime" : 738.1999999999998,
    "pct2ResTime" : 861.0999999999995,
    "pct3ResTime" : 1530.0999999999985,
    "throughput" : 2.283468571252306,
    "receivedKBytesPerSec" : 0.8138722357024771,
    "sentKBytesPerSec" : 0.6823646316437556
  },
  "WIFSOpmetGlobalAllDataVarOneMinuteTAC" : {
    "transaction" : "WIFSOpmetGlobalAllDataVarOneMinuteTAC",
    "sampleCount" : 8221,
    "errorCount" : 2,
    "errorPct" : 0.024327941,
    "meanResTime" : 376.2919352876773,
    "medianResTime" : 193.0,
    "minResTime" : 73.0,
    "maxResTime" : 60001.0,
    "pct1ResTime" : 747.0,
    "pct2ResTime" : 865.8999999999996,
    "pct3ResTime" : 1435.1399999999967,
    "throughput" : 2.283971471054322,
    "receivedKBytesPerSec" : 0.811841415187174,
    "sentKBytesPerSec" : 0.6802844713589533
  },
  "WIFSOpmetGlobalAllDataVarFiveMinuteTAC" : {
    "transaction" : "WIFSOpmetGlobalAllDataVarFiveMinuteTAC",
    "sampleCount" : 8220,
    "errorCount" : 2,
    "errorPct" : 0.024330901,
    "meanResTime" : 621.7974452554719,
    "medianResTime" : 607.0,
    "minResTime" : 220.0,
    "maxResTime" : 60002.0,
    "pct1ResTime" : 957.0,
    "pct2ResTime" : 1084.0,
    "pct3ResTime" : 1822.6499999999987,
    "throughput" : 2.283354898351818,
    "receivedKBytesPerSec" : 0.8116222486545707,
    "sentKBytesPerSec" : 0.6801008242161176
  },
  "WIFSGriddedHighResCubeFullTimeFullVertNorthAmerica" : {
    "transaction" : "WIFSGriddedHighResCubeFullTimeFullVertNorthAmerica",
    "sampleCount" : 2571,
    "errorCount" : 25,
    "errorPct" : 0.9723843,
    "meanResTime" : 13701.153247763505,
    "medianResTime" : 10393.0,
    "minResTime" : 1832.0,
    "maxResTime" : 60003.0,
    "pct1ResTime" : 27768.800000000007,
    "pct2ResTime" : 35660.0,
    "pct3ResTime" : 59927.56000000002,
    "throughput" : 0.7109199348198961,
    "receivedKBytesPerSec" : 0.20341076955907758,
    "sentKBytesPerSec" : 0.25132130508281486
  },
  "WIFSOpmetGlobalAllDataVarOneMinuteIWXXM" : {
    "transaction" : "WIFSOpmetGlobalAllDataVarOneMinuteIWXXM",
    "sampleCount" : 8221,
    "errorCount" : 0,
    "errorPct" : 0.0,
    "meanResTime" : 424.2644447147551,
    "medianResTime" : 431.0,
    "minResTime" : 72.0,
    "maxResTime" : 6449.0,
    "pct1ResTime" : 789.8000000000002,
    "pct2ResTime" : 911.8999999999996,
    "pct3ResTime" : 1672.5599999999995,
    "throughput" : 2.2836631278823574,
    "receivedKBytesPerSec" : 0.816231157036077,
    "sentKBytesPerSec" : 0.6623515126768165
  },
  "WIFSOpmetEurNatAllDataVarOneMinuteTAC" : {
    "transaction" : "WIFSOpmetEurNatAllDataVarOneMinuteTAC",
    "sampleCount" : 8213,
    "errorCount" : 2,
    "errorPct" : 0.024351638,
    "meanResTime" : 378.7984901984669,
    "medianResTime" : 195.0,
    "minResTime" : 73.0,
    "maxResTime" : 60001.0,
    "pct1ResTime" : 755.0,
    "pct2ResTime" : 873.0,
    "pct3ResTime" : 1461.2999999999984,
    "throughput" : 2.2828353187116615,
    "receivedKBytesPerSec" : 0.813666318419393,
    "sentKBytesPerSec" : 0.6821753979743832
  },
  "WIFSGriddedLowResItemGlobal" : {
    "transaction" : "WIFSGriddedLowResItemGlobal",
    "sampleCount" : 2577,
    "errorCount" : 1,
    "errorPct" : 0.03880481,
    "meanResTime" : 567.51144741948,
    "medianResTime" : 493.0,
    "minResTime" : 56.0,
    "maxResTime" : 60000.0,
    "pct1ResTime" : 999.0,
    "pct2ResTime" : 1218.6999999999994,
    "pct3ResTime" : 2322.179999999996,
    "throughput" : 0.7158303507068721,
    "receivedKBytesPerSec" : 11.631811885679644,
    "sentKBytesPerSec" : 0.15798599537085262
  },
  "WIFSOpmetNamCarAllDataVarFiveMinuteIWXXM" : {
    "transaction" : "WIFSOpmetNamCarAllDataVarFiveMinuteIWXXM",
    "sampleCount" : 8213,
    "errorCount" : 5,
    "errorPct" : 0.060879093,
    "meanResTime" : 570.9582369414322,
    "medianResTime" : 363.0,
    "minResTime" : 217.0,
    "maxResTime" : 60002.0,
    "pct1ResTime" : 930.2000000000007,
    "pct2ResTime" : 1062.0,
    "pct3ResTime" : 1735.4399999999987,
    "throughput" : 2.2828848125757966,
    "receivedKBytesPerSec" : 0.8180805578572181,
    "sentKBytesPerSec" : 0.6643551505347531
  },
  "WIFSOpmetEurNatAllDataVarFiveMinuteTAC" : {
    "transaction" : "WIFSOpmetEurNatAllDataVarFiveMinuteTAC",
    "sampleCount" : 8211,
    "errorCount" : 3,
    "errorPct" : 0.036536355,
    "meanResTime" : 626.5968822311554,
    "medianResTime" : 600.0,
    "minResTime" : 219.0,
    "maxResTime" : 60002.0,
    "pct1ResTime" : 969.8000000000002,
    "pct2ResTime" : 1094.3999999999996,
    "pct3ResTime" : 1879.5600000000013,
    "throughput" : 2.2820719912974985,
    "receivedKBytesPerSec" : 0.8133744242708404,
    "sentKBytesPerSec" : 0.6819472942744479
  },
  "WIFSGriddedLowResCubeFullTimeFullVertRoughlyGlobal" : {
    "transaction" : "WIFSGriddedLowResCubeFullTimeFullVertRoughlyGlobal",
    "sampleCount" : 2499,
    "errorCount" : 17,
    "errorPct" : 0.6802721,
    "meanResTime" : 12527.677470988368,