{
  "WIFSOpmetNamCarAllDataVarFiveMinuteTAC" : {
    "transaction" : "WIFSOpmetNamCarAllDataVarFiveMinuteTAC",
    "sampleCount" : 18226,
    "errorCount" : 5,
    "errorPct" : 0.027433338,
    "meanResTime" : 323.60688028091835,
    "medianResTime" : 208.0,
    "minResTime" : 101.0,
    "maxResTime" : 90001.0,
    "pct1ResTime" : 580.0,
    "pct2ResTime" : 743.0,
    "pct3ResTime" : 1035.4599999999991,
    "throughput" : 5.06453629732546,
    "receivedKBytesPerSec" : 1.8051311761896491,
    "sentKBytesPerSec" : 1.5084800494963528
  },
  "WIFSGriddedHighResCubeFullTimeFullVertUSA" : {
    "transaction" : "WIFSGriddedHighResCubeFullTimeFullVertUSA",
    "sampleCount" : 1521,
    "errorCount" : 1004,
    "errorPct" : 66.0092,
    "meanResTime" : 17005.25904010516,
    "medianResTime" : 3.0,
    "minResTime" : 1.0,
    "maxResTime" : 72029.0,
    "pct1ResTime" : 56607.2,
    "pct2ResTime" : 60182.2,
    "pct3ResTime" : 67223.01999999999,
    "throughput" : 0.42272933066188406,
    "receivedKBytesPerSec" : 188.44378918662332,
    "sentKBytesPerSec" : 0.14861578031081862
  },
  "WIFSOpmetEurNatAllDataVarOneMinuteIWXXM" : {
    "transaction" : "WIFSOpmetEurNatAllDataVarOneMinuteIWXXM",
    "sampleCount" : 18222,
    "errorCount" : 0,
    "errorPct" : 0.0,
    "meanResTime" : 147.8945779826589,
    "medianResTime" : 74.0,
    "minResTime" : 36.0,
    "maxResTime" : 76443.0,
    "pct1ResTime" : 349.0,
    "pct2ResTime" : 516.0,
    "pct3ResTime" : 786.5400000000009,
    "throughput" : 5.064304325169359,
    "receivedKBytesPerSec" : 1.8150387571651903,
    "sentKBytesPerSec" : 1.468846078686816
  },
  "WIFSGriddedHighResCubeFullTimeFullVertRoughlyGlobal" : {
    "transaction" : "WIFSGriddedHighResCubeFullTimeFullVertRoughlyGlobal",
    "sampleCount" : 1500,
    "errorCount" : 722,
    "errorPct" : 48.133335,
    "meanResTime" : 31405.520666666664,
    "medianResTime" : 47438.0,
    "minResTime" : 1.0,
    "maxResTime" : 80253.0,
    "pct1ResTime" : 66463.2,
    "pct2ResTime" : 69795.45000000001,
    "pct3ResTime" : 74663.02,
    "throughput" : 0.4120664031273093,
    "receivedKBytesPerSec" : 5792.336397619355,
    "sentKBytesPerSec" : 0.14406227765583665
  },
  "WIFSGriddedLowResCubeFullTimeFullVertUSA" : {
    "transaction" : "WIFSGriddedLowResCubeFullTimeFullVertUSA",
    "sampleCount" : 1486,
    "errorCount" : 1028,
    "errorPct" : 69.179,
    "meanResTime" : 16952.323014804806,
    "medianResTime" : 3.0,
    "minResTime" : 1.0,
    "maxResTime" : 72392.0,
    "pct1ResTime" : 57978.29999999999,
    "pct2ResTime" : 62121.34999999998,
    "pct3ResTime" : 68912.72,
    "throughput" : 0.4093684211106281,
    "receivedKBytesPerSec" : 15.763331974683346,
    "sentKBytesPerSec" : 0.13832175166433333
  },
  "WIFSOpmetNamCarAllDataVarOneMinuteTAC" : {
    "transaction" : "WIFSOpmetNamCarAllDataVarOneMinuteTAC",
    "sampleCount" : 18228,
    "errorCount" : 0,
    "errorPct" : 0.0,
    "meanResTime" : 134.65350010972145,
    "medianResTime" : 72.0,
    "minResTime" : 35.0,
    "maxResTime" : 12351.0,
    "pct1ResTime" : 320.0,
    "pct2ResTime" : 493.0,
    "pct3ResTime" : 761.0,
    "throughput" : 5.064910490183193,
    "receivedKBytesPerSec" : 1.8053636024578765,
    "sentKBytesPerSec" : 1.508591503423705
  },
  "WIFSOpmetGlobalAllDataVarOneMinuteTAC" : {
    "transaction" : "WIFSOpmetGlobalAllDataVarOneMinuteTAC",
    "sampleCount" : 18232,
    "errorCount" : 1,
    "errorPct" : 0.005484862,
    "meanResTime" : 137.93330408073805,
    "medianResTime" : 72.0,
    "minResTime" : 35.0,
    "maxResTime" : 90001.0,
    "pct1ResTime" : 320.0,
    "pct2ResTime" : 486.34999999999854,
    "pct3ResTime" : 750.0,
    "throughput" : 5.06488762211138,
    "receivedKBytesPerSec" : 1.8003897389632704,
    "sentKBytesPerSec" : 1.5036385128143157
  },
  "WIFSOpmetGlobalAllDataVarFiveMinuteTAC" : {
    "transaction" : "WIFSOpmetGlobalAllDataVarFiveMinuteTAC",
    "sampleCount" : 18232,
    "errorCount" : 3,
    "errorPct" : 0.016454585,
    "meanResTime" : 317.5490346643268,
    "medianResTime" : 208.0,
    "minResTime" : 99.0,
    "maxResTime" : 90002.0,
    "pct1ResTime" : 584.7000000000007,
    "pct2ResTime" : 744.0,
    "pct3ResTime" : 1077.0199999999895,
    "throughput" : 5.0645541764516,
    "receivedKBytesPerSec" : 1.8002321473909713,
    "sentKBytesPerSec" : 1.503539521134069
  },
  "WIFSGriddedHighResCubeFullTimeFullVertNorthAmerica" : {
    "transaction" : "WIFSGriddedHighResCubeFullTimeFullVertNorthAmerica",
    "sampleCount" : 1521,
    "errorCount" : 780,
    "errorPct" : 51.28205,
    "meanResTime" : 26285.1972386588,
    "medianResTime" : 4.0,
    "minResTime" : 1.0,
    "maxResTime" : 72520.0,
    "pct1ResTime" : 59953.4,
    "pct2ResTime" : 62880.09999999999,
    "pct3ResTime" : 67759.73999999999,
    "throughput" : 0.41657970804910877,
    "receivedKBytesPerSec" : 964.5823953827919,
    "sentKBytesPerSec" : 0.1468606197321565
  },
  "WIFSOpmetGlobalAllDataVarOneMinuteIWXXM" : {
    "transaction" : "WIFSOpmetGlobalAllDataVarOneMinuteIWXXM",
    "sampleCount" : 18232,
    "errorCount" : 0,
    "errorPct" : 0.0,
    "meanResTime" : 139.1188569548041,
    "medianResTime" : 73.0,
    "minResTime" : 34.0,
    "maxResTime" : 10058.0,
    "pct1ResTime" : 334.7000000000007,
    "pct2ResTime" : 511.34999999999854,
    "pct3ResTime" : 765.0,
    "throughput" : 5.065136679790682,
    "receivedKBytesPerSec" : 1.8103906492220605,
    "sentKBytesPerSec" : 1.4641410715019942
  },
  "WIFSOpmetEurNatAllDataVarOneMinuteTAC" : {
    "transaction" : "WIFSOpmetEurNatAllDataVarOneMinuteTAC",
    "sampleCount" : 18222,
    "errorCount" : 1,
    "errorPct" : 0.005487872,
    "meanResTime" : 138.77834485786406,
    "medianResTime" : 71.0,
    "minResTime" : 36.0,
    "maxResTime" : 90000.0,
    "pct1ResTime" : 327.0,
    "pct2ResTime" : 498.84999999999854,
    "pct3ResTime" : 756.3100000000013,
    "throughput" : 5.0645337554982515,
    "receivedKBytesPerSec" : 1.8052095034112368,
    "sentKBytesPerSec" : 1.5084792924091472
  },
  "WIFSGriddedLowResItemGlobal" : {
    "transaction" : "WIFSGriddedLowResItemGlobal",
    "sampleCount" : 1521,
    "errorCount" : 0,
    "errorPct" : 0.0,
    "meanResTime" : 353.58382642998043,
    "medianResTime" : 147.0,
    "minResTime" : 47.0,
    "maxResTime" : 10899.0,
    "pct1ResTime" : 760.3999999999999,
    "pct2ResTime" : 1174.3999999999992,
    "pct3ResTime" : 2339.719999999998,
    "throughput" : 0.4226972587207363,
    "receivedKBytesPerSec" : 6.815957201468324,
    "sentKBytesPerSec" : 0.09287781563688054
  },
  "WIFSOpmetNamCarAllDataVarFiveMinuteIWXXM" : {
    "transaction" : "WIFSOpmetNamCarAllDataVarFiveMinuteIWXXM",
    "sampleCount" : 18224,
    "errorCount" : 4,
    "errorPct" : 0.021949079,
    "meanResTime" : 306.4616988586493,
    "medianResTime" : 203.0,
    "minResTime" : 100.0,
    "maxResTime" : 90002.0,
    "pct1ResTime" : 542.0,
    "pct2ResTime" : 722.0,
    "pct3ResTime" : 990.75,
    "throughput" : 5.064395692040056,
    "receivedKBytesPerSec" : 1.814990087759886,
    "sentKBytesPerSec" : 1.4688725786483365
  },
  "WIFSOpmetEurNatAllDataVarFiveMinuteTAC" : {
    "transaction" : "WIFSOpmetEurNatAllDataVarFiveMinuteTAC",
    "sampleCount" : 18221,
    "errorCount" : 6,
    "errorPct" : 0.032929037,
    "meanResTime" : 325.3885077657645,
    "medianResTime" : 208.0,
    "minResTime" : 98.0,
    "maxResTime" : 90002.0,
    "pct1ResTime" : 569.0,
    "pct2ResTime" : 735.8999999999978,
    "pct3ResTime" : 1037.3399999999965,
    "throughput" : 5.063811078521448,
    "receivedKBytesPerSec" : 1.8048528503599501,
    "sentKBytesPerSec" : 1.5082640419424236
  },
  "WIFSGriddedLowResCubeFullTimeFullVertRoughlyGlobal" : {
    "transaction" : "WIFSGriddedLowResCubeFullTimeFullVertRoughlyGlobal",
    "sampleCount" : 1455,
    "errorCount" : 775,
    "errorPct" : 53.264606,
    "meanResTime" : 25941.40412371133,
    "medianResTime" : 4.0,
    "minResTime" : 1.0,
    "maxResTime" : 71665.0,
    "pct1ResTime" : 59408.8,