{
  "NCPPServerlessEastGFSPosition-fulltime-fullzedd" : {
    "transaction" : "NCPPServerlessEastGFSPosition-fulltime-fullzedd",
    "sampleCount" : 1948,
    "errorCount" : 0,
    "errorPct" : 0.0,
    "meanResTime" : 2914.9548254620113,
    "medianResTime" : 2860.5,
    "minResTime" : 2548.0,
    "maxResTime" : 8282.0,
    "pct1ResTime" : 3183.1000000000004,
    "pct2ResTime" : 3240.0,
    "pct3ResTime" : 3415.0,
    "throughput" : 30.90836969456565,
    "receivedKBytesPerSec" : 5957.8297302657675,
    "sentKBytesPerSec" : 13.039468464894883
  },
  "NCPPServerlessEastGFSAreaUS-1time-1zedd" : {
    "transaction" : "NCPPServerlessEastGFSAreaUS-1time-1zedd",
    "sampleCount" : 10260,
    "errorCount" : 0,
    "errorPct" : 0.0,
    "meanResTime" : 539.80292397661,
    "medianResTime" : 510.0,
    "minResTime" : 420.0,
    "maxResTime" : 16085.0,
    "pct1ResTime" : 645.0,
    "pct2ResTime" : 679.0,
    "pct3ResTime" : 811.8999999999942,
    "throughput" : 169.25386429997198,
    "receivedKBytesPerSec" : 7932.948454176908,
    "sentKBytesPerSec" : 191.07174524489022
  },
  "NCPPServerlessEastGFSTrajectory20waypoints" : {
    "transaction" : "NCPPServerlessEastGFSTrajectory20waypoints",
    "sampleCount" : 2170,
    "errorCount" : 0,
    "errorPct" : 0.0,
    "meanResTime" : 2636.8092165898656,
    "medianResTime" : 2542.0,
    "minResTime" : 2262.0,
    "maxResTime" : 5398.0,
    "pct1ResTime" : 2948.0,
    "pct2ResTime" : 3232.3499999999995,
    "pct3ResTime" : 4306.0,
    "throughput" : 34.00188028831087,
    "receivedKBytesPerSec" : 261.489069600047,
    "sentKBytesPerSec" : 59.20444585357255
  },
  "NCPPServerlessEastGFSPosition-fulltime-1zedd" : {
    "transaction" : "NCPPServerlessEastGFSPosition-fulltime-1zedd",
    "sampleCount" : 13394,
    "errorCount" : 0,
    "errorPct" : 0.0,
    "meanResTime" : 418.201881439451,
    "medianResTime" : 392.0,
    "minResTime" : 302.0,
    "maxResTime" : 6301.0,
    "pct1ResTime" : 460.0,
    "pct2ResTime" : 532.0,
    "pct3ResTime" : 1372.0,
    "throughput" : 208.52534562211983,
    "receivedKBytesPerSec" : 2925.4639796947004,
    "sentKBytesPerSec" : 88.9898203485023
  },
  "NCPPServerlessEastGFSAreaGlobe-1time-1zedd" : {
    "transaction" : "NCPPServerlessEastGFSAreaGlobe-1time-1zedd",
    "sampleCount" : 1522,
    "errorCount" : 4,
    "errorPct" : 0.26281208,
    "meanResTime" : 3900.6215505913274,
    "medianResTime" : 2767.0,
    "minResTime" : 1197.0,
    "maxResTime" : 60128.0,
    "pct1ResTime" : 5771.200000000001,
    "pct2ResTime" : 7868.699999999994,
    "pct3ResTime" : 40605.0,
    "throughput" : 16.163461232118774,
    "receivedKBytesPerSec" : 32226.737790287854,
    "sentKBytesPerSec" : 8.391096921030554
  },
  "NCPPServerlessEastCollections" : {
    "transaction" : "NCPPServerlessEastCollections",
    "sampleCount" : 37920,
    "errorCount" : 0,
    "errorPct" : 0.0,
    "meanResTime" : 145.411497890295,
    "medianResTime" : 134.0,
    "minResTime" : 97.0,
    "maxResTime" : 5340.0,
    "pct1ResTime" : 156.0,
    "pct2ResTime" : 169.0,
    "pct3ResTime" : 265.0,
    "throughput" : 631.884154571662,
    "receivedKBytesPerSec" : 21315.599952508706,
    "sentKBytesPerSec" : 103.05141973971438
  },
  "NCPPServerlessEastGFSPosition-fulltime-halfzedd" : {
    "transaction" : "NCPPServerlessEastGFSPosition-fulltime-halfzedd",
    "sampleCount" : 3300,
    "errorCount" : 0,
    "errorPct" : 0.0,
    "meanResTime" : 1691.8884848484847,
    "medianResTime" : 1653.0,
    "minResTime" : 1420.0,
    "maxResTime" : 4680.0,
    "pct1ResTime" : 1853.9,
    "pct2ResTime" : 1981.0,
    "pct3ResTime" : 2713.0,
    "throughput" : 53.417074039302015,
    "receivedKBytesPerSec" : 5510.878860091781,
    "sentKBytesPerSec" : 22.743988555796562
  },
  "NCPPServerlessEastNWM-position-1day" : {
    "transaction" : "NCPPServerlessEastNWM-position-1day",
    "sampleCount" : 884,
    "errorCount" : 2,
    "errorPct" : 0.22624435,
    "meanResTime" : 6634.113122171958,
    "medianResTime" : 6495.5,
    "minResTime" : 5807.0,
    "maxResTime" : 29311.0,
    "pct1ResTime" : 6978.0,
    "pct2ResTime" : 7259.25,
    "pct3ResTime" : 9014.099999999991,
    "throughput" : 12.969483568075116,
    "receivedKBytesPerSec" : 55.66767303036972,
    "sentKBytesPerSec" : 4.496256510416667
  },
  "NCPPServerlessEastGFSPosition-1time-fullzedd" : {
    "transaction" : "NCPPServerlessEastGFSPosition-1time-fullzedd",
    "sampleCount" : 2006,
    "errorCount" : 0,
    "errorPct" : 0.0,
    "meanResTime" : 2823.9850448654015,
    "medianResTime" : 2790.0,
    "minResTime" : 2379.0,
    "maxResTime" : 3865.0,
    "pct1ResTime" : 3096.0,
    "pct2ResTime" : 3182.6499999999996,
    "pct3ResTime" : 3594.9500000000007,
    "throughput" : 31.911170500461328,
    "receivedKBytesPerSec" : 176.29051906358373,
    "sentKBytesPerSec" : 13.462525054882123
  },
  "NCPPServerlessEastGFSAreaHalfGlobe-1time-1zedd" : {
    "transaction" : "NCPPServerlessEastGFSAreaHalfGlobe-1time-1zedd",
    "sampleCount" : 3404,
    "errorCount" : 2,
    "errorPct" : 0.058754407,
    "meanResTime" : 1662.9905992949425,
    "medianResTime" : 1352.0,
    "minResTime" : 838.0,
    "maxResTime" : 40569.0,
    "pct1ResTime" : 2467.5,
    "pct2ResTime" : 2808.75,
    "pct3ResTime" : 4586.099999999982,
    "throughput" : 35.43323479202232,
    "receivedKBytesPerSec" : 31194.66452148478,
    "sentKBytesPerSec" : 18.190362230399302
  },
  "NCPPServerlessEastGFSTrajectory10waypoints" : {
    "transaction" : "NCPPServerlessEastGFSTrajectory10waypoints",
    "sampleCount" : 1996,
    "errorCount" : 0,
    "errorPct" : 0.0,
    "meanResTime" : 2835.7074148296574,
    "medianResTime" : 2785.0,
    "minResTime" : 2476.0,
    "maxResTime" : 8546.0,
    "pct1ResTime" : 3094.0,
    "pct2ResTime" : 3252.0,
    "pct3ResTime" : 3614.0,
    "throughput" : 31.3663864225662,
    "receivedKBytesPerSec" : 165.56183458395537,
    "sentKBytesPerSec" : 32.25469228804903
  },
  "NCPPServerlessEastGFSPosition-halftime-1zedd" : {
    "transaction" : "NCPPServerlessEastGFSPosition-halftime-1zedd",
    "sampleCount" : 13132,
    "errorCount" : 0,
    "errorPct" : 0.0,
    "meanResTime" : 420.9843131282356,
    "medianResTime" : 400.0,
    "minResTime" : 315.0,
    "maxResTime" : 2379.0,
    "pct1ResTime" : 519.0,
    "pct2ResTime" : 550.0,
    "pct3ResTime" : 606.0,
    "throughput" : 217.24097999966915,
    "receivedKBytesPerSec" : 1853.3371106221775,
    "sentKBytesPerSec" : 92.70928541001506
  },
  "NCPPServerlessEastGFSCorridor20waypoints" : {
    "transaction" : "NCPPServerlessEastGFSCorridor20waypoints",
    "sampleCount" : 394,
    "errorCount" : 394,
    "errorPct" : 100.0,
    "meanResTime" : 7070.230964467005,
    "medianResTime" : 3798.5,
    "minResTime" : 1624.0,
    "maxResTime" : 29199.0,
    "pct1ResTime" : 29041.0,
    "pct2ResTime" : 29060.25,
    "pct3ResTime" : 29070.3,
    "throughput" : 6.487839417741112,
    "receivedKBytesPerSec" : 3.2574917872844935,
    "sentKBytesPerSec" : 11.695851137841888
  },
  "NCPPServerlessEastGFSCorridor5waypoints" : {
    "transaction" : "NCPPServerlessEastGFSCorridor5waypoints",
    "sampleCount" : 906,
    "errorCount" : 2,
    "errorPct" : 0.22075056,
    "meanResTime" : 6397.423841059597,
    "medianResTime" : 6015.0,
    "minResTime" : 3637.0,
    "maxResTime" : 29159.0,
    "pct1ResTime" : 8335.700000000003,
    "pct2ResTime" : 9886.0,
    "pct3ResTime" : 11568.0,
    "throughput" : 13.954133103331435,
    "receivedKBytesPerSec" : 199.37493502317986,
    "sentKBytesPerSec" : 10.451972744389852
  },
  "NCPPServerlessEastGFSAreaUS-1time-fullzedd" : {
    "transaction" : "NCPPServerlessEastGFSAreaUS-1time-fullzedd",
    "sampleCount" : 970,
    "errorCount" : 0,
    "errorPct" : 0.0,
    "meanResTime" : 5966.317525773198,
    "medianResTime" : 5587.0,
    "minResTime" : 4586.0,
    "maxResTime" : 26956.0,
    "pct1ResTime" : 7375.0,
    "pct2ResTime" : 8464.099999999997,
    "pct3ResTime" : 9820.0,
    "throughput" : 12.704483241869786,