{
  "WIFSOpmetNamCarAllDataVarFiveMinuteTAC" : {
    "transaction" : "WIFSOpmetNamCarAllDataVarFiveMinuteTAC",
    "sampleCount" : 21958,
    "errorCount" : 2,
    "errorPct" : 0.0091082975,
    "meanResTime" : 271.78764004007604,
    "medianResTime" : 217.0,
    "minResTime" : 153.0,
    "maxResTime" : 30348.0,
    "pct1ResTime" : 328.0,
    "pct2ResTime" : 393.0,
    "pct3ResTime" : 522.9900000000016,
    "throughput" : 6.102205692520309,
    "receivedKBytesPerSec" : 2.1750548503406124,
    "sentKBytesPerSec" : 1.8235106854601706
  },
  "WIFSGriddedHighResCubeFullTimeFullVertUSA" : {
    "transaction" : "WIFSGriddedHighResCubeFullTimeFullVertUSA",
    "sampleCount" : 2783,
    "errorCount" : 994,
    "errorPct" : 35.716854,
    "meanResTime" : 17036.07761408548,
    "medianResTime" : 5325.0,
    "minResTime" : 5.0,
    "maxResTime" : 60017.0,
    "pct1ResTime" : 44637.799999999996,
    "pct2ResTime" : 59997.0,
    "pct3ResTime" : 60010.0,
    "throughput" : 0.7662499786617415,
    "receivedKBytesPerSec" : 0.23732977877526104,
    "sentKBytesPerSec" : 0.27013304911805536
  },
  "WIFSOpmetEurNatAllDataVarOneMinuteIWXXM" : {
    "transaction" : "WIFSOpmetEurNatAllDataVarOneMinuteIWXXM",
    "sampleCount" : 21955,
    "errorCount" : 0,
    "errorPct" : 0.0,
    "meanResTime" : 103.28153040309736,
    "medianResTime" : 76.0,
    "minResTime" : 52.0,
    "maxResTime" : 9815.0,
    "pct1ResTime" : 114.0,
    "pct2ResTime" : 148.0,
    "pct3ResTime" : 203.0,
    "throughput" : 6.102584571732261,
    "receivedKBytesPerSec" : 2.187156775220449,
    "sentKBytesPerSec" : 1.7759474632580214
  },
  "WIFSGriddedHighResCubeFullTimeFullVertRoughlyGlobal" : {
    "transaction" : "WIFSGriddedHighResCubeFullTimeFullVertRoughlyGlobal",
    "sampleCount" : 2731,
    "errorCount" : 1050,
    "errorPct" : 38.447456,
    "meanResTime" : 21976.43207616261,
    "medianResTime" : 17108.0,
    "minResTime" : 6.0,
    "maxResTime" : 60019.0,
    "pct1ResTime" : 44062.000000000015,
    "pct2ResTime" : 60000.0,
    "pct3ResTime" : 60010.0,
    "throughput" : 0.7529242325535104,
    "receivedKBytesPerSec" : 0.23009287912119875,
    "sentKBytesPerSec" : 0.26396464793624047
  },
  "WIFSGriddedLowResCubeFullTimeFullVertUSA" : {
    "transaction" : "WIFSGriddedLowResCubeFullTimeFullVertUSA",
    "sampleCount" : 2716,
    "errorCount" : 198,
    "errorPct" : 7.2901325,
    "meanResTime" : 7753.109351988219,
    "medianResTime" : 1831.5,
    "minResTime" : 6.0,
    "maxResTime" : 60015.0,
    "pct1ResTime" : 22618.80000000001,
    "pct2ResTime" : 59993.0,
    "pct3ResTime" : 60009.0,
    "throughput" : 0.7549324243754226,
    "receivedKBytesPerSec" : 0.2188627160875933,
    "sentKBytesPerSec" : 0.25582182740065595
  },
  "WIFSOpmetNamCarAllDataVarOneMinuteTAC" : {
    "transaction" : "WIFSOpmetNamCarAllDataVarOneMinuteTAC",
    "sampleCount" : 21958,
    "errorCount" : 0,
    "errorPct" : 0.0,
    "meanResTime" : 102.03688860552016,
    "medianResTime" : 75.0,
    "minResTime" : 53.0,
    "maxResTime" : 7868.0,
    "pct1ResTime" : 113.0,
    "pct2ResTime" : 147.0,
    "pct3ResTime" : 211.0,
    "throughput" : 6.102354928725728,
    "receivedKBytesPerSec" : 2.1751558095555574,
    "sentKBytesPerSec" : 1.8235552814356182
  },
  "WIFSOpmetGlobalAllDataVarOneMinuteTAC" : {
    "transaction" : "WIFSOpmetGlobalAllDataVarOneMinuteTAC",
    "sampleCount" : 21966,
    "errorCount" : 0,
    "errorPct" : 0.0,
    "meanResTime" : 101.95565874533258,
    "medianResTime" : 75.0,
    "minResTime" : 52.0,
    "maxResTime" : 3917.0,
    "pct1ResTime" : 113.0,
    "pct2ResTime" : 149.0,
    "pct3ResTime" : 202.9900000000016,
    "throughput" : 6.10171412444319,
    "receivedKBytesPerSec" : 2.168968692673165,
    "sentKBytesPerSec" : 1.8174050858937234
  },
  "WIFSOpmetGlobalAllDataVarFiveMinuteTAC" : {
    "transaction" : "WIFSOpmetGlobalAllDataVarFiveMinuteTAC",
    "sampleCount" : 21964,
    "errorCount" : 4,
    "errorPct" : 0.01821162,
    "meanResTime" : 277.96990529957935,
    "medianResTime" : 217.0,
    "minResTime" : 154.0,
    "maxResTime" : 31184.0,
    "pct1ResTime" : 328.0,
    "pct2ResTime" : 396.0,
    "pct3ResTime" : 527.9900000000016,
    "throughput" : 6.10170094220219,
    "receivedKBytesPerSec" : 2.168869596630452,
    "sentKBytesPerSec" : 1.8174011595426447
  },
  "WIFSGriddedHighResCubeFullTimeFullVertNorthAmerica" : {
    "transaction" : "WIFSGriddedHighResCubeFullTimeFullVertNorthAmerica",
    "sampleCount" : 2769,
    "errorCount" : 978,
    "errorPct" : 35.31961,
    "meanResTime" : 16861.59046587217,
    "medianResTime" : 5688.0,
    "minResTime" : 6.0,
    "maxResTime" : 60094.0,
    "pct1ResTime" : 42368.0,
    "pct2ResTime" : 59995.0,
    "pct3ResTime" : 60010.0,
    "throughput" : 0.7632653533761468,
    "receivedKBytesPerSec" : 0.23619950034235304,
    "sentKBytesPerSec" : 0.2698262284396144
  },
  "WIFSOpmetGlobalAllDataVarOneMinuteIWXXM" : {
    "transaction" : "WIFSOpmetGlobalAllDataVarOneMinuteIWXXM",
    "sampleCount" : 21964,
    "errorCount" : 0,
    "errorPct" : 0.0,
    "meanResTime" : 104.1392278273537,
    "medianResTime" : 76.0,
    "minResTime" : 52.0,
    "maxResTime" : 9684.0,
    "pct1ResTime" : 114.0,
    "pct2ResTime" : 151.0,
    "pct3ResTime" : 210.9900000000016,
    "throughput" : 6.101683991441418,
    "receivedKBytesPerSec" : 2.180875332878476,
    "sentKBytesPerSec" : 1.769726704548927
  },
  "WIFSOpmetEurNatAllDataVarOneMinuteTAC" : {
    "transaction" : "WIFSOpmetEurNatAllDataVarOneMinuteTAC",
    "sampleCount" : 21956,
    "errorCount" : 0,
    "errorPct" : 0.0,
    "meanResTime" : 103.0118874111861,
    "medianResTime" : 75.0,
    "minResTime" : 52.0,
    "maxResTime" : 10467.0,
    "pct1ResTime" : 112.0,
    "pct2ResTime" : 145.0,
    "pct3ResTime" : 208.0,
    "throughput" : 6.102584342740882,
    "receivedKBytesPerSec" : 2.1752375831058806,
    "sentKBytesPerSec" : 1.823623836795615
  },
  "WIFSGriddedLowResItemGlobal" : {
    "transaction" : "WIFSGriddedLowResItemGlobal",
    "sampleCount" : 2783,
    "errorCount" : 59,
    "errorPct" : 2.1200144,
    "meanResTime" : 187.87279913762148,
    "medianResTime" : 133.0,
    "minResTime" : 5.0,
    "maxResTime" : 8878.0,
    "pct1ResTime" : 397.5999999999999,
    "pct2ResTime" : 450.0,
    "pct3ResTime" : 669.4799999999996,
    "throughput" : 0.774385778236838,
    "receivedKBytesPerSec" : 12.086814707802931,
    "sentKBytesPerSec" : 0.17090936121242714
  },
  "WIFSOpmetNamCarAllDataVarFiveMinuteIWXXM" : {
    "transaction" : "WIFSOpmetNamCarAllDataVarFiveMinuteIWXXM",
    "sampleCount" : 21957,
    "errorCount" : 1,
    "errorPct" : 0.0045543564,
    "meanResTime" : 272.21961105797646,
    "medianResTime" : 217.0,
    "minResTime" : 152.0,
    "maxResTime" : 30376.0,
    "pct1ResTime" : 327.0,
    "pct2ResTime" : 385.0,
    "pct3ResTime" : 517.9900000000016,
    "throughput" : 6.102492525092843,
    "receivedKBytesPerSec" : 2.1870993584732847,
    "sentKBytesPerSec" : 1.7759206762477218
  },
  "WIFSOpmetEurNatAllDataVarFiveMinuteTAC" : {
    "transaction" : "WIFSOpmetEurNatAllDataVarFiveMinuteTAC",
    "sampleCount" : 21955,
    "errorCount" : 5,
    "errorPct" : 0.022773856,
    "meanResTime" : 278.75536324299486,
    "medianResTime" : 217.0,
    "minResTime" : 151.0,
    "maxResTime" : 30847.0,
    "pct1ResTime" : 328.0,
    "pct2ResTime" : 393.0,
    "pct3ResTime" : 529.9900000000016,
    "throughput" : 6.1023555843015895,
    "receivedKBytesPerSec" : 2.1751031136188845,
    "sentKBytesPerSec" : 1.8235554773401232
  },
  "WIFSGriddedLowResCubeFullTimeFullVertRoughlyGlobal" : {
    "transaction" : "WIFSGriddedLowResCubeFullTimeFullVertRoughlyGlobal",
    "sampleCount" : 2704,
    "errorCount" : 188,
    "errorPct" : 6.952663,
    "meanResTime" : 8220.31915680472,
    "medianResTime" : 2148.5,
    "minResTime" : 5.0,
    "maxResTime" : 60025.0,
    "pct1ResTime" : 21844.5,
    "pct2ResTime" : 50671.75,
    "pct3ResTime" : 60010.0,
    "throughput" : 0.7531399865526632,