{
  "NDFD_Line_Summaries_24Hourly_REST" : {
    "transaction" : "NDFD_Line_Summaries_24Hourly_REST",
    "sampleCount" : 9155,
    "errorCount" : 0,
    "errorPct" : 0.0,
    "meanResTime" : 302.71960677225553,
    "medianResTime" : 136.0,
    "minResTime" : 64.0,
    "maxResTime" : 8872.0,
    "pct1ResTime" : 705.3999999999996,
    "pct2ResTime" : 1150.0,
    "pct3ResTime" : 2613.880000000001,
    "throughput" : 145.39361887973064,
    "receivedKBytesPerSec" : 110.18110180729589,
    "sentKBytesPerSec" : 68.15325884987375
  },
  "NDFD_1Point-wspd-wdir_REST" : {
    "transaction" : "NDFD_1Point-wspd-wdir_REST",
    "sampleCount" : 8144,
    "errorCount" : 0,
    "errorPct" : 0.0,
    "meanResTime" : 340.36222986247446,
    "medianResTime" : 117.0,
    "minResTime" : 66.0,
    "maxResTime" : 16143.0,
    "pct1ResTime" : 1086.0,
    "pct2ResTime" : 1252.0,
    "pct3ResTime" : 2887.8500000000013,
    "throughput" : 133.3224195792748,
    "receivedKBytesPerSec" : 645.5200744863714,
    "sentKBytesPerSec" : 47.6523491855611
  },
  "NDFD_1Point-conhazo-ptotsvrtstm_REST" : {
    "transaction" : "NDFD_1Point-conhazo-ptotsvrtstm_REST",
    "sampleCount" : 6216,
    "errorCount" : 0,
    "errorPct" : 0.0,
    "meanResTime" : 448.31660231660425,
    "medianResTime" : 164.5,
    "minResTime" : 71.0,
    "maxResTime" : 46422.0,
    "pct1ResTime" : 1113.3000000000002,
    "pct2ResTime" : 1478.5999999999985,
    "pct3ResTime" : 3276.899999999998,
    "throughput" : 92.49036558691803,
    "receivedKBytesPerSec" : 893.4713831892512,
    "sentKBytesPerSec" : 35.49679069888553
  },
  "NDFD_MultiCitiesLevel3-sky-icons-dryfireo-phail-pxhail-pxtstmwinds-tmpabv90d-tcsurge-tctornado-snowlvl-snow48e10-snow72e90-ceil-llwswindspd_REST" : {
    "transaction" : "NDFD_MultiCitiesLevel3-sky-icons-dryfireo-phail-pxhail-pxtstmwinds-tmpabv90d-tcsurge-tctornado-snowlvl-snow48e10-snow72e90-ceil-llwswindspd_REST",
    "sampleCount" : 122,
    "errorCount" : 0,
    "errorPct" : 0.0,
    "meanResTime" : 24896.008196721297,
    "medianResTime" : 23179.0,
    "minResTime" : 3901.0,
    "maxResTime" : 72685.0,
    "pct1ResTime" : 47040.900000000016,
    "pct2ResTime" : 59849.99999999999,
    "pct3ResTime" : 70653.17999999996,
    "throughput" : 1.4999877050188113,
    "receivedKBytesPerSec" : 893.0786171834657,
    "sentKBytesPerSec" : 0.8539969062753584
  },
  "NDFD_CityLevel1234_Summaries_24hourly_REST" : {
    "transaction" : "NDFD_CityLevel1234_Summaries_24hourly_REST",
    "sampleCount" : 251,
    "errorCount" : 0,
    "errorPct" : 0.0,
    "meanResTime" : 11645.235059760955,
    "medianResTime" : 5597.0,
    "minResTime" : 862.0,
    "maxResTime" : 76411.0,
    "pct1ResTime" : 29718.600000000002,
    "pct2ResTime" : 37330.399999999994,
    "pct3ResTime" : 69151.87999999987,
    "throughput" : 2.9806082340786832,
    "receivedKBytesPerSec" : 851.9291501592726,
    "sentKBytesPerSec" : 1.0187625800073625
  },
  "NDFD_line_glance_SOAP" : {
    "transaction" : "NDFD_line_glance_SOAP",
    "sampleCount" : 265,
    "errorCount" : 0,
    "errorPct" : 0.0,
    "meanResTime" : 11443.184905660388,
    "medianResTime" : 8742.0,
    "minResTime" : 869.0,
    "maxResTime" : 95394.0,
    "pct1ResTime" : 20667.8,
    "pct2ResTime" : 27516.6,
    "pct3ResTime" : 73848.49999999987,
    "throughput" : 2.6081136940731846,
    "receivedKBytesPerSec" : 1064.1740618325937,
    "sentKBytesPerSec" : 0.9398378448369191
  },
  "NDFD_MultiPoint_AllElems_REST" : {
    "transaction" : "NDFD_MultiPoint_AllElems_REST",
    "sampleCount" : 50,
    "errorCount" : 22,
    "errorPct" : 44.0,
    "meanResTime" : 61347.520000000004,
    "medianResTime" : 60078.5,
    "minResTime" : 58223.0,
    "maxResTime" : 67446.0,
    "pct1ResTime" : 64554.2,
    "pct2ResTime" : 65957.5,
    "pct3ResTime" : 67446.0,
    "throughput" : 0.6878525244187645,
    "receivedKBytesPerSec" : 156.27912625533085,
    "sentKBytesPerSec" : 0.29488990060531023
  },
  "NDFD_1Point_maxt_SOAP" : {
    "transaction" : "NDFD_1Point_maxt_SOAP",
    "sampleCount" : 9983,
    "errorCount" : 0,
    "errorPct" : 0.0,
    "meanResTime" : 278.0124211158965,
    "medianResTime" : 106.0,
    "minResTime" : 66.0,
    "maxResTime" : 22392.0,
    "pct1ResTime" : 640.2000000000007,
    "pct2ResTime" : 1111.0,
    "pct3ResTime" : 2342.239999999998,
    "throughput" : 162.65845472023986,
    "receivedKBytesPerSec" : 481.30382597883465,
    "sentKBytesPerSec" : 52.10153627757682
  },
  "NDFD_1Point_ptotsvrtsm_SOAP" : {
    "transaction" : "NDFD_1Point_ptotsvrtsm_SOAP",
    "sampleCount" : 13734,
    "errorCount" : 7334,
    "errorPct" : 53.400322,
    "meanResTime" : 200.72586282219262,
    "medianResTime" : 123.0,
    "minResTime" : 3.0,
    "maxResTime" : 29515.0,
    "pct1ResTime" : 258.5,
    "pct2ResTime" : 591.25,
    "pct3ResTime" : 1731.6999999999862,
    "throughput" : 222.31214995629512,
    "receivedKBytesPerSec" : 608.8239783478747,
    "sentKBytesPerSec" : 33.58800867622779
  },
  "NDFD_MultiPoint_waveh-wdir-wgust-wspd_SOAP" : {
    "transaction" : "NDFD_MultiPoint_waveh-wdir-wgust-wspd_SOAP",
    "sampleCount" : 904,
    "errorCount" : 0,
    "errorPct" : 0.0,
    "meanResTime" : 3179.226769911501,
    "medianResTime" : 1809.0,
    "minResTime" : 301.0,
    "maxResTime" : 68132.0,
    "pct1ResTime" : 6795.0,
    "pct2ResTime" : 9487.75,
    "pct3ResTime" : 22743.35000000003,
    "throughput" : 10.627292391611023,
    "receivedKBytesPerSec" : 1036.9393743240385,
    "sentKBytesPerSec" : 12.744448297752282
  },
  "NDFD_MultiPoint_Glance_SOAP" : {
    "transaction" : "NDFD_MultiPoint_Glance_SOAP",
    "sampleCount" : 1328,
    "errorCount" : 0,
    "errorPct" : 0.0,
    "meanResTime" : 2180.484939759035,
    "medianResTime" : 1041.0,
    "minResTime" : 212.0,
    "maxResTime" : 62117.0,
    "pct1ResTime" : 4700.600000000008,
    "pct2ResTime" : 6973.749999999999,
    "pct3ResTime" : 21982.600000000075,
    "throughput" : 14.69481697871022,
    "receivedKBytesPerSec" : 943.9123843668393,
    "sentKBytesPerSec" : 5.467505145399017
  },
  "NDFD_bbox_glance_REST" : {
    "transaction" : "NDFD_bbox_glance_REST",
    "sampleCount" : 242,
    "errorCount" : 0,
    "errorPct" : 0.0,
    "meanResTime" : 12280.789256198348,
    "medianResTime" : 9674.5,
    "minResTime" : 2137.0,
    "maxResTime" : 75007.0,
    "pct1ResTime" : 23745.100000000002,
    "pct2ResTime" : 29619.1,
    "pct3ResTime" : 60599.92999999982,
    "throughput" : 2.98746990926486,
    "receivedKBytesPerSec" : 1218.9606592571447,
    "sentKBytesPerSec" : 1.0765394497253256
  },
  "Total" : {
    "transaction" : "Total",
    "sampleCount" : 53007,
    "errorCount" : 7356,
    "errorPct" : 13.877413,
    "meanResTime" : 764.2791706755662,
    "medianResTime" : 201.0,
    "minResTime" : 3.0,
    "maxResTime" : 95394.0,
    "pct1ResTime" : 2345.600000000006,
    "pct2ResTime" : 5773.9000000000015,
    "pct3ResTime" : 26094.770000000037,
    "throughput" : 49.28618848640718,
    "receivedKBytesPerSec" : 809.770876220602,
    "sentKBytesPerSec" : 16.4934254195049
  },
  "NDFD_bbox_Summaries_12Hourly_SOAP" : {
    "transaction" : "NDFD_bbox_Summaries_12Hourly_SOAP",
    "sampleCount" : 379,
    "errorCount" : 0,
    "errorPct" : 0.0,
    "meanResTime" : 7995.617414248022,
    "medianResTime" : 3875.0,
    "minResTime" : 564.0,
    "maxResTime" : 74560.0,
    "pct1ResTime" : 17782.0,
    "pct2ResTime" : 27025.0,
    "pct3ResTime" : 72858.99999999999,
    "throughput" : 4.140221321593603,
    "receivedKBytesPerSec" : 899.1638864347669,
    "sentKBytesPerSec" : 1.669835357244295
  },
  "NDFD_MultiZip-glance_REST" : {
    "transaction" : "NDFD_MultiZip-glance_REST",
    "sampleCount" : 2234,
    "errorCount" : 0,
    "errorPct" : 0.0,
    "meanResTime" : 1261.3487018800374,
    "medianResTime" : 491.5,
    "minResTime" : 121.0,
    "maxResTime" : 59295.0,
    "pct1ResTime" : 2927.5,
    "pct2ResTime" : 4090.0,
    "pct3ResTime" : 11425.400000000089,
    "throughput" : 30.50370714256455,