{
  "WIFSOpmetNamCarAllDataVarFiveMinuteTAC" : {
    "transaction" : "WIFSOpmetNamCarAllDataVarFiveMinuteTAC",
    "sampleCount" : 15012,
    "errorCount" : 1,
    "errorPct" : 0.006661338,
    "meanResTime" : 376.2828403943516,
    "medianResTime" : 289.0,
    "minResTime" : 217.0,
    "maxResTime" : 60001.0,
    "pct1ResTime" : 585.7000000000007,
    "pct2ResTime" : 756.0,
    "pct3ResTime" : 1119.0,
    "throughput" : 4.172410726197358,
    "receivedKBytesPerSec" : 1.4872164312123393,
    "sentKBytesPerSec" : 1.246833674039445
  },
  "WIFSGriddedHighResCubeFullTimeFullVertUSA" : {
    "transaction" : "WIFSGriddedHighResCubeFullTimeFullVertUSA",
    "sampleCount" : 1393,
    "errorCount" : 134,
    "errorPct" : 9.619526,
    "meanResTime" : 25678.368987796086,
    "medianResTime" : 25146.0,
    "minResTime" : 1320.0,
    "maxResTime" : 60004.0,
    "pct1ResTime" : 59473.00000000001,
    "pct2ResTime" : 60001.0,
    "pct3ResTime" : 60002.0,
    "throughput" : 0.38471820841176835,
    "receivedKBytesPerSec" : 0.1100443623005707,
    "sentKBytesPerSec" : 0.13562819652016442
  },
  "WIFSOpmetEurNatAllDataVarOneMinuteIWXXM" : {
    "transaction" : "WIFSOpmetEurNatAllDataVarOneMinuteIWXXM",
    "sampleCount" : 15006,
    "errorCount" : 0,
    "errorPct" : 0.0,
    "meanResTime" : 179.03798480607682,
    "medianResTime" : 102.0,
    "minResTime" : 73.0,
    "maxResTime" : 41898.0,
    "pct1ResTime" : 385.3000000000011,
    "pct2ResTime" : 558.6499999999996,
    "pct3ResTime" : 832.9300000000003,
    "throughput" : 4.172580092627608,
    "receivedKBytesPerSec" : 1.49544618554134,
    "sentKBytesPerSec" : 1.2142860035185812
  },
  "WIFSGriddedHighResCubeFullTimeFullVertRoughlyGlobal" : {
    "transaction" : "WIFSGriddedHighResCubeFullTimeFullVertRoughlyGlobal",
    "sampleCount" : 1352,
    "errorCount" : 161,
    "errorPct" : 11.908284,
    "meanResTime" : 28892.909763313604,
    "medianResTime" : 29460.0,
    "minResTime" : 4700.0,
    "maxResTime" : 60005.0,
    "pct1ResTime" : 60001.0,
    "pct2ResTime" : 60002.0,
    "pct3ResTime" : 60003.0,
    "throughput" : 0.3741454429527824,
    "receivedKBytesPerSec" : 0.10701177781558283,
    "sentKBytesPerSec" : 0.131170130878954
  },
  "WIFSGriddedLowResCubeFullTimeFullVertUSA" : {
    "transaction" : "WIFSGriddedLowResCubeFullTimeFullVertUSA",
    "sampleCount" : 1341,
    "errorCount" : 146,
    "errorPct" : 10.887398,
    "meanResTime" : 26710.55853840415,
    "medianResTime" : 28540.0,
    "minResTime" : 989.0,
    "maxResTime" : 60006.0,
    "pct1ResTime" : 60001.0,
    "pct2ResTime" : 60002.0,
    "pct3ResTime" : 60003.0,
    "throughput" : 0.3716987826241213,
    "receivedKBytesPerSec" : 0.10631569822757056,
    "sentKBytesPerSec" : 0.12595652106500985
  },
  "WIFSOpmetNamCarAllDataVarOneMinuteTAC" : {
    "transaction" : "WIFSOpmetNamCarAllDataVarOneMinuteTAC",
    "sampleCount" : 15013,
    "errorCount" : 0,
    "errorPct" : 0.0,
    "meanResTime" : 169.40444947711956,
    "medianResTime" : 99.0,
    "minResTime" : 72.0,
    "maxResTime" : 6245.0,
    "pct1ResTime" : 351.60000000000036,
    "pct2ResTime" : 549.0,
    "pct3ResTime" : 847.1600000000035,
    "throughput" : 4.172602844807413,
    "receivedKBytesPerSec" : 1.487304724955767,
    "sentKBytesPerSec" : 1.2468910844834649
  },
  "WIFSOpmetGlobalAllDataVarOneMinuteTAC" : {
    "transaction" : "WIFSOpmetGlobalAllDataVarOneMinuteTAC",
    "sampleCount" : 15019,
    "errorCount" : 0,
    "errorPct" : 0.0,
    "meanResTime" : 169.12770490711853,
    "medianResTime" : 99.0,
    "minResTime" : 73.0,
    "maxResTime" : 10789.0,
    "pct1ResTime" : 342.0,
    "pct2ResTime" : 543.0,
    "pct3ResTime" : 803.1999999999971,
    "throughput" : 4.17204990459481,
    "receivedKBytesPerSec" : 1.4830333645239366,
    "sentKBytesPerSec" : 1.2426515829115403
  },
  "WIFSOpmetGlobalAllDataVarFiveMinuteTAC" : {
    "transaction" : "WIFSOpmetGlobalAllDataVarFiveMinuteTAC",
    "sampleCount" : 15017,
    "errorCount" : 4,
    "errorPct" : 0.02663648,
    "meanResTime" : 381.7632682959309,
    "medianResTime" : 290.0,
    "minResTime" : 218.0,
    "maxResTime" : 60003.0,
    "pct1ResTime" : 584.0,
    "pct2ResTime" : 755.0,
    "pct3ResTime" : 1079.0,
    "throughput" : 4.1498419871047325,
    "receivedKBytesPerSec" : 1.4750614224006906,
    "sentKBytesPerSec" : 1.2360369199872496
  },
  "WIFSGriddedHighResCubeFullTimeFullVertNorthAmerica" : {
    "transaction" : "WIFSGriddedHighResCubeFullTimeFullVertNorthAmerica",
    "sampleCount" : 1381,
    "errorCount" : 152,
    "errorPct" : 11.006517,
    "meanResTime" : 26119.661839246935,
    "medianResTime" : 26033.0,
    "minResTime" : 2.0,
    "maxResTime" : 60006.0,
    "pct1ResTime" : 60000.0,
    "pct2ResTime" : 60002.0,
    "pct3ResTime" : 60003.0,
    "throughput" : 0.3814572551043041,
    "receivedKBytesPerSec" : 0.10915930599984476,
    "sentKBytesPerSec" : 0.1348510999489825
  },
  "WIFSOpmetGlobalAllDataVarOneMinuteIWXXM" : {
    "transaction" : "WIFSOpmetGlobalAllDataVarOneMinuteIWXXM",
    "sampleCount" : 15019,
    "errorCount" : 0,
    "errorPct" : 0.0,
    "meanResTime" : 179.46820693787774,
    "medianResTime" : 102.0,
    "minResTime" : 72.0,
    "maxResTime" : 41653.0,
    "pct1ResTime" : 385.0,
    "pct2ResTime" : 555.0,
    "pct3ResTime" : 805.5999999999985,
    "throughput" : 4.172528598448228,
    "receivedKBytesPerSec" : 1.4913529951484874,
    "sentKBytesPerSec" : 1.2101962829483628
  },
  "WIFSOpmetEurNatAllDataVarOneMinuteTAC" : {
    "transaction" : "WIFSOpmetEurNatAllDataVarOneMinuteTAC",
    "sampleCount" : 15006,
    "errorCount" : 1,
    "errorPct" : 0.006664001,
    "meanResTime" : 173.50359856057585,
    "medianResTime" : 100.0,
    "minResTime" : 73.0,
    "maxResTime" : 60001.0,
    "pct1ResTime" : 342.0,
    "pct2ResTime" : 550.6499999999996,
    "pct3ResTime" : 837.0,
    "throughput" : 4.172597496163441,
    "receivedKBytesPerSec" : 1.487282995681559,
    "sentKBytesPerSec" : 1.2468894861582156
  },
  "WIFSGriddedLowResItemGlobal" : {
    "transaction" : "WIFSGriddedLowResItemGlobal",
    "sampleCount" : 1393,
    "errorCount" : 0,
    "errorPct" : 0.0,
    "meanResTime" : 281.0696338837041,
    "medianResTime" : 161.0,
    "minResTime" : 58.0,
    "maxResTime" : 6440.0,
    "pct1ResTime" : 624.6000000000001,
    "pct2ResTime" : 768.5999999999999,
    "pct3ResTime" : 1421.8599999999956,
    "throughput" : 0.3876598923123676,
    "receivedKBytesPerSec" : 6.223436652950612,
    "sentKBytesPerSec" : 0.085557749670503
  },
  "WIFSOpmetNamCarAllDataVarFiveMinuteIWXXM" : {
    "transaction" : "WIFSOpmetNamCarAllDataVarFiveMinuteIWXXM",
    "sampleCount" : 15008,
    "errorCount" : 3,
    "errorPct" : 0.01998934,
    "meanResTime" : 379.1987606609783,
    "medianResTime" : 286.0,
    "minResTime" : 213.0,
    "maxResTime" : 60002.0,
    "pct1ResTime" : 555.1000000000004,
    "pct2ResTime" : 744.0,
    "pct3ResTime" : 1071.4599999999991,
    "throughput" : 4.171772046903527,
    "receivedKBytesPerSec" : 1.4950955058489033,
    "sentKBytesPerSec" : 1.2140508495871591
  },
  "WIFSOpmetEurNatAllDataVarFiveMinuteTAC" : {
    "transaction" : "WIFSOpmetEurNatAllDataVarFiveMinuteTAC",
    "sampleCount" : 15006,
    "errorCount" : 3,
    "errorPct" : 0.019992003,
    "meanResTime" : 379.2241103558594,
    "medianResTime" : 290.0,
    "minResTime" : 212.0,
    "maxResTime" : 60002.0,
    "pct1ResTime" : 594.0,
    "pct2ResTime" : 755.0,
    "pct3ResTime" : 1106.7900000000009,
    "throughput" : 4.172112571971445,
    "receivedKBytesPerSec" : 1.4870705080873257,
    "sentKBytesPerSec" : 1.2467445771711543
  },
  "WIFSGriddedLowResCubeFullTimeFullVertRoughlyGlobal" : {
    "transaction" : "WIFSGriddedLowResCubeFullTimeFullVertRoughlyGlobal",
    "sampleCount" : 1320,
    "errorCount" : 137,
    "errorPct" : 10.378788,
    "meanResTime" : 26493.847727272743,
    "medianResTime" : 27497.5,
    "minResTime" : 1129.0,
    "maxResTime" : 60007.0,
    "pct1ResTime" : 60000.0,
    "pct2ResTime" : 60002.0,