{
  "Tile-453-MRMS_Tiles_CONUS-ReflectivityAtLowestAltitude" : {
    "transaction" : "Tile-453-MRMS_Tiles_CONUS-ReflectivityAtLowestAltitude",
    "sampleCount" : 38,
    "errorCount" : 0,
    "errorPct" : 0.0,
    "meanResTime" : 16233.13157894737,
    "medianResTime" : 20114.0,
    "minResTime" : 9428.0,
    "maxResTime" : 22082.0,
    "pct1ResTime" : 21919.8,
    "pct2ResTime" : 22034.5,
    "pct3ResTime" : 22082.0,
    "throughput" : 1.1175155864015998,
    "receivedKBytesPerSec" : 377.93198502382074,
    "sentKBytesPerSec" : 0.3012053728973062
  },
  "Total" : {
    "transaction" : "Total",
    "sampleCount" : 438,
    "errorCount" : 0,
    "errorPct" : 0.0,
    "meanResTime" : 14641.632420091322,
    "medianResTime" : 14778.5,
    "minResTime" : 3725.0,
    "maxResTime" : 25515.0,
    "pct1ResTime" : 21488.7,
    "pct2ResTime" : 23473.1,
    "pct3ResTime" : 24451.97,
    "throughput" : 5.510404347935485,
    "receivedKBytesPerSec" : 1756.3246446308153,
    "sentKBytesPerSec" : 1.4852261719044861
  },
  "Tile-321-MRMS_Tiles_CONUS-ReflectivityAtLowestAltitude" : {
    "transaction" : "Tile-321-MRMS_Tiles_CONUS-ReflectivityAtLowestAltitude",
    "sampleCount" : 100,
    "errorCount" : 0,
    "errorPct" : 0.0,
    "meanResTime" : 9158.11,
    "medianResTime" : 7989.0,
    "minResTime" : 3725.0,
    "maxResTime" : 17875.0,
    "pct1ResTime" : 15074.4,
    "pct2ResTime" : 15650.299999999997,
    "pct3ResTime" : 17861.759999999995,
    "throughput" : 3.6364958725771848,
    "receivedKBytesPerSec" : 1496.8584084875815,
    "sentKBytesPerSec" : 0.9801492781555693
  },
  "Tile-322-MRMS_Tiles_CONUS-ReflectivityAtLowestAltitude" : {
    "transaction" : "Tile-322-MRMS_Tiles_CONUS-ReflectivityAtLowestAltitude",
    "sampleCount" : 100,
    "errorCount" : 0,
    "errorPct" : 0.0,
    "meanResTime" : 13843.32,
    "medianResTime" : 14395.0,
    "minResTime" : 5911.0,
    "maxResTime" : 18312.0,
    "pct1ResTime" : 16832.0,
    "pct2ResTime" : 17300.05,
    "pct3ResTime" : 18309.48,
    "throughput" : 2.543040968390001,
    "receivedKBytesPerSec" : 793.811231658317,
    "sentKBytesPerSec" : 0.6854290110113674
  },
  "Tile-332-MRMS_Tiles_CONUS-ReflectivityAtLowestAltitude" : {
    "transaction" : "Tile-332-MRMS_Tiles_CONUS-ReflectivityAtLowestAltitude",
    "sampleCount" : 94,
    "errorCount" : 0,
    "errorPct" : 0.0,
    "meanResTime" : 18485.904255319147,
    "medianResTime" : 18981.0,
    "minResTime" : 11255.0,
    "maxResTime" : 25515.0,
    "pct1ResTime" : 24214.5,
    "pct2ResTime" : 24388.25,
    "pct3ResTime" : 25515.0,
    "throughput" : 1.8267324808581755,
    "receivedKBytesPerSec" : 222.26196606941585,
    "sentKBytesPerSec" : 0.49236148898130516
  },
  "Tile-331-MRMS_Tiles_CONUS-ReflectivityAtLowestAltitude" : {
    "transaction" : "Tile-331-MRMS_Tiles_CONUS-ReflectivityAtLowestAltitude",
    "sampleCount" : 100,
    "errorCount" : 0,
    "errorPct" : 0.0,
    "meanResTime" : 16917.859999999997,
    "medianResTime" : 16518.0,
    "minResTime" : 12844.0,
    "maxResTime" : 23521.0,
    "pct1ResTime" : 20337.2,
    "pct2ResTime" : 21565.7,
    "pct3ResTime" : 23516.53,
    "throughput" : 1.7847581652686062,
    "receivedKBytesPerSec" : 734.6441080671069,
    "sentKBytesPerSec" : 0.481048099232554
  },
  "Tile-454-MRMS_Tiles_CONUS-ReflectivityAtLowestAltitude" : {
    "transaction" : "Tile-454-MRMS_Tiles_CONUS-ReflectivityAtLowestAltitude",
    "sampleCount" : 6,
    "errorCount" : 0,
    "errorPct" : 0.0,
    "meanResTime" : 11095.333333333334,
    "medianResTime" : 9440.0,
    "minResTime" : 8949.0,
    "maxResTime" : 19792.0,
    "pct1ResTime" : 19792.0,
    "pct2ResTime" : 19792.0,
    "pct3ResTime" : 19792.0,
    "throughput" : 0.27917364600781686,
    "receivedKBytesPerSec" : 82.61713297389726,
    "sentKBytesPerSec" : 0.07524602177554439
  }
}