{
  "WIFSOpmetNamCarAllDataVarFiveMinuteTAC" : {
    "transaction" : "WIFSOpmetNamCarAllDataVarFiveMinuteTAC",
    "sampleCount" : 15755,
    "errorCount" : 2,
    "errorPct" : 0.012694383,
    "meanResTime" : 373.28276737543786,
    "medianResTime" : 309.0,
    "minResTime" : 155.0,
    "maxResTime" : 30920.0,
    "pct1ResTime" : 557.3999999999996,
    "pct2ResTime" : 980.0,
    "pct3ResTime" : 1327.4400000000005,
    "throughput" : 4.378802095377008,
    "receivedKBytesPerSec" : 1.5607557118805198,
    "sentKBytesPerSec" : 1.3085092199075823
  },
  "WIFSGriddedHighResCubeFullTimeFullVertUSA" : {
    "transaction" : "WIFSGriddedHighResCubeFullTimeFullVertUSA",
    "sampleCount" : 3831,
    "errorCount" : 177,
    "errorPct" : 4.6202035,
    "meanResTime" : 8349.815974941255,
    "medianResTime" : 3555.0,
    "minResTime" : 948.0,
    "maxResTime" : 60016.0,
    "pct1ResTime" : 20606.80000000001,
    "pct2ResTime" : 37688.39999999932,
    "pct3ResTime" : 60009.68,
    "throughput" : 1.0512725172227855,
    "receivedKBytesPerSec" : 0.3011187071316944,
    "sentKBytesPerSec" : 0.3706146276537359
  },
  "WIFSOpmetEurNatAllDataVarOneMinuteIWXXM" : {
    "transaction" : "WIFSOpmetEurNatAllDataVarOneMinuteIWXXM",
    "sampleCount" : 15752,
    "errorCount" : 1,
    "errorPct" : 0.0063484004,
    "meanResTime" : 148.22174961909616,
    "medianResTime" : 104.0,
    "minResTime" : 54.0,
    "maxResTime" : 30140.0,
    "pct1ResTime" : 196.0,
    "pct2ResTime" : 509.0,
    "pct3ResTime" : 832.0,
    "throughput" : 4.379105063493131,
    "receivedKBytesPerSec" : 1.5694399785367696,
    "sentKBytesPerSec" : 1.2743879969931184
  },
  "WIFSGriddedHighResCubeFullTimeFullVertRoughlyGlobal" : {
    "transaction" : "WIFSGriddedHighResCubeFullTimeFullVertRoughlyGlobal",
    "sampleCount" : 3801,
    "errorCount" : 675,
    "errorPct" : 17.758484,
    "meanResTime" : 15652.70402525651,
    "medianResTime" : 11039.0,
    "minResTime" : 1.0,
    "maxResTime" : 60018.0,
    "pct1ResTime" : 31021.4,
    "pct2ResTime" : 38864.89999999995,
    "pct3ResTime" : 60008.0,
    "throughput" : 1.0428901969144608,
    "receivedKBytesPerSec" : 0.3045112349057352,
    "sentKBytesPerSec" : 0.3656226373948158
  },
  "WIFSGriddedLowResCubeFullTimeFullVertUSA" : {
    "transaction" : "WIFSGriddedLowResCubeFullTimeFullVertUSA",
    "sampleCount" : 3792,
    "errorCount" : 326,
    "errorPct" : 8.597047,
    "meanResTime" : 8505.999736286914,
    "medianResTime" : 3379.0,
    "minResTime" : 2.0,
    "maxResTime" : 60018.0,
    "pct1ResTime" : 28906.40000000001,
    "pct2ResTime" : 32189.949999999997,
    "pct3ResTime" : 60009.0,
    "throughput" : 1.041638052752155,
    "receivedKBytesPerSec" : 0.3048717807629339,
    "sentKBytesPerSec" : 0.3529769573290994
  },
  "WIFSOpmetNamCarAllDataVarOneMinuteTAC" : {
    "transaction" : "WIFSOpmetNamCarAllDataVarOneMinuteTAC",
    "sampleCount" : 15755,
    "errorCount" : 1,
    "errorPct" : 0.0063471915,
    "meanResTime" : 145.43110123770188,
    "medianResTime" : 104.0,
    "minResTime" : 54.0,
    "maxResTime" : 30791.0,
    "pct1ResTime" : 194.39999999999964,
    "pct2ResTime" : 510.1999999999989,
    "pct3ResTime" : 839.880000000001,
    "throughput" : 4.378869031654317,
    "receivedKBytesPerSec" : 1.5608034553285877,
    "sentKBytesPerSec" : 1.3085292223498255
  },
  "WIFSOpmetGlobalAllDataVarOneMinuteTAC" : {
    "transaction" : "WIFSOpmetGlobalAllDataVarOneMinuteTAC",
    "sampleCount" : 15761,
    "errorCount" : 0,
    "errorPct" : 0.0,
    "meanResTime" : 144.3601294334128,
    "medianResTime" : 103.0,
    "minResTime" : 53.0,
    "maxResTime" : 6047.0,
    "pct1ResTime" : 193.0,
    "pct2ResTime" : 517.0,
    "pct3ResTime" : 837.3799999999992,
    "throughput" : 4.378150415481224,
    "receivedKBytesPerSec" : 1.5562956555030913,
    "sentKBytesPerSec" : 1.304038942111107
  },
  "WIFSOpmetGlobalAllDataVarFiveMinuteTAC" : {
    "transaction" : "WIFSOpmetGlobalAllDataVarFiveMinuteTAC",
    "sampleCount" : 15758,
    "errorCount" : 5,
    "errorPct" : 0.031729914,
    "meanResTime" : 377.92955958878133,
    "medianResTime" : 306.0,
    "minResTime" : 154.0,
    "maxResTime" : 31243.0,
    "pct1ResTime" : 555.1000000000004,
    "pct2ResTime" : 985.0,
    "pct3ResTime" : 1322.4099999999999,
    "throughput" : 4.377720795979542,
    "receivedKBytesPerSec" : 1.5560249244532016,
    "sentKBytesPerSec" : 1.3039109792712502
  },
  "WIFSGriddedHighResCubeFullTimeFullVertNorthAmerica" : {
    "transaction" : "WIFSGriddedHighResCubeFullTimeFullVertNorthAmerica",
    "sampleCount" : 3820,
    "errorCount" : 174,
    "errorPct" : 4.5549736,
    "meanResTime" : 9271.348691099487,
    "medianResTime" : 4842.5,
    "minResTime" : 1.0,
    "maxResTime" : 60022.0,
    "pct1ResTime" : 19625.6,
    "pct2ResTime" : 36857.95,
    "pct3ResTime" : 60008.79,
    "throughput" : 1.0463781073594896,
    "receivedKBytesPerSec" : 0.2996767642667629,
    "sentKBytesPerSec" : 0.36991101060950704
  },
  "WIFSOpmetGlobalAllDataVarOneMinuteIWXXM" : {
    "transaction" : "WIFSOpmetGlobalAllDataVarOneMinuteIWXXM",
    "sampleCount" : 15759,
    "errorCount" : 0,
    "errorPct" : 0.0,
    "meanResTime" : 147.54584681769228,
    "medianResTime" : 104.0,
    "minResTime" : 54.0,
    "maxResTime" : 17449.0,
    "pct1ResTime" : 200.0,
    "pct2ResTime" : 511.0,
    "pct3ResTime" : 834.3999999999996,
    "throughput" : 4.377993740405168,
    "receivedKBytesPerSec" : 1.5647907314338783,
    "sentKBytesPerSec" : 1.2697892000979834
  },
  "WIFSOpmetEurNatAllDataVarOneMinuteTAC" : {
    "transaction" : "WIFSOpmetEurNatAllDataVarOneMinuteTAC",
    "sampleCount" : 15752,
    "errorCount" : 2,
    "errorPct" : 0.012696801,
    "meanResTime" : 148.9667978669373,
    "medianResTime" : 104.0,
    "minResTime" : 54.0,
    "maxResTime" : 30517.0,
    "pct1ResTime" : 194.0,
    "pct2ResTime" : 521.3499999999985,
    "pct3ResTime" : 833.3499999999967,
    "throughput" : 4.379069759037183,
    "receivedKBytesPerSec" : 1.5608511073191793,
    "sentKBytesPerSec" : 1.3085892053372832
  },
  "WIFSGriddedLowResItemGlobal" : {
    "transaction" : "WIFSGriddedLowResItemGlobal",
    "sampleCount" : 3831,
    "errorCount" : 0,
    "errorPct" : 0.0,
    "meanResTime" : 293.05481597494094,
    "medianResTime" : 140.0,
    "minResTime" : 54.0,
    "maxResTime" : 6072.0,
    "pct1ResTime" : 967.0,
    "pct2ResTime" : 1219.3999999999996,
    "pct3ResTime" : 1556.4399999999987,
    "throughput" : 1.0646901393184982,
    "receivedKBytesPerSec" : 17.224123909533297,
    "sentKBytesPerSec" : 0.23498044090427794
  },
  "WIFSOpmetNamCarAllDataVarFiveMinuteIWXXM" : {
    "transaction" : "WIFSOpmetNamCarAllDataVarFiveMinuteIWXXM",
    "sampleCount" : 15754,
    "errorCount" : 2,
    "errorPct" : 0.012695189,
    "meanResTime" : 376.72362574584355,
    "medianResTime" : 306.0,
    "minResTime" : 156.0,
    "maxResTime" : 30947.0,
    "pct1ResTime" : 551.5,
    "pct2ResTime" : 1001.0,
    "pct3ResTime" : 1344.9000000000015,
    "throughput" : 4.378905095834759,
    "receivedKBytesPerSec" : 1.5693438850080177,
    "sentKBytesPerSec" : 1.2743298032800372
  },
  "WIFSOpmetEurNatAllDataVarFiveMinuteTAC" : {
    "transaction" : "WIFSOpmetEurNatAllDataVarFiveMinuteTAC",
    "sampleCount" : 15752,
    "errorCount" : 5,
    "errorPct" : 0.031742003,
    "meanResTime" : 380.4809547993887,
    "medianResTime" : 307.0,
    "minResTime" : 154.0,
    "maxResTime" : 30925.0,
    "pct1ResTime" : 550.0,
    "pct2ResTime" : 992.0,
    "pct3ResTime" : 1349.0,
    "throughput" : 4.379008890622354,
    "receivedKBytesPerSec" : 1.5607577406182265,
    "sentKBytesPerSec" : 1.3085710161430084
  },
  "WIFSGriddedLowResCubeFullTimeFullVertRoughlyGlobal" : {
    "transaction" : "WIFSGriddedLowResCubeFullTimeFullVertRoughlyGlobal",
    "sampleCount" : 3754,
    "errorCount" : 236,
    "errorPct" : 6.286628,
    "meanResTime" : 8048.159030367602,
    "medianResTime" : 3417.5,
    "minResTime" : 1.0,
    "maxResTime" : 60031.0,