{
  "WIFSOpmetNamCarAllDataVarFiveMinuteTAC" : {
    "transaction" : "WIFSOpmetNamCarAllDataVarFiveMinuteTAC",
    "sampleCount" : 14460,
    "errorCount" : 0,
    "errorPct" : 0.0,
    "meanResTime" : 416.82572614107966,
    "medianResTime" : 369.0,
    "minResTime" : 185.0,
    "maxResTime" : 4755.0,
    "pct1ResTime" : 573.0,
    "pct2ResTime" : 656.0,
    "pct3ResTime" : 820.0,
    "throughput" : 4.018850241964801,
    "receivedKBytesPerSec" : 1.432500330387844,
    "sentKBytesPerSec" : 1.2009454824621377
  },
  "WIFSGriddedHighResCubeFullTimeFullVertUSA" : {
    "transaction" : "WIFSGriddedHighResCubeFullTimeFullVertUSA",
    "sampleCount" : 2852,
    "errorCount" : 335,
    "errorPct" : 11.746143,
    "meanResTime" : 11672.021037868184,
    "medianResTime" : 2954.5,
    "minResTime" : 770.0,
    "maxResTime" : 60039.0,
    "pct1ResTime" : 59998.0,
    "pct2ResTime" : 60005.0,
    "pct3ResTime" : 60011.0,
    "throughput" : 0.779801074167777,
    "receivedKBytesPerSec" : 0.22302520914773377,
    "sentKBytesPerSec" : 0.27491033962360106
  },
  "WIFSOpmetEurNatAllDataVarOneMinuteIWXXM" : {
    "transaction" : "WIFSOpmetEurNatAllDataVarOneMinuteIWXXM",
    "sampleCount" : 14457,
    "errorCount" : 0,
    "errorPct" : 0.0,
    "meanResTime" : 155.33361001590902,
    "medianResTime" : 124.0,
    "minResTime" : 62.0,
    "maxResTime" : 2663.0,
    "pct1ResTime" : 255.0,
    "pct2ResTime" : 350.0,
    "pct3ResTime" : 483.0,
    "throughput" : 4.019317858621322,
    "receivedKBytesPerSec" : 1.4405172403457276,
    "sentKBytesPerSec" : 1.1696842987003455
  },
  "WIFSGriddedHighResCubeFullTimeFullVertRoughlyGlobal" : {
    "transaction" : "WIFSGriddedHighResCubeFullTimeFullVertRoughlyGlobal",
    "sampleCount" : 2812,
    "errorCount" : 525,
    "errorPct" : 18.669987,
    "meanResTime" : 19051.117354196263,
    "medianResTime" : 10671.0,
    "minResTime" : 1139.0,
    "maxResTime" : 60080.0,
    "pct1ResTime" : 60001.0,
    "pct2ResTime" : 60007.0,
    "pct3ResTime" : 60012.0,
    "throughput" : 0.7705669723267259,
    "receivedKBytesPerSec" : 0.2205198189441643,
    "sentKBytesPerSec" : 0.27014994439970175
  },
  "WIFSGriddedLowResCubeFullTimeFullVertUSA" : {
    "transaction" : "WIFSGriddedLowResCubeFullTimeFullVertUSA",
    "sampleCount" : 2793,
    "errorCount" : 356,
    "errorPct" : 12.746151,
    "meanResTime" : 10943.470819906908,
    "medianResTime" : 1519.0,
    "minResTime" : 653.0,
    "maxResTime" : 60021.0,
    "pct1ResTime" : 59999.0,
    "pct2ResTime" : 60006.0,
    "pct3ResTime" : 60012.0,
    "throughput" : 0.7684155617769796,
    "receivedKBytesPerSec" : 0.21985708421441133,
    "sentKBytesPerSec" : 0.26039082025059757
  },
  "WIFSOpmetNamCarAllDataVarOneMinuteTAC" : {
    "transaction" : "WIFSOpmetNamCarAllDataVarOneMinuteTAC",
    "sampleCount" : 14463,
    "errorCount" : 0,
    "errorPct" : 0.0,
    "meanResTime" : 155.14229412984818,
    "medianResTime" : 123.0,
    "minResTime" : 62.0,
    "maxResTime" : 3000.0,
    "pct1ResTime" : 251.0,
    "pct2ResTime" : 361.0,
    "pct3ResTime" : 489.0,
    "throughput" : 4.019666153427125,
    "receivedKBytesPerSec" : 1.4327911582040045,
    "sentKBytesPerSec" : 1.20118929975459
  },
  "WIFSOpmetGlobalAllDataVarOneMinuteTAC" : {
    "transaction" : "WIFSOpmetGlobalAllDataVarOneMinuteTAC",
    "sampleCount" : 14467,
    "errorCount" : 0,
    "errorPct" : 0.0,
    "meanResTime" : 155.60496301928552,
    "medianResTime" : 123.0,
    "minResTime" : 63.0,
    "maxResTime" : 2124.0,
    "pct1ResTime" : 253.0,
    "pct2ResTime" : 356.0,
    "pct3ResTime" : 489.0,
    "throughput" : 4.018785258472311,
    "receivedKBytesPerSec" : 1.4285525723475796,
    "sentKBytesPerSec" : 1.1970014685879444
  },
  "WIFSOpmetGlobalAllDataVarFiveMinuteTAC" : {
    "transaction" : "WIFSOpmetGlobalAllDataVarFiveMinuteTAC",
    "sampleCount" : 14466,
    "errorCount" : 0,
    "errorPct" : 0.0,
    "meanResTime" : 417.1959076455108,
    "medianResTime" : 370.0,
    "minResTime" : 192.0,
    "maxResTime" : 4827.0,
    "pct1ResTime" : 576.0,
    "pct2ResTime" : 661.0,
    "pct3ResTime" : 816.3299999999999,
    "throughput" : 4.018832338348678,
    "receivedKBytesPerSec" : 1.4285693077723818,
    "sentKBytesPerSec" : 1.1970154914026825
  },
  "WIFSGriddedHighResCubeFullTimeFullVertNorthAmerica" : {
    "transaction" : "WIFSGriddedHighResCubeFullTimeFullVertNorthAmerica",
    "sampleCount" : 2846,
    "errorCount" : 357,
    "errorPct" : 12.543921,
    "meanResTime" : 12470.735066760375,
    "medianResTime" : 3791.5,
    "minResTime" : 1097.0,
    "maxResTime" : 60040.0,
    "pct1ResTime" : 59998.0,
    "pct2ResTime" : 60006.0,
    "pct3ResTime" : 60011.0,
    "throughput" : 0.7801712593789826,
    "receivedKBytesPerSec" : 0.22320448774259394,
    "sentKBytesPerSec" : 0.27580273036639813
  },
  "WIFSOpmetGlobalAllDataVarOneMinuteIWXXM" : {
    "transaction" : "WIFSOpmetGlobalAllDataVarOneMinuteIWXXM",
    "sampleCount" : 14467,
    "errorCount" : 0,
    "errorPct" : 0.0,
    "meanResTime" : 154.60765880970476,
    "medianResTime" : 124.0,
    "minResTime" : 58.0,
    "maxResTime" : 1373.0,
    "pct1ResTime" : 254.0,
    "pct2ResTime" : 347.59999999999854,
    "pct3ResTime" : 477.0,
    "throughput" : 4.0190174784339305,
    "receivedKBytesPerSec" : 1.4364847627996276,
    "sentKBytesPerSec" : 1.1656720616160912
  },
  "WIFSOpmetEurNatAllDataVarOneMinuteTAC" : {
    "transaction" : "WIFSOpmetEurNatAllDataVarOneMinuteTAC",
    "sampleCount" : 14457,
    "errorCount" : 0,
    "errorPct" : 0.0,
    "meanResTime" : 154.93414954693262,
    "medianResTime" : 123.0,
    "minResTime" : 61.0,
    "maxResTime" : 1594.0,
    "pct1ResTime" : 256.0,
    "pct2ResTime" : 360.0,
    "pct3ResTime" : 483.0,
    "throughput" : 4.01932344585882,
    "receivedKBytesPerSec" : 1.4326690016977244,
    "sentKBytesPerSec" : 1.2010868890945305
  },
  "WIFSGriddedLowResItemGlobal" : {
    "transaction" : "WIFSGriddedLowResItemGlobal",
    "sampleCount" : 2852,
    "errorCount" : 0,
    "errorPct" : 0.0,
    "meanResTime" : 185.90778401122023,
    "medianResTime" : 124.0,
    "minResTime" : 51.0,
    "maxResTime" : 1727.0,
    "pct1ResTime" : 462.7000000000003,
    "pct2ResTime" : 523.0,
    "pct3ResTime" : 647.2899999999986,
    "throughput" : 0.792660827880316,
    "receivedKBytesPerSec" : 12.696823752893268,
    "sentKBytesPerSec" : 0.17494272177827289
  },
  "WIFSOpmetNamCarAllDataVarFiveMinuteIWXXM" : {
    "transaction" : "WIFSOpmetNamCarAllDataVarFiveMinuteIWXXM",
    "sampleCount" : 14457,
    "errorCount" : 0,
    "errorPct" : 0.0,
    "meanResTime" : 415.99979248806505,
    "medianResTime" : 367.0,
    "minResTime" : 186.0,
    "maxResTime" : 4040.0,
    "pct1ResTime" : 580.0,
    "pct2ResTime" : 667.0,
    "pct3ResTime" : 827.8400000000001,
    "throughput" : 4.019050806784764,
    "receivedKBytesPerSec" : 1.4404215293847742,
    "sentKBytesPerSec" : 1.1696065824432227
  },
  "WIFSOpmetEurNatAllDataVarFiveMinuteTAC" : {
    "transaction" : "WIFSOpmetEurNatAllDataVarFiveMinuteTAC",
    "sampleCount" : 14456,
    "errorCount" : 0,
    "errorPct" : 0.0,
    "meanResTime" : 417.8524488101845,
    "medianResTime" : 370.0,
    "minResTime" : 185.0,
    "maxResTime" : 4612.0,
    "pct1ResTime" : 577.0,
    "pct2ResTime" : 666.0,
    "pct3ResTime" : 816.0,
    "throughput" : 4.018989558856401,
    "receivedKBytesPerSec" : 1.432549989240807,
    "sentKBytesPerSec" : 1.2009871142676354
  },
  "WIFSGriddedLowResCubeFullTimeFullVertRoughlyGlobal" : {
    "transaction" : "WIFSGriddedLowResCubeFullTimeFullVertRoughlyGlobal",
    "sampleCount" : 2777,
    "errorCount" : 385,
    "errorPct" : 13.863882,
    "meanResTime" : 12296.326251350374,
    "medianResTime" : 2037.0,
    "minResTime" : 917.0,
    "maxResTime" : 60024.0,
    "pct1ResTime" : 60001.0,
    "pct2ResTime" : 60006.1,
    "pct3ResTime" : 60011.0,
    "throughput" : 0.7651773492074339,
    "receivedKBytesPerSec" : 0.21892324209665756,
    "sentKBytesPerSec" : 0.2577990092544577
  },