{
  "WIFSOpmetNamCarAllDataVarFiveMinuteTAC" : {
    "transaction" : "WIFSOpmetNamCarAllDataVarFiveMinuteTAC",
    "sampleCount" : 600,
    "errorCount" : 0,
    "errorPct" : 0.0,
    "meanResTime" : 7074.058333333336,
    "medianResTime" : 6029.0,
    "minResTime" : 215.0,
    "maxResTime" : 70467.0,
    "pct1ResTime" : 13681.399999999998,
    "pct2ResTime" : 14965.599999999993,
    "pct3ResTime" : 19980.200000000023,
    "throughput" : 0.1669426321121387,
    "receivedKBytesPerSec" : 2.8424265535890023,
    "sentKBytesPerSec" : 0.04972412382246319
  },
  "WIFSOpmetEurNatAllDataVarOneMinuteIWXXM" : {
    "transaction" : "WIFSOpmetEurNatAllDataVarOneMinuteIWXXM",
    "sampleCount" : 596,
    "errorCount" : 0,
    "errorPct" : 0.0,
    "meanResTime" : 6825.104026845634,
    "medianResTime" : 6118.0,
    "minResTime" : 71.0,
    "maxResTime" : 71833.0,
    "pct1ResTime" : 13159.6,
    "pct2ResTime" : 14121.199999999999,
    "pct3ResTime" : 18038.77999999996,
    "throughput" : 0.16665767199924614,
    "receivedKBytesPerSec" : 0.05972984924191731,
    "sentKBytesPerSec" : 0.04833723494509384
  },
  "WIFSOpmetNamCarAllDataVarOneMinuteTAC" : {
    "transaction" : "WIFSOpmetNamCarAllDataVarOneMinuteTAC",
    "sampleCount" : 602,
    "errorCount" : 0,
    "errorPct" : 0.0,
    "meanResTime" : 6615.48172757475,
    "medianResTime" : 5984.0,
    "minResTime" : 68.0,
    "maxResTime" : 70256.0,
    "pct1ResTime" : 12956.0,
    "pct2ResTime" : 13982.15,
    "pct3ResTime" : 17940.07,
    "throughput" : 0.1674166115100311,
    "receivedKBytesPerSec" : 0.6850347677998342,
    "sentKBytesPerSec" : 0.049865299326718245
  },
  "WIFSOpmetGlobalAllDataVarOneMinuteTAC" : {
    "transaction" : "WIFSOpmetGlobalAllDataVarOneMinuteTAC",
    "sampleCount" : 608,
    "errorCount" : 0,
    "errorPct" : 0.0,
    "meanResTime" : 6713.412828947363,
    "medianResTime" : 6425.5,
    "minResTime" : 71.0,
    "maxResTime" : 20063.0,
    "pct1ResTime" : 12622.6,
    "pct2ResTime" : 14158.4,
    "pct3ResTime" : 17403.75,
    "throughput" : 0.16887017244477626,
    "receivedKBytesPerSec" : 1.8697754054481184,
    "sentKBytesPerSec" : 0.050133332444542954
  },
  "WIFSOpmetGlobalAllDataVarFiveMinuteTAC" : {
    "transaction" : "WIFSOpmetGlobalAllDataVarFiveMinuteTAC",
    "sampleCount" : 606,
    "errorCount" : 0,
    "errorPct" : 0.0,
    "meanResTime" : 7720.4488448844895,
    "medianResTime" : 7105.5,
    "minResTime" : 236.0,
    "maxResTime" : 88860.0,
    "pct1ResTime" : 13709.2,
    "pct2ResTime" : 14906.249999999998,
    "pct3ResTime" : 21272.609999999884,
    "throughput" : 0.16807771514155556,
    "receivedKBytesPerSec" : 8.422761672352465,
    "sentKBytesPerSec" : 0.04989807168264931
  },
  "WIFSOpmetGlobalAllDataVarOneMinuteIWXXM" : {
    "transaction" : "WIFSOpmetGlobalAllDataVarOneMinuteIWXXM",
    "sampleCount" : 607,
    "errorCount" : 1,
    "errorPct" : 0.16474465,
    "meanResTime" : 7226.441515650742,
    "medianResTime" : 6393.0,
    "minResTime" : 74.0,
    "maxResTime" : 90004.0,
    "pct1ResTime" : 13083.000000000002,
    "pct2ResTime" : 14633.800000000003,
    "pct3ResTime" : 20490.999999999996,
    "throughput" : 0.16857945563555288,
    "receivedKBytesPerSec" : 3.00633597604311,
    "sentKBytesPerSec" : 0.048729998894652
  },
  "WIFSOpmetEurNatAllDataVarOneMinuteTAC" : {
    "transaction" : "WIFSOpmetEurNatAllDataVarOneMinuteTAC",
    "sampleCount" : 598,
    "errorCount" : 2,
    "errorPct" : 0.33444816,
    "meanResTime" : 6718.5418060200645,
    "medianResTime" : 5657.0,
    "minResTime" : 69.0,
    "maxResTime" : 90013.0,
    "pct1ResTime" : 12894.5,
    "pct2ResTime" : 14039.25,
    "pct3ResTime" : 19427.629999999997,
    "throughput" : 0.166901622099561,
    "receivedKBytesPerSec" : 1.220931460718531,
    "sentKBytesPerSec" : 0.049711908926138776
  },
  "WIFSGriddedLowResItemGlobal" : {
    "transaction" : "WIFSGriddedLowResItemGlobal",
    "sampleCount" : 28835,
    "errorCount" : 35,
    "errorPct" : 0.12138027,
    "meanResTime" : 7275.433431593535,
    "medianResTime" : 6912.0,
    "minResTime" : 93.0,
    "maxResTime" : 90014.0,
    "pct1ResTime" : 13063.900000000001,
    "pct2ResTime" : 14024.850000000002,
    "pct3ResTime" : 17200.99,
    "throughput" : 7.985077168771604,
    "receivedKBytesPerSec" : 127.48438760649077,
    "sentKBytesPerSec" : 1.9884713652702728
  },
  "WIFSOpmetNamCarAllDataVarFiveMinuteIWXXM" : {
    "transaction" : "WIFSOpmetNamCarAllDataVarFiveMinuteIWXXM",
    "sampleCount" : 599,
    "errorCount" : 2,
    "errorPct" : 0.3338898,
    "meanResTime" : 7236.1969949916565,
    "medianResTime" : 6384.0,
    "minResTime" : 251.0,
    "maxResTime" : 90001.0,
    "pct1ResTime" : 13407.0,
    "pct2ResTime" : 15179.0,
    "pct3ResTime" : 19239.0,
    "throughput" : 0.1668261123249405,
    "receivedKBytesPerSec" : 9.807112856019874,
    "sentKBytesPerSec" : 0.04838608921924544
  },
  "WIFSOpmetEurNatAllDataVarFiveMinuteTAC" : {
    "transaction" : "WIFSOpmetEurNatAllDataVarFiveMinuteTAC",
    "sampleCount" : 595,
    "errorCount" : 0,
    "errorPct" : 0.0,
    "meanResTime" : 7280.845378151265,
    "medianResTime" : 6551.0,
    "minResTime" : 229.0,
    "maxResTime" : 89964.0,
    "pct1ResTime" : 13443.6,
    "pct2ResTime" : 15067.799999999992,
    "pct3ResTime" : 20267.87999999994,
    "throughput" : 0.16672467003926858,
    "receivedKBytesPerSec" : 4.624981422983851,
    "sentKBytesPerSec" : 0.04965920347849308
  },
  "WIFSOpmetGlobalAllDataVarFiveMinuteIWXXM" : {
    "transaction" : "WIFSOpmetGlobalAllDataVarFiveMinuteIWXXM",
    "sampleCount" : 602,
    "errorCount" : 0,
    "errorPct" : 0.0,
    "meanResTime" : 6775.538205980064,
    "medianResTime" : 6119.0,
    "minResTime" : 253.0,
    "maxResTime" : 80375.0,
    "pct1ResTime" : 13128.9,
    "pct2ResTime" : 14145.6,
    "pct3ResTime" : 19163.840000000033,
    "throughput" : 0.16752199352285396,
    "receivedKBytesPerSec" : 9.88068929960919,
    "sentKBytesPerSec" : 0.04842432625269997
  },
  "Total" : {
    "transaction" : "Total",
    "sampleCount" : 93866,
    "errorCount" : 86,
    "errorPct" : 0.09161997,
    "meanResTime" : 7133.764099887134,
    "medianResTime" : 6287.5,
    "minResTime" : 53.0,
    "maxResTime" : 90014.0,
    "pct1ResTime" : 12139.900000000001,
    "pct2ResTime" : 13259.95,
    "pct3ResTime" : 18439.800000000032,
    "throughput" : 25.987480516172614,
    "receivedKBytesPerSec" : 749.0022865811455,
    "sentKBytesPerSec" : 6.630856590205622
  },
  "WIFSOpmetNamCarAllDataVarOneMinuteIWXXM" : {
    "transaction" : "WIFSOpmetNamCarAllDataVarOneMinuteIWXXM",
    "sampleCount" : 602,
    "errorCount" : 1,
    "errorPct" : 0.16611296,
    "meanResTime" : 7053.9867109634515,
    "medianResTime" : 6384.5,
    "minResTime" : 72.0,
    "maxResTime" : 90004.0,
    "pct1ResTime" : 12965.6,
    "pct2ResTime" : 14552.600000000002,
    "pct3ResTime" : 19678.170000000027,
    "throughput" : 0.16698320431892905,
    "receivedKBytesPerSec" : 2.9779921094888344,
    "sentKBytesPerSec" : 0.04843165203390813
  },
  "WIFSGriddedHighResItemGlobal" : {
    "transaction" : "WIFSGriddedHighResItemGlobal",
    "sampleCount" : 28938,
    "errorCount" : 23,
    "errorPct" : 0.07948027,
    "meanResTime" : 6896.111203262168,
    "medianResTime" : 6410.5,
    "minResTime" : 54.0,
    "maxResTime" : 90011.0,
    "pct1ResTime" : 12777.0,
    "pct2ResTime" : 13753.0,
    "pct3ResTime" : 16811.87000000002,
    "throughput" : 8.012801431881913,
    "receivedKBytesPerSec" : 457.45855894618495,
    "sentKBytesPerSec" : 2.0266753621654443
  },
  "WIFSGriddedHighResItemSector" : {
    "transaction" : "WIFSGriddedHighResItemSector",
    "sampleCount" : 28883,
    "errorCount" : 21,
    "errorPct" : 0.07270713,
    "meanResTime" : 7265.767337188016,
    "medianResTime" : 6917.5,
    "minResTime" : 53.0,
    "maxResTime" : 90009.0,
    "pct1ResTime" : 13090.900000000001,
    "pct2ResTime" : 14119.0,
    "pct3ResTime" : 17278.0,
    "throughput" : 7.9984470002846795,